ISO-10303-21;
HEADER;
FILE_DESCRIPTION(('KiCad electronic assembly'),'2;1');
FILE_NAME('right_cut.step','2026-08-13T22:53:01',('Pcbnew'),('Kicad'),
  'Open CASCADE STEP processor 7.9','KiCad to STEP converter','Unknown'
  );
FILE_SCHEMA(('AUTOMOTIVE_DESIGN { 1 0 10303 214 1 1 1 1 }'));
ENDSEC;
DATA;
#1 = APPLICATION_PROTOCOL_DEFINITION('international standard',
  'automotive_design',2000,#2);
#2 = APPLICATION_CONTEXT(
  'core data for automotive mechanical design processes');
#3 = SHAPE_DEFINITION_REPRESENTATION(#4,#10);
#4 = PRODUCT_DEFINITION_SHAPE('','',#5);
#5 = PRODUCT_DEFINITION('design','',#6,#9);
#6 = PRODUCT_DEFINITION_FORMATION('','',#7);
#7 = PRODUCT('right_cut 1','right_cut 1','',(#8));
#8 = PRODUCT_CONTEXT('',#2,'mechanical');
#9 = PRODUCT_DEFINITION_CONTEXT('part definition',#2,'design');
#10 = SHAPE_REPRESENTATION('',(#11,#15),#19);
#11 = AXIS2_PLACEMENT_3D('',#12,#13,#14);
#12 = CARTESIAN_POINT('',(0.,0.,0.));
#13 = DIRECTION('',(0.,0.,1.));
#14 = DIRECTION('',(1.,0.,-0.));
#15 = AXIS2_PLACEMENT_3D('',#16,#17,#18);
#16 = CARTESIAN_POINT('',(0.,0.,0.));
#17 = DIRECTION('',(0.,0.,1.));
#18 = DIRECTION('',(1.,0.,-0.));
#19 = ( GEOMETRIC_REPRESENTATION_CONTEXT(3) 
GLOBAL_UNCERTAINTY_ASSIGNED_CONTEXT((#23)) GLOBAL_UNIT_ASSIGNED_CONTEXT(
(#20,#21,#22)) REPRESENTATION_CONTEXT('Context #1',
  '3D Context with UNIT and UNCERTAINTY') );
#20 = ( LENGTH_UNIT() NAMED_UNIT(*) SI_UNIT(.MILLI.,.METRE.) );
#21 = ( NAMED_UNIT(*) PLANE_ANGLE_UNIT() SI_UNIT($,.RADIAN.) );
#22 = ( NAMED_UNIT(*) SI_UNIT($,.STERADIAN.) SOLID_ANGLE_UNIT() );
#23 = UNCERTAINTY_MEASURE_WITH_UNIT(LENGTH_MEASURE(1.E-07),#20,
  'distance_accuracy_value','confusion accuracy');
#24 = PRODUCT_RELATED_PRODUCT_CATEGORY('part',$,(#7));
#25 = SHAPE_DEFINITION_REPRESENTATION(#26,#32);
#26 = PRODUCT_DEFINITION_SHAPE('','',#27);
#27 = PRODUCT_DEFINITION('design','',#28,#31);
#28 = PRODUCT_DEFINITION_FORMATION('','',#29);
#29 = PRODUCT('rigBB2_PCB','rigBB2_PCB','',(#30));
#30 = PRODUCT_CONTEXT('',#2,'mechanical');
#31 = PRODUCT_DEFINITION_CONTEXT('part definition',#2,'design');
#32 = ADVANCED_BREP_SHAPE_REPRESENTATION('',(#11,#33),#3817);
#33 = MANIFOLD_SOLID_BREP('',#34);
#34 = CLOSED_SHELL('',(#35,#77,#108,#141,#172,#205,#236,#269,#300,#333,
    #364,#397,#430,#461,#494,#525,#558,#589,#622,#653,#686,#717,#750,
    #781,#814,#845,#878,#909,#942,#973,#1006,#1037,#1070,#1101,#1134,
    #1165,#1198,#1220,#1260,#1291,#1322,#1344,#1384,#1415,#1446,#1468,
    #1508,#1539,#1570,#1592,#1625,#1665,#1696,#1727,#1749,#1789,#1820,
    #1851,#1873,#1913,#1944,#1975,#1997,#2030,#2070,#2101,#2132,#2154,
    #2194,#2225,#2256,#2278,#2318,#2349,#2380,#2402,#2442,#2473,#2504,
    #2526,#2566,#2597,#2628,#2650,#2683,#2723,#2754,#2785,#2807,#2847,
    #2878,#2909,#2931,#2964,#2997,#3037,#3068,#3099,#3121,#3161,#3192,
    #3223,#3245,#3285,#3316,#3347,#3369,#3409,#3440,#3471,#3493,#3655));
#35 = ADVANCED_FACE('',(#36),#72,.T.);
#36 = FACE_BOUND('',#37,.T.);
#37 = EDGE_LOOP('',(#38,#48,#57,#65));
#38 = ORIENTED_EDGE('',*,*,#39,.T.);
#39 = EDGE_CURVE('',#40,#42,#44,.T.);
#40 = VERTEX_POINT('',#41);
#41 = CARTESIAN_POINT('',(159.792893,-54.292893,0.));
#42 = VERTEX_POINT('',#43);
#43 = CARTESIAN_POINT('',(159.792893,-54.292893,1.51));
#44 = LINE('',#45,#46);
#45 = CARTESIAN_POINT('',(159.792893,-54.292893,0.));
#46 = VECTOR('',#47,1.);
#47 = DIRECTION('',(0.,0.,1.));
#48 = ORIENTED_EDGE('',*,*,#49,.T.);
#49 = EDGE_CURVE('',#42,#50,#52,.T.);
#50 = VERTEX_POINT('',#51);
#51 = CARTESIAN_POINT('',(160.792893,-55.292893,1.51));
#52 = CIRCLE('',#53,0.999999252925);
#53 = AXIS2_PLACEMENT_3D('',#54,#55,#56);
#54 = CARTESIAN_POINT('',(159.79289374707,-55.29289225292,1.51));
#55 = DIRECTION('',(0.,0.,-1.));
#56 = DIRECTION('',(-7.470757633756E-07,1.,0.));
#57 = ORIENTED_EDGE('',*,*,#58,.F.);
#58 = EDGE_CURVE('',#59,#50,#61,.T.);
#59 = VERTEX_POINT('',#60);
#60 = CARTESIAN_POINT('',(160.792893,-55.292893,0.));
#61 = LINE('',#62,#63);
#62 = CARTESIAN_POINT('',(160.792893,-55.292893,0.));
#63 = VECTOR('',#64,1.);
#64 = DIRECTION('',(0.,0.,1.));
#65 = ORIENTED_EDGE('',*,*,#66,.F.);
#66 = EDGE_CURVE('',#40,#59,#67,.T.);
#67 = CIRCLE('',#68,0.999999252925);
#68 = AXIS2_PLACEMENT_3D('',#69,#70,#71);
#69 = CARTESIAN_POINT('',(159.79289374707,-55.29289225292,0.));
#70 = DIRECTION('',(0.,0.,-1.));
#71 = DIRECTION('',(-7.470757633756E-07,1.,0.));
#72 = CYLINDRICAL_SURFACE('',#73,0.999999252925);
#73 = AXIS2_PLACEMENT_3D('',#74,#75,#76);
#74 = CARTESIAN_POINT('',(159.79289374707,-55.29289225292,0.));
#75 = DIRECTION('',(0.,0.,-1.));
#76 = DIRECTION('',(-7.470757633756E-07,1.,0.));
#77 = ADVANCED_FACE('',(#78),#103,.T.);
#78 = FACE_BOUND('',#79,.T.);
#79 = EDGE_LOOP('',(#80,#81,#89,#97));
#80 = ORIENTED_EDGE('',*,*,#58,.T.);
#81 = ORIENTED_EDGE('',*,*,#82,.T.);
#82 = EDGE_CURVE('',#50,#83,#85,.T.);
#83 = VERTEX_POINT('',#84);
#84 = CARTESIAN_POINT('',(160.792893,-58.092893,1.51));
#85 = LINE('',#86,#87);
#86 = CARTESIAN_POINT('',(160.792893,-55.292893,1.51));
#87 = VECTOR('',#88,1.);
#88 = DIRECTION('',(0.,-1.,0.));
#89 = ORIENTED_EDGE('',*,*,#90,.F.);
#90 = EDGE_CURVE('',#91,#83,#93,.T.);
#91 = VERTEX_POINT('',#92);
#92 = CARTESIAN_POINT('',(160.792893,-58.092893,0.));
#93 = LINE('',#94,#95);
#94 = CARTESIAN_POINT('',(160.792893,-58.092893,0.));
#95 = VECTOR('',#96,1.);
#96 = DIRECTION('',(0.,0.,1.));
#97 = ORIENTED_EDGE('',*,*,#98,.F.);
#98 = EDGE_CURVE('',#59,#91,#99,.T.);
#99 = LINE('',#100,#101);
#100 = CARTESIAN_POINT('',(160.792893,-55.292893,0.));
#101 = VECTOR('',#102,1.);
#102 = DIRECTION('',(0.,-1.,0.));
#103 = PLANE('',#104);
#104 = AXIS2_PLACEMENT_3D('',#105,#106,#107);
#105 = CARTESIAN_POINT('',(160.792893,-55.292893,0.));
#106 = DIRECTION('',(1.,0.,-0.));
#107 = DIRECTION('',(0.,-1.,0.));
#108 = ADVANCED_FACE('',(#109),#136,.F.);
#109 = FACE_BOUND('',#110,.T.);
#110 = EDGE_LOOP('',(#111,#112,#121,#129));
#111 = ORIENTED_EDGE('',*,*,#90,.T.);
#112 = ORIENTED_EDGE('',*,*,#113,.T.);
#113 = EDGE_CURVE('',#83,#114,#116,.T.);
#114 = VERTEX_POINT('',#115);
#115 = CARTESIAN_POINT('',(161.792893,-59.092893,1.51));
#116 = CIRCLE('',#117,0.999999252925);
#117 = AXIS2_PLACEMENT_3D('',#118,#119,#120);
#118 = CARTESIAN_POINT('',(161.79289225292,-58.09289374707,1.51));
#119 = DIRECTION('',(0.,0.,1.));
#120 = DIRECTION('',(-1.,7.470757065321E-07,0.));
#121 = ORIENTED_EDGE('',*,*,#122,.F.);
#122 = EDGE_CURVE('',#123,#114,#125,.T.);
#123 = VERTEX_POINT('',#124);
#124 = CARTESIAN_POINT('',(161.792893,-59.092893,0.));
#125 = LINE('',#126,#127);
#126 = CARTESIAN_POINT('',(161.792893,-59.092893,0.));
#127 = VECTOR('',#128,1.);
#128 = DIRECTION('',(0.,0.,1.));
#129 = ORIENTED_EDGE('',*,*,#130,.F.);
#130 = EDGE_CURVE('',#91,#123,#131,.T.);
#131 = CIRCLE('',#132,0.999999252925);
#132 = AXIS2_PLACEMENT_3D('',#133,#134,#135);
#133 = CARTESIAN_POINT('',(161.79289225292,-58.09289374707,0.));
#134 = DIRECTION('',(0.,0.,1.));
#135 = DIRECTION('',(-1.,7.470757065321E-07,0.));
#136 = CYLINDRICAL_SURFACE('',#137,0.999999252925);
#137 = AXIS2_PLACEMENT_3D('',#138,#139,#140);
#138 = CARTESIAN_POINT('',(161.79289225292,-58.09289374707,0.));
#139 = DIRECTION('',(-0.,-0.,-1.));
#140 = DIRECTION('',(-1.,7.470757065321E-07,0.));
#141 = ADVANCED_FACE('',(#142),#167,.T.);
#142 = FACE_BOUND('',#143,.T.);
#143 = EDGE_LOOP('',(#144,#145,#153,#161));
#144 = ORIENTED_EDGE('',*,*,#122,.T.);
#145 = ORIENTED_EDGE('',*,*,#146,.T.);
#146 = EDGE_CURVE('',#114,#147,#149,.T.);
#147 = VERTEX_POINT('',#148);
#148 = CARTESIAN_POINT('',(179.493443,-59.092893,1.51));
#149 = LINE('',#150,#151);
#150 = CARTESIAN_POINT('',(161.792893,-59.092893,1.51));
#151 = VECTOR('',#152,1.);
#152 = DIRECTION('',(1.,0.,0.));
#153 = ORIENTED_EDGE('',*,*,#154,.F.);
#154 = EDGE_CURVE('',#155,#147,#157,.T.);
#155 = VERTEX_POINT('',#156);
#156 = CARTESIAN_POINT('',(179.493443,-59.092893,0.));
#157 = LINE('',#158,#159);
#158 = CARTESIAN_POINT('',(179.493443,-59.092893,0.));
#159 = VECTOR('',#160,1.);
#160 = DIRECTION('',(0.,0.,1.));
#161 = ORIENTED_EDGE('',*,*,#162,.F.);
#162 = EDGE_CURVE('',#123,#155,#163,.T.);
#163 = LINE('',#164,#165);
#164 = CARTESIAN_POINT('',(161.792893,-59.092893,0.));
#165 = VECTOR('',#166,1.);
#166 = DIRECTION('',(1.,0.,0.));
#167 = PLANE('',#168);
#168 = AXIS2_PLACEMENT_3D('',#169,#170,#171);
#169 = CARTESIAN_POINT('',(161.792893,-59.092893,0.));
#170 = DIRECTION('',(0.,1.,0.));
#171 = DIRECTION('',(1.,0.,0.));
#172 = ADVANCED_FACE('',(#173),#200,.T.);
#173 = FACE_BOUND('',#174,.T.);
#174 = EDGE_LOOP('',(#175,#176,#185,#193));
#175 = ORIENTED_EDGE('',*,*,#154,.T.);
#176 = ORIENTED_EDGE('',*,*,#177,.T.);
#177 = EDGE_CURVE('',#147,#178,#180,.T.);
#178 = VERTEX_POINT('',#179);
#179 = CARTESIAN_POINT('',(180.043059,-59.257476,1.51));
#180 = CIRCLE('',#181,0.999996301817);
#181 = AXIS2_PLACEMENT_3D('',#182,#183,#184);
#182 = CARTESIAN_POINT('',(179.49344348093,-60.09288930181,1.51));
#183 = DIRECTION('',(0.,0.,-1.));
#184 = DIRECTION('',(-4.809385125916E-07,1.,0.));
#185 = ORIENTED_EDGE('',*,*,#186,.F.);
#186 = EDGE_CURVE('',#187,#178,#189,.T.);
#187 = VERTEX_POINT('',#188);
#188 = CARTESIAN_POINT('',(180.043059,-59.257476,0.));
#189 = LINE('',#190,#191);
#190 = CARTESIAN_POINT('',(180.043059,-59.257476,0.));
#191 = VECTOR('',#192,1.);
#192 = DIRECTION('',(0.,0.,1.));
#193 = ORIENTED_EDGE('',*,*,#194,.F.);
#194 = EDGE_CURVE('',#155,#187,#195,.T.);
#195 = CIRCLE('',#196,0.999996301817);
#196 = AXIS2_PLACEMENT_3D('',#197,#198,#199);
#197 = CARTESIAN_POINT('',(179.49344348093,-60.09288930181,0.));
#198 = DIRECTION('',(0.,0.,-1.));
#199 = DIRECTION('',(-4.809385125916E-07,1.,0.));
#200 = CYLINDRICAL_SURFACE('',#201,0.999996301817);
#201 = AXIS2_PLACEMENT_3D('',#202,#203,#204);
#202 = CARTESIAN_POINT('',(179.49344348093,-60.09288930181,0.));
#203 = DIRECTION('',(0.,0.,-1.));
#204 = DIRECTION('',(-4.809385125916E-07,1.,0.));
#205 = ADVANCED_FACE('',(#206),#231,.T.);
#206 = FACE_BOUND('',#207,.T.);
#207 = EDGE_LOOP('',(#208,#209,#217,#225));
#208 = ORIENTED_EDGE('',*,*,#186,.T.);
#209 = ORIENTED_EDGE('',*,*,#210,.T.);
#210 = EDGE_CURVE('',#178,#211,#213,.T.);
#211 = VERTEX_POINT('',#212);
#212 = CARTESIAN_POINT('',(198.342509,-71.296588,1.51));
#213 = LINE('',#214,#215);
#214 = CARTESIAN_POINT('',(180.043059,-59.257476,1.51));
#215 = VECTOR('',#216,1.);
#216 = DIRECTION('',(0.835417078934,-0.549616506507,0.));
#217 = ORIENTED_EDGE('',*,*,#218,.F.);
#218 = EDGE_CURVE('',#219,#211,#221,.T.);
#219 = VERTEX_POINT('',#220);
#220 = CARTESIAN_POINT('',(198.342509,-71.296588,0.));
#221 = LINE('',#222,#223);
#222 = CARTESIAN_POINT('',(198.342509,-71.296588,0.));
#223 = VECTOR('',#224,1.);
#224 = DIRECTION('',(0.,0.,1.));
#225 = ORIENTED_EDGE('',*,*,#226,.F.);
#226 = EDGE_CURVE('',#187,#219,#227,.T.);
#227 = LINE('',#228,#229);
#228 = CARTESIAN_POINT('',(180.043059,-59.257476,0.));
#229 = VECTOR('',#230,1.);
#230 = DIRECTION('',(0.835417078934,-0.549616506507,0.));
#231 = PLANE('',#232);
#232 = AXIS2_PLACEMENT_3D('',#233,#234,#235);
#233 = CARTESIAN_POINT('',(180.043059,-59.257476,0.));
#234 = DIRECTION('',(0.549616506507,0.835417078934,-0.));
#235 = DIRECTION('',(0.835417078934,-0.549616506507,0.));
#236 = ADVANCED_FACE('',(#237),#264,.T.);
#237 = FACE_BOUND('',#238,.T.);
#238 = EDGE_LOOP('',(#239,#240,#249,#257));
#239 = ORIENTED_EDGE('',*,*,#218,.T.);
#240 = ORIENTED_EDGE('',*,*,#241,.T.);
#241 = EDGE_CURVE('',#211,#242,#244,.T.);
#242 = VERTEX_POINT('',#243);
#243 = CARTESIAN_POINT('',(198.792893,-72.132005,1.51));
#244 = CIRCLE('',#245,1.000032994788);
#245 = AXIS2_PLACEMENT_3D('',#246,#247,#248);
#246 = CARTESIAN_POINT('',(197.79286000537,-72.13202319998,1.51));
#247 = DIRECTION('',(0.,0.,-1.));
#248 = DIRECTION('',(0.549630859669,0.835407635888,0.));
#249 = ORIENTED_EDGE('',*,*,#250,.F.);
#250 = EDGE_CURVE('',#251,#242,#253,.T.);
#251 = VERTEX_POINT('',#252);
#252 = CARTESIAN_POINT('',(198.792893,-72.132005,0.));
#253 = LINE('',#254,#255);
#254 = CARTESIAN_POINT('',(198.792893,-72.132005,0.));
#255 = VECTOR('',#256,1.);
#256 = DIRECTION('',(0.,0.,1.));
#257 = ORIENTED_EDGE('',*,*,#258,.F.);
#258 = EDGE_CURVE('',#219,#251,#259,.T.);
#259 = CIRCLE('',#260,1.000032994788);
#260 = AXIS2_PLACEMENT_3D('',#261,#262,#263);
#261 = CARTESIAN_POINT('',(197.79286000537,-72.13202319998,0.));
#262 = DIRECTION('',(0.,0.,-1.));
#263 = DIRECTION('',(0.549630859669,0.835407635888,0.));
#264 = CYLINDRICAL_SURFACE('',#265,1.000032994788);
#265 = AXIS2_PLACEMENT_3D('',#266,#267,#268);
#266 = CARTESIAN_POINT('',(197.79286000537,-72.13202319998,0.));
#267 = DIRECTION('',(0.,0.,-1.));
#268 = DIRECTION('',(0.549630859669,0.835407635888,0.));
#269 = ADVANCED_FACE('',(#270),#295,.T.);
#270 = FACE_BOUND('',#271,.T.);
#271 = EDGE_LOOP('',(#272,#273,#281,#289));
#272 = ORIENTED_EDGE('',*,*,#250,.T.);
#273 = ORIENTED_EDGE('',*,*,#274,.T.);
#274 = EDGE_CURVE('',#242,#275,#277,.T.);
#275 = VERTEX_POINT('',#276);
#276 = CARTESIAN_POINT('',(198.792893,-129.292893,1.51));
#277 = LINE('',#278,#279);
#278 = CARTESIAN_POINT('',(198.792893,-72.132005,1.51));
#279 = VECTOR('',#280,1.);
#280 = DIRECTION('',(0.,-1.,0.));
#281 = ORIENTED_EDGE('',*,*,#282,.F.);
#282 = EDGE_CURVE('',#283,#275,#285,.T.);
#283 = VERTEX_POINT('',#284);
#284 = CARTESIAN_POINT('',(198.792893,-129.292893,0.));
#285 = LINE('',#286,#287);
#286 = CARTESIAN_POINT('',(198.792893,-129.292893,0.));
#287 = VECTOR('',#288,1.);
#288 = DIRECTION('',(0.,0.,1.));
#289 = ORIENTED_EDGE('',*,*,#290,.F.);
#290 = EDGE_CURVE('',#251,#283,#291,.T.);
#291 = LINE('',#292,#293);
#292 = CARTESIAN_POINT('',(198.792893,-72.132005,0.));
#293 = VECTOR('',#294,1.);
#294 = DIRECTION('',(0.,-1.,0.));
#295 = PLANE('',#296);
#296 = AXIS2_PLACEMENT_3D('',#297,#298,#299);
#297 = CARTESIAN_POINT('',(198.792893,-72.132005,0.));
#298 = DIRECTION('',(1.,0.,-0.));
#299 = DIRECTION('',(0.,-1.,0.));
#300 = ADVANCED_FACE('',(#301),#328,.T.);
#301 = FACE_BOUND('',#302,.T.);
#302 = EDGE_LOOP('',(#303,#304,#313,#321));
#303 = ORIENTED_EDGE('',*,*,#282,.T.);
#304 = ORIENTED_EDGE('',*,*,#305,.T.);
#305 = EDGE_CURVE('',#275,#306,#308,.T.);
#306 = VERTEX_POINT('',#307);
#307 = CARTESIAN_POINT('',(197.792893,-130.292893,1.51));
#308 = CIRCLE('',#309,0.999999252925);
#309 = AXIS2_PLACEMENT_3D('',#310,#311,#312);
#310 = CARTESIAN_POINT('',(197.79289374707,-129.292893747,1.51));
#311 = DIRECTION('',(0.,0.,-1.));
#312 = DIRECTION('',(1.,7.470757633756E-07,0.));
#313 = ORIENTED_EDGE('',*,*,#314,.F.);
#314 = EDGE_CURVE('',#315,#306,#317,.T.);
#315 = VERTEX_POINT('',#316);
#316 = CARTESIAN_POINT('',(197.792893,-130.292893,0.));
#317 = LINE('',#318,#319);
#318 = CARTESIAN_POINT('',(197.792893,-130.292893,0.));
#319 = VECTOR('',#320,1.);
#320 = DIRECTION('',(0.,0.,1.));
#321 = ORIENTED_EDGE('',*,*,#322,.F.);
#322 = EDGE_CURVE('',#283,#315,#323,.T.);
#323 = CIRCLE('',#324,0.999999252925);
#324 = AXIS2_PLACEMENT_3D('',#325,#326,#327);
#325 = CARTESIAN_POINT('',(197.79289374707,-129.292893747,0.));
#326 = DIRECTION('',(0.,0.,-1.));
#327 = DIRECTION('',(1.,7.470757633756E-07,0.));
#328 = CYLINDRICAL_SURFACE('',#329,0.999999252925);
#329 = AXIS2_PLACEMENT_3D('',#330,#331,#332);
#330 = CARTESIAN_POINT('',(197.79289374707,-129.292893747,0.));
#331 = DIRECTION('',(0.,0.,-1.));
#332 = DIRECTION('',(1.,7.470757633756E-07,0.));
#333 = ADVANCED_FACE('',(#334),#359,.T.);
#334 = FACE_BOUND('',#335,.T.);
#335 = EDGE_LOOP('',(#336,#337,#345,#353));
#336 = ORIENTED_EDGE('',*,*,#314,.T.);
#337 = ORIENTED_EDGE('',*,*,#338,.T.);
#338 = EDGE_CURVE('',#306,#339,#341,.T.);
#339 = VERTEX_POINT('',#340);
#340 = CARTESIAN_POINT('',(178.592893,-130.292893,1.51));
#341 = LINE('',#342,#343);
#342 = CARTESIAN_POINT('',(197.792893,-130.292893,1.51));
#343 = VECTOR('',#344,1.);
#344 = DIRECTION('',(-1.,0.,0.));
#345 = ORIENTED_EDGE('',*,*,#346,.F.);
#346 = EDGE_CURVE('',#347,#339,#349,.T.);
#347 = VERTEX_POINT('',#348);
#348 = CARTESIAN_POINT('',(178.592893,-130.292893,0.));
#349 = LINE('',#350,#351);
#350 = CARTESIAN_POINT('',(178.592893,-130.292893,0.));
#351 = VECTOR('',#352,1.);
#352 = DIRECTION('',(0.,0.,1.));
#353 = ORIENTED_EDGE('',*,*,#354,.F.);
#354 = EDGE_CURVE('',#315,#347,#355,.T.);
#355 = LINE('',#356,#357);
#356 = CARTESIAN_POINT('',(197.792893,-130.292893,0.));
#357 = VECTOR('',#358,1.);
#358 = DIRECTION('',(-1.,0.,0.));
#359 = PLANE('',#360);
#360 = AXIS2_PLACEMENT_3D('',#361,#362,#363);
#361 = CARTESIAN_POINT('',(197.792893,-130.292893,0.));
#362 = DIRECTION('',(0.,-1.,0.));
#363 = DIRECTION('',(-1.,0.,0.));
#364 = ADVANCED_FACE('',(#365),#392,.T.);
#365 = FACE_BOUND('',#366,.T.);
#366 = EDGE_LOOP('',(#367,#368,#377,#385));
#367 = ORIENTED_EDGE('',*,*,#346,.T.);
#368 = ORIENTED_EDGE('',*,*,#369,.T.);
#369 = EDGE_CURVE('',#339,#370,#372,.T.);
#370 = VERTEX_POINT('',#371);
#371 = CARTESIAN_POINT('',(178.292893,-129.992893,1.51));
#372 = CIRCLE('',#373,0.300000117299);
#373 = AXIS2_PLACEMENT_3D('',#374,#375,#376);
#374 = CARTESIAN_POINT('',(178.59289311729,-129.9928928827,1.51));
#375 = DIRECTION('',(0.,0.,-1.));
#376 = DIRECTION('',(-3.90995314237E-07,-1.,-0.));
#377 = ORIENTED_EDGE('',*,*,#378,.F.);
#378 = EDGE_CURVE('',#379,#370,#381,.T.);
#379 = VERTEX_POINT('',#380);
#380 = CARTESIAN_POINT('',(178.292893,-129.992893,0.));
#381 = LINE('',#382,#383);
#382 = CARTESIAN_POINT('',(178.292893,-129.992893,0.));
#383 = VECTOR('',#384,1.);
#384 = DIRECTION('',(0.,0.,1.));
#385 = ORIENTED_EDGE('',*,*,#386,.F.);
#386 = EDGE_CURVE('',#347,#379,#387,.T.);
#387 = CIRCLE('',#388,0.300000117299);
#388 = AXIS2_PLACEMENT_3D('',#389,#390,#391);
#389 = CARTESIAN_POINT('',(178.59289311729,-129.9928928827,0.));
#390 = DIRECTION('',(0.,0.,-1.));
#391 = DIRECTION('',(-3.90995314237E-07,-1.,-0.));
#392 = CYLINDRICAL_SURFACE('',#393,0.300000117299);
#393 = AXIS2_PLACEMENT_3D('',#394,#395,#396);
#394 = CARTESIAN_POINT('',(178.59289311729,-129.9928928827,0.));
#395 = DIRECTION('',(0.,0.,-1.));
#396 = DIRECTION('',(-3.90995314237E-07,-1.,-0.));
#397 = ADVANCED_FACE('',(#398),#425,.F.);
#398 = FACE_BOUND('',#399,.T.);
#399 = EDGE_LOOP('',(#400,#401,#410,#418));
#400 = ORIENTED_EDGE('',*,*,#378,.T.);
#401 = ORIENTED_EDGE('',*,*,#402,.T.);
#402 = EDGE_CURVE('',#370,#403,#405,.T.);
#403 = VERTEX_POINT('',#404);
#404 = CARTESIAN_POINT('',(177.292893,-128.992893,1.51));
#405 = CIRCLE('',#406,0.999999252925);
#406 = AXIS2_PLACEMENT_3D('',#407,#408,#409);
#407 = CARTESIAN_POINT('',(177.29289374707,-129.9928922529,1.51));
#408 = DIRECTION('',(0.,0.,1.));
#409 = DIRECTION('',(1.,-7.470757633756E-07,0.));
#410 = ORIENTED_EDGE('',*,*,#411,.F.);
#411 = EDGE_CURVE('',#412,#403,#414,.T.);
#412 = VERTEX_POINT('',#413);
#413 = CARTESIAN_POINT('',(177.292893,-128.992893,0.));
#414 = LINE('',#415,#416);
#415 = CARTESIAN_POINT('',(177.292893,-128.992893,0.));
#416 = VECTOR('',#417,1.);
#417 = DIRECTION('',(0.,0.,1.));
#418 = ORIENTED_EDGE('',*,*,#419,.F.);
#419 = EDGE_CURVE('',#379,#412,#420,.T.);
#420 = CIRCLE('',#421,0.999999252925);
#421 = AXIS2_PLACEMENT_3D('',#422,#423,#424);
#422 = CARTESIAN_POINT('',(177.29289374707,-129.9928922529,0.));
#423 = DIRECTION('',(0.,0.,1.));
#424 = DIRECTION('',(1.,-7.470757633756E-07,0.));
#425 = CYLINDRICAL_SURFACE('',#426,0.999999252925);
#426 = AXIS2_PLACEMENT_3D('',#427,#428,#429);
#427 = CARTESIAN_POINT('',(177.29289374707,-129.9928922529,0.));
#428 = DIRECTION('',(-0.,-0.,-1.));
#429 = DIRECTION('',(1.,-7.470757633756E-07,0.));
#430 = ADVANCED_FACE('',(#431),#456,.T.);
#431 = FACE_BOUND('',#432,.T.);
#432 = EDGE_LOOP('',(#433,#434,#442,#450));
#433 = ORIENTED_EDGE('',*,*,#411,.T.);
#434 = ORIENTED_EDGE('',*,*,#435,.T.);
#435 = EDGE_CURVE('',#403,#436,#438,.T.);
#436 = VERTEX_POINT('',#437);
#437 = CARTESIAN_POINT('',(134.359083,-128.992893,1.51));
#438 = LINE('',#439,#440);
#439 = CARTESIAN_POINT('',(177.292893,-128.992893,1.51));
#440 = VECTOR('',#441,1.);
#441 = DIRECTION('',(-1.,0.,0.));
#442 = ORIENTED_EDGE('',*,*,#443,.F.);
#443 = EDGE_CURVE('',#444,#436,#446,.T.);
#444 = VERTEX_POINT('',#445);
#445 = CARTESIAN_POINT('',(134.359083,-128.992893,0.));
#446 = LINE('',#447,#448);
#447 = CARTESIAN_POINT('',(134.359083,-128.992893,0.));
#448 = VECTOR('',#449,1.);
#449 = DIRECTION('',(0.,0.,1.));
#450 = ORIENTED_EDGE('',*,*,#451,.F.);
#451 = EDGE_CURVE('',#412,#444,#452,.T.);
#452 = LINE('',#453,#454);
#453 = CARTESIAN_POINT('',(177.292893,-128.992893,0.));
#454 = VECTOR('',#455,1.);
#455 = DIRECTION('',(-1.,0.,0.));
#456 = PLANE('',#457);
#457 = AXIS2_PLACEMENT_3D('',#458,#459,#460);
#458 = CARTESIAN_POINT('',(177.292893,-128.992893,0.));
#459 = DIRECTION('',(0.,-1.,0.));
#460 = DIRECTION('',(-1.,0.,0.));
#461 = ADVANCED_FACE('',(#462),#489,.F.);
#462 = FACE_BOUND('',#463,.T.);
#463 = EDGE_LOOP('',(#464,#465,#474,#482));
#464 = ORIENTED_EDGE('',*,*,#443,.T.);
#465 = ORIENTED_EDGE('',*,*,#466,.T.);
#466 = EDGE_CURVE('',#436,#467,#469,.T.);
#467 = VERTEX_POINT('',#468);
#468 = CARTESIAN_POINT('',(133.50159,-129.478397,1.51));
#469 = CIRCLE('',#470,0.999999574965);
#470 = AXIS2_PLACEMENT_3D('',#471,#472,#473);
#471 = CARTESIAN_POINT('',(134.35908253831,-129.9928925749,1.51));
#472 = DIRECTION('',(0.,0.,1.));
#473 = DIRECTION('',(4.616817905191E-07,1.,-0.));
#474 = ORIENTED_EDGE('',*,*,#475,.F.);
#475 = EDGE_CURVE('',#476,#467,#478,.T.);
#476 = VERTEX_POINT('',#477);
#477 = CARTESIAN_POINT('',(133.50159,-129.478397,0.));
#478 = LINE('',#479,#480);
#479 = CARTESIAN_POINT('',(133.50159,-129.478397,0.));
#480 = VECTOR('',#481,1.);
#481 = DIRECTION('',(0.,0.,1.));
#482 = ORIENTED_EDGE('',*,*,#483,.F.);
#483 = EDGE_CURVE('',#444,#476,#484,.T.);
#484 = CIRCLE('',#485,0.999999574965);
#485 = AXIS2_PLACEMENT_3D('',#486,#487,#488);
#486 = CARTESIAN_POINT('',(134.35908253831,-129.9928925749,0.));
#487 = DIRECTION('',(0.,0.,1.));
#488 = DIRECTION('',(4.616817905191E-07,1.,-0.));
#489 = CYLINDRICAL_SURFACE('',#490,0.999999574965);
#490 = AXIS2_PLACEMENT_3D('',#491,#492,#493);
#491 = CARTESIAN_POINT('',(134.35908253831,-129.9928925749,0.));
#492 = DIRECTION('',(-0.,-0.,-1.));
#493 = DIRECTION('',(4.616817905191E-07,1.,-0.));
#494 = ADVANCED_FACE('',(#495),#520,.T.);
#495 = FACE_BOUND('',#496,.T.);
#496 = EDGE_LOOP('',(#497,#498,#506,#514));
#497 = ORIENTED_EDGE('',*,*,#475,.T.);
#498 = ORIENTED_EDGE('',*,*,#499,.T.);
#499 = EDGE_CURVE('',#467,#500,#502,.T.);
#500 = VERTEX_POINT('',#501);
#501 = CARTESIAN_POINT('',(127.426485,-139.603573,1.51));
#502 = LINE('',#503,#504);
#503 = CARTESIAN_POINT('',(133.50159,-129.478397,1.51));
#504 = VECTOR('',#505,1.);
#505 = DIRECTION('',(-0.514495718065,-0.85749294813,0.));
#506 = ORIENTED_EDGE('',*,*,#507,.F.);
#507 = EDGE_CURVE('',#508,#500,#510,.T.);
#508 = VERTEX_POINT('',#509);
#509 = CARTESIAN_POINT('',(127.426485,-139.603573,0.));
#510 = LINE('',#511,#512);
#511 = CARTESIAN_POINT('',(127.426485,-139.603573,0.));
#512 = VECTOR('',#513,1.);
#513 = DIRECTION('',(0.,0.,1.));
#514 = ORIENTED_EDGE('',*,*,#515,.F.);
#515 = EDGE_CURVE('',#476,#508,#516,.T.);
#516 = LINE('',#517,#518);
#517 = CARTESIAN_POINT('',(133.50159,-129.478397,0.));
#518 = VECTOR('',#519,1.);
#519 = DIRECTION('',(-0.514495718065,-0.85749294813,0.));
#520 = PLANE('',#521);
#521 = AXIS2_PLACEMENT_3D('',#522,#523,#524);
#522 = CARTESIAN_POINT('',(133.50159,-129.478397,0.));
#523 = DIRECTION('',(0.85749294813,-0.514495718065,0.));
#524 = DIRECTION('',(-0.514495718065,-0.85749294813,0.));
#525 = ADVANCED_FACE('',(#526),#553,.T.);
#526 = FACE_BOUND('',#527,.T.);
#527 = EDGE_LOOP('',(#528,#529,#538,#546));
#528 = ORIENTED_EDGE('',*,*,#507,.T.);
#529 = ORIENTED_EDGE('',*,*,#530,.T.);
#530 = EDGE_CURVE('',#500,#531,#533,.T.);
#531 = VERTEX_POINT('',#532);
#532 = CARTESIAN_POINT('',(126.746044,-140.073279,1.51));
#533 = CIRCLE('',#534,1.000007456937);
#534 = AXIS2_PLACEMENT_3D('',#535,#536,#537);
#535 = CARTESIAN_POINT('',(126.56898725795,-139.0890707781,1.51));
#536 = DIRECTION('',(0.,0.,-1.));
#537 = DIRECTION('',(0.857491347781,-0.514498385304,0.));
#538 = ORIENTED_EDGE('',*,*,#539,.F.);
#539 = EDGE_CURVE('',#540,#531,#542,.T.);
#540 = VERTEX_POINT('',#541);
#541 = CARTESIAN_POINT('',(126.746044,-140.073279,0.));
#542 = LINE('',#543,#544);
#543 = CARTESIAN_POINT('',(126.746044,-140.073279,0.));
#544 = VECTOR('',#545,1.);
#545 = DIRECTION('',(0.,0.,1.));
#546 = ORIENTED_EDGE('',*,*,#547,.F.);
#547 = EDGE_CURVE('',#508,#540,#548,.T.);
#548 = CIRCLE('',#549,1.000007456937);
#549 = AXIS2_PLACEMENT_3D('',#550,#551,#552);
#550 = CARTESIAN_POINT('',(126.56898725795,-139.0890707781,0.));
#551 = DIRECTION('',(0.,0.,-1.));
#552 = DIRECTION('',(0.857491347781,-0.514498385304,0.));
#553 = CYLINDRICAL_SURFACE('',#554,1.000007456937);
#554 = AXIS2_PLACEMENT_3D('',#555,#556,#557);
#555 = CARTESIAN_POINT('',(126.56898725795,-139.0890707781,0.));
#556 = DIRECTION('',(0.,0.,-1.));
#557 = DIRECTION('',(0.857491347781,-0.514498385304,0.));
#558 = ADVANCED_FACE('',(#559),#584,.T.);
#559 = FACE_BOUND('',#560,.T.);
#560 = EDGE_LOOP('',(#561,#562,#570,#578));
#561 = ORIENTED_EDGE('',*,*,#539,.T.);
#562 = ORIENTED_EDGE('',*,*,#563,.T.);
#563 = EDGE_CURVE('',#531,#564,#566,.T.);
#564 = VERTEX_POINT('',#565);
#565 = CARTESIAN_POINT('',(108.430092,-143.368212,1.51));
#566 = LINE('',#567,#568);
#567 = CARTESIAN_POINT('',(126.746044,-140.073279,1.51));
#568 = VECTOR('',#569,1.);
#569 = DIRECTION('',(-0.984201478703,-0.177052109048,0.));
#570 = ORIENTED_EDGE('',*,*,#571,.F.);
#571 = EDGE_CURVE('',#572,#564,#574,.T.);
#572 = VERTEX_POINT('',#573);
#573 = CARTESIAN_POINT('',(108.430092,-143.368212,0.));
#574 = LINE('',#575,#576);
#575 = CARTESIAN_POINT('',(108.430092,-143.368212,0.));
#576 = VECTOR('',#577,1.);
#577 = DIRECTION('',(0.,0.,1.));
#578 = ORIENTED_EDGE('',*,*,#579,.F.);
#579 = EDGE_CURVE('',#540,#572,#580,.T.);
#580 = LINE('',#581,#582);
#581 = CARTESIAN_POINT('',(126.746044,-140.073279,0.));
#582 = VECTOR('',#583,1.);
#583 = DIRECTION('',(-0.984201478703,-0.177052109048,0.));
#584 = PLANE('',#585);
#585 = AXIS2_PLACEMENT_3D('',#586,#587,#588);
#586 = CARTESIAN_POINT('',(126.746044,-140.073279,0.));
#587 = DIRECTION('',(0.177052109048,-0.984201478703,0.));
#588 = DIRECTION('',(-0.984201478703,-0.177052109048,0.));
#589 = ADVANCED_FACE('',(#590),#617,.F.);
#590 = FACE_BOUND('',#591,.T.);
#591 = EDGE_LOOP('',(#592,#593,#602,#610));
#592 = ORIENTED_EDGE('',*,*,#571,.T.);
#593 = ORIENTED_EDGE('',*,*,#594,.T.);
#594 = EDGE_CURVE('',#564,#595,#597,.T.);
#595 = VERTEX_POINT('',#596);
#596 = CARTESIAN_POINT('',(108.167674,-143.454156,1.51));
#597 = CIRCLE('',#598,0.999179570953);
#598 = AXIS2_PLACEMENT_3D('',#599,#600,#601);
#599 = CARTESIAN_POINT('',(108.60688543233,-144.3516264077,1.51));
#600 = DIRECTION('',(0.,0.,1.));
#601 = DIRECTION('',(-0.1769385979,0.98422189194,0.));
#602 = ORIENTED_EDGE('',*,*,#603,.F.);
#603 = EDGE_CURVE('',#604,#595,#606,.T.);
#604 = VERTEX_POINT('',#605);
#605 = CARTESIAN_POINT('',(108.167674,-143.454156,0.));
#606 = LINE('',#607,#608);
#607 = CARTESIAN_POINT('',(108.167674,-143.454156,0.));
#608 = VECTOR('',#609,1.);
#609 = DIRECTION('',(0.,0.,1.));
#610 = ORIENTED_EDGE('',*,*,#611,.F.);
#611 = EDGE_CURVE('',#572,#604,#612,.T.);
#612 = CIRCLE('',#613,0.999179570953);
#613 = AXIS2_PLACEMENT_3D('',#614,#615,#616);
#614 = CARTESIAN_POINT('',(108.60688543233,-144.3516264077,0.));
#615 = DIRECTION('',(0.,0.,1.));
#616 = DIRECTION('',(-0.1769385979,0.98422189194,0.));
#617 = CYLINDRICAL_SURFACE('',#618,0.999179570953);
#618 = AXIS2_PLACEMENT_3D('',#619,#620,#621);
#619 = CARTESIAN_POINT('',(108.60688543233,-144.3516264077,0.));
#620 = DIRECTION('',(-0.,-0.,-1.));
#621 = DIRECTION('',(-0.1769385979,0.98422189194,0.));
#622 = ADVANCED_FACE('',(#623),#648,.T.);
#623 = FACE_BOUND('',#624,.T.);
#624 = EDGE_LOOP('',(#625,#626,#634,#642));
#625 = ORIENTED_EDGE('',*,*,#603,.T.);
#626 = ORIENTED_EDGE('',*,*,#627,.T.);
#627 = EDGE_CURVE('',#595,#628,#630,.T.);
#628 = VERTEX_POINT('',#629);
#629 = CARTESIAN_POINT('',(90.610459,-152.043976,1.51));
#630 = LINE('',#631,#632);
#631 = CARTESIAN_POINT('',(108.167674,-143.454156,1.51));
#632 = VECTOR('',#633,1.);
#633 = DIRECTION('',(-0.898257290978,-0.439469952563,0.));
#634 = ORIENTED_EDGE('',*,*,#635,.F.);
#635 = EDGE_CURVE('',#636,#628,#638,.T.);
#636 = VERTEX_POINT('',#637);
#637 = CARTESIAN_POINT('',(90.610459,-152.043976,0.));
#638 = LINE('',#639,#640);
#639 = CARTESIAN_POINT('',(90.610459,-152.043976,0.));
#640 = VECTOR('',#641,1.);
#641 = DIRECTION('',(0.,0.,1.));
#642 = ORIENTED_EDGE('',*,*,#643,.F.);
#643 = EDGE_CURVE('',#604,#636,#644,.T.);
#644 = LINE('',#645,#646);
#645 = CARTESIAN_POINT('',(108.167674,-143.454156,0.));
#646 = VECTOR('',#647,1.);
#647 = DIRECTION('',(-0.898257290978,-0.439469952563,0.));
#648 = PLANE('',#649);
#649 = AXIS2_PLACEMENT_3D('',#650,#651,#652);
#650 = CARTESIAN_POINT('',(108.167674,-143.454156,0.));
#651 = DIRECTION('',(0.439469952563,-0.898257290978,0.));
#652 = DIRECTION('',(-0.898257290978,-0.439469952563,0.));
#653 = ADVANCED_FACE('',(#654),#681,.T.);
#654 = FACE_BOUND('',#655,.T.);
#655 = EDGE_LOOP('',(#656,#657,#666,#674));
#656 = ORIENTED_EDGE('',*,*,#635,.T.);
#657 = ORIENTED_EDGE('',*,*,#658,.T.);
#658 = EDGE_CURVE('',#628,#659,#661,.T.);
#659 = VERTEX_POINT('',#660);
#660 = CARTESIAN_POINT('',(89.26359,-151.565988,1.51));
#661 = CIRCLE('',#662,1.000010030055);
#662 = AXIS2_PLACEMENT_3D('',#663,#664,#665);
#663 = CARTESIAN_POINT('',(90.170994153507,-151.1457050448,1.51));
#664 = DIRECTION('',(-0.,0.,-1.));
#665 = DIRECTION('',(0.439460438681,-0.898261945556,-0.));
#666 = ORIENTED_EDGE('',*,*,#667,.F.);
#667 = EDGE_CURVE('',#668,#659,#670,.T.);
#668 = VERTEX_POINT('',#669);
#669 = CARTESIAN_POINT('',(89.26359,-151.565988,0.));
#670 = LINE('',#671,#672);
#671 = CARTESIAN_POINT('',(89.26359,-151.565988,0.));
#672 = VECTOR('',#673,1.);
#673 = DIRECTION('',(0.,0.,1.));
#674 = ORIENTED_EDGE('',*,*,#675,.F.);
#675 = EDGE_CURVE('',#636,#668,#676,.T.);
#676 = CIRCLE('',#677,1.000010030055);
#677 = AXIS2_PLACEMENT_3D('',#678,#679,#680);
#678 = CARTESIAN_POINT('',(90.170994153507,-151.1457050448,0.));
#679 = DIRECTION('',(-0.,0.,-1.));
#680 = DIRECTION('',(0.439460438681,-0.898261945556,-0.));
#681 = CYLINDRICAL_SURFACE('',#682,1.000010030055);
#682 = AXIS2_PLACEMENT_3D('',#683,#684,#685);
#683 = CARTESIAN_POINT('',(90.170994153507,-151.1457050448,0.));
#684 = DIRECTION('',(-0.,0.,-1.));
#685 = DIRECTION('',(0.439460438681,-0.898261945556,-0.));
#686 = ADVANCED_FACE('',(#687),#712,.T.);
#687 = FACE_BOUND('',#688,.T.);
#688 = EDGE_LOOP('',(#689,#690,#698,#706));
#689 = ORIENTED_EDGE('',*,*,#667,.T.);
#690 = ORIENTED_EDGE('',*,*,#691,.T.);
#691 = EDGE_CURVE('',#659,#692,#694,.T.);
#692 = VERTEX_POINT('',#693);
#693 = CARTESIAN_POINT('',(81.316373,-134.407224,1.51));
#694 = LINE('',#695,#696);
#695 = CARTESIAN_POINT('',(89.26359,-151.565988,1.51));
#696 = VECTOR('',#697,1.);
#697 = DIRECTION('',(-0.420269223058,0.907399460078,0.));
#698 = ORIENTED_EDGE('',*,*,#699,.F.);
#699 = EDGE_CURVE('',#700,#692,#702,.T.);
#700 = VERTEX_POINT('',#701);
#701 = CARTESIAN_POINT('',(81.316373,-134.407224,0.));
#702 = LINE('',#703,#704);
#703 = CARTESIAN_POINT('',(81.316373,-134.407224,0.));
#704 = VECTOR('',#705,1.);
#705 = DIRECTION('',(0.,0.,1.));
#706 = ORIENTED_EDGE('',*,*,#707,.F.);
#707 = EDGE_CURVE('',#668,#700,#708,.T.);
#708 = LINE('',#709,#710);
#709 = CARTESIAN_POINT('',(89.26359,-151.565988,0.));
#710 = VECTOR('',#711,1.);
#711 = DIRECTION('',(-0.420269223058,0.907399460078,0.));
#712 = PLANE('',#713);
#713 = AXIS2_PLACEMENT_3D('',#714,#715,#716);
#714 = CARTESIAN_POINT('',(89.26359,-151.565988,0.));
#715 = DIRECTION('',(-0.907399460078,-0.420269223058,0.));
#716 = DIRECTION('',(-0.420269223058,0.907399460078,0.));
#717 = ADVANCED_FACE('',(#718),#745,.T.);
#718 = FACE_BOUND('',#719,.T.);
#719 = EDGE_LOOP('',(#720,#721,#730,#738));
#720 = ORIENTED_EDGE('',*,*,#699,.T.);
#721 = ORIENTED_EDGE('',*,*,#722,.T.);
#722 = EDGE_CURVE('',#692,#723,#725,.T.);
#723 = VERTEX_POINT('',#724);
#724 = CARTESIAN_POINT('',(81.810421,-133.076384,1.51));
#725 = CIRCLE('',#726,0.99999793676);
#726 = AXIS2_PLACEMENT_3D('',#727,#728,#729);
#727 = CARTESIAN_POINT('',(82.223770014788,-133.9869544066,1.51));
#728 = DIRECTION('',(0.,0.,-1.));
#729 = DIRECTION('',(-0.907398886969,-0.420270460451,-0.));
#730 = ORIENTED_EDGE('',*,*,#731,.F.);
#731 = EDGE_CURVE('',#732,#723,#734,.T.);
#732 = VERTEX_POINT('',#733);
#733 = CARTESIAN_POINT('',(81.810421,-133.076384,0.));
#734 = LINE('',#735,#736);
#735 = CARTESIAN_POINT('',(81.810421,-133.076384,0.));
#736 = VECTOR('',#737,1.);
#737 = DIRECTION('',(0.,0.,1.));
#738 = ORIENTED_EDGE('',*,*,#739,.F.);
#739 = EDGE_CURVE('',#700,#732,#740,.T.);
#740 = CIRCLE('',#741,0.99999793676);
#741 = AXIS2_PLACEMENT_3D('',#742,#743,#744);
#742 = CARTESIAN_POINT('',(82.223770014788,-133.9869544066,0.));
#743 = DIRECTION('',(0.,0.,-1.));
#744 = DIRECTION('',(-0.907398886969,-0.420270460451,-0.));
#745 = CYLINDRICAL_SURFACE('',#746,0.99999793676);
#746 = AXIS2_PLACEMENT_3D('',#747,#748,#749);
#747 = CARTESIAN_POINT('',(82.223770014788,-133.9869544066,0.));
#748 = DIRECTION('',(0.,0.,-1.));
#749 = DIRECTION('',(-0.907398886969,-0.420270460451,-0.));
#750 = ADVANCED_FACE('',(#751),#776,.T.);
#751 = FACE_BOUND('',#752,.T.);
#752 = EDGE_LOOP('',(#753,#754,#762,#770));
#753 = ORIENTED_EDGE('',*,*,#731,.T.);
#754 = ORIENTED_EDGE('',*,*,#755,.T.);
#755 = EDGE_CURVE('',#723,#756,#758,.T.);
#756 = VERTEX_POINT('',#757);
#757 = CARTESIAN_POINT('',(95.506245,-126.859201,1.51));
#758 = LINE('',#759,#760);
#759 = CARTESIAN_POINT('',(81.810421,-133.076384,1.51));
#760 = VECTOR('',#761,1.);
#761 = DIRECTION('',(0.910571529769,0.413351532202,0.));
#762 = ORIENTED_EDGE('',*,*,#763,.F.);
#763 = EDGE_CURVE('',#764,#756,#766,.T.);
#764 = VERTEX_POINT('',#765);
#765 = CARTESIAN_POINT('',(95.506245,-126.859201,0.));
#766 = LINE('',#767,#768);
#767 = CARTESIAN_POINT('',(95.506245,-126.859201,0.));
#768 = VECTOR('',#769,1.);
#769 = DIRECTION('',(0.,0.,1.));
#770 = ORIENTED_EDGE('',*,*,#771,.F.);
#771 = EDGE_CURVE('',#732,#764,#772,.T.);
#772 = LINE('',#773,#774);
#773 = CARTESIAN_POINT('',(81.810421,-133.076384,0.));
#774 = VECTOR('',#775,1.);
#775 = DIRECTION('',(0.910571529769,0.413351532202,0.));
#776 = PLANE('',#777);
#777 = AXIS2_PLACEMENT_3D('',#778,#779,#780);
#778 = CARTESIAN_POINT('',(81.810421,-133.076384,0.));
#779 = DIRECTION('',(-0.413351532202,0.910571529769,0.));
#780 = DIRECTION('',(0.910571529769,0.413351532202,0.));
#781 = ADVANCED_FACE('',(#782),#809,.F.);
#782 = FACE_BOUND('',#783,.T.);
#783 = EDGE_LOOP('',(#784,#785,#794,#802));
#784 = ORIENTED_EDGE('',*,*,#763,.T.);
#785 = ORIENTED_EDGE('',*,*,#786,.T.);
#786 = EDGE_CURVE('',#756,#787,#789,.T.);
#787 = VERTEX_POINT('',#788);
#788 = CARTESIAN_POINT('',(96.092893,-125.948629,1.51));
#789 = CIRCLE('',#790,1.00010777135);
#790 = AXIS2_PLACEMENT_3D('',#791,#792,#793);
#791 = CARTESIAN_POINT('',(95.092785231013,-125.9485602509,1.51));
#792 = DIRECTION('',(0.,0.,1.));
#793 = DIRECTION('',(0.413415214671,-0.910542618595,0.));
#794 = ORIENTED_EDGE('',*,*,#795,.F.);
#795 = EDGE_CURVE('',#796,#787,#798,.T.);
#796 = VERTEX_POINT('',#797);
#797 = CARTESIAN_POINT('',(96.092893,-125.948629,0.));
#798 = LINE('',#799,#800);
#799 = CARTESIAN_POINT('',(96.092893,-125.948629,0.));
#800 = VECTOR('',#801,1.);
#801 = DIRECTION('',(0.,0.,1.));
#802 = ORIENTED_EDGE('',*,*,#803,.F.);
#803 = EDGE_CURVE('',#764,#796,#804,.T.);
#804 = CIRCLE('',#805,1.00010777135);
#805 = AXIS2_PLACEMENT_3D('',#806,#807,#808);
#806 = CARTESIAN_POINT('',(95.092785231013,-125.9485602509,0.));
#807 = DIRECTION('',(0.,0.,1.));
#808 = DIRECTION('',(0.413415214671,-0.910542618595,0.));
#809 = CYLINDRICAL_SURFACE('',#810,1.00010777135);
#810 = AXIS2_PLACEMENT_3D('',#811,#812,#813);
#811 = CARTESIAN_POINT('',(95.092785231013,-125.9485602509,0.));
#812 = DIRECTION('',(-0.,-0.,-1.));
#813 = DIRECTION('',(0.413415214671,-0.910542618595,0.));
#814 = ADVANCED_FACE('',(#815),#840,.T.);
#815 = FACE_BOUND('',#816,.T.);
#816 = EDGE_LOOP('',(#817,#818,#826,#834));
#817 = ORIENTED_EDGE('',*,*,#795,.T.);
#818 = ORIENTED_EDGE('',*,*,#819,.T.);
#819 = EDGE_CURVE('',#787,#820,#822,.T.);
#820 = VERTEX_POINT('',#821);
#821 = CARTESIAN_POINT('',(96.092893,-67.307107,1.51));
#822 = LINE('',#823,#824);
#823 = CARTESIAN_POINT('',(96.092893,-125.948629,1.51));
#824 = VECTOR('',#825,1.);
#825 = DIRECTION('',(0.,1.,0.));
#826 = ORIENTED_EDGE('',*,*,#827,.F.);
#827 = EDGE_CURVE('',#828,#820,#830,.T.);
#828 = VERTEX_POINT('',#829);
#829 = CARTESIAN_POINT('',(96.092893,-67.307107,0.));
#830 = LINE('',#831,#832);
#831 = CARTESIAN_POINT('',(96.092893,-67.307107,0.));
#832 = VECTOR('',#833,1.);
#833 = DIRECTION('',(0.,0.,1.));
#834 = ORIENTED_EDGE('',*,*,#835,.F.);
#835 = EDGE_CURVE('',#796,#828,#836,.T.);
#836 = LINE('',#837,#838);
#837 = CARTESIAN_POINT('',(96.092893,-125.948629,0.));
#838 = VECTOR('',#839,1.);
#839 = DIRECTION('',(0.,1.,0.));
#840 = PLANE('',#841);
#841 = AXIS2_PLACEMENT_3D('',#842,#843,#844);
#842 = CARTESIAN_POINT('',(96.092893,-125.948629,0.));
#843 = DIRECTION('',(-1.,0.,0.));
#844 = DIRECTION('',(0.,1.,0.));
#845 = ADVANCED_FACE('',(#846),#873,.T.);
#846 = FACE_BOUND('',#847,.T.);
#847 = EDGE_LOOP('',(#848,#849,#858,#866));
#848 = ORIENTED_EDGE('',*,*,#827,.T.);
#849 = ORIENTED_EDGE('',*,*,#850,.T.);
#850 = EDGE_CURVE('',#820,#851,#853,.T.);
#851 = VERTEX_POINT('',#852);
#852 = CARTESIAN_POINT('',(96.385786,-66.6,1.51));
#853 = CIRCLE('',#854,0.999940016115);
#854 = AXIS2_PLACEMENT_3D('',#855,#856,#857);
#855 = CARTESIAN_POINT('',(97.092833015795,-67.30708171612,1.51));
#856 = DIRECTION('',(0.,0.,-1.));
#857 = DIRECTION('',(-0.99999999968,-2.528538840904E-05,-0.));
#858 = ORIENTED_EDGE('',*,*,#859,.F.);
#859 = EDGE_CURVE('',#860,#851,#862,.T.);
#860 = VERTEX_POINT('',#861);
#861 = CARTESIAN_POINT('',(96.385786,-66.6,0.));
#862 = LINE('',#863,#864);
#863 = CARTESIAN_POINT('',(96.385786,-66.6,0.));
#864 = VECTOR('',#865,1.);
#865 = DIRECTION('',(0.,0.,1.));
#866 = ORIENTED_EDGE('',*,*,#867,.F.);
#867 = EDGE_CURVE('',#828,#860,#868,.T.);
#868 = CIRCLE('',#869,0.999940016115);
#869 = AXIS2_PLACEMENT_3D('',#870,#871,#872);
#870 = CARTESIAN_POINT('',(97.092833015795,-67.30708171612,0.));
#871 = DIRECTION('',(0.,0.,-1.));
#872 = DIRECTION('',(-0.99999999968,-2.528538840904E-05,-0.));
#873 = CYLINDRICAL_SURFACE('',#874,0.999940016115);
#874 = AXIS2_PLACEMENT_3D('',#875,#876,#877);
#875 = CARTESIAN_POINT('',(97.092833015795,-67.30708171612,0.));
#876 = DIRECTION('',(0.,0.,-1.));
#877 = DIRECTION('',(-0.99999999968,-2.528538840904E-05,-0.));
#878 = ADVANCED_FACE('',(#879),#904,.T.);
#879 = FACE_BOUND('',#880,.T.);
#880 = EDGE_LOOP('',(#881,#882,#890,#898));
#881 = ORIENTED_EDGE('',*,*,#859,.T.);
#882 = ORIENTED_EDGE('',*,*,#883,.T.);
#883 = EDGE_CURVE('',#851,#884,#886,.T.);
#884 = VERTEX_POINT('',#885);
#885 = CARTESIAN_POINT('',(100.8,-62.185786,1.51));
#886 = LINE('',#887,#888);
#887 = CARTESIAN_POINT('',(96.385786,-66.6,1.51));
#888 = VECTOR('',#889,1.);
#889 = DIRECTION('',(0.707106781187,0.707106781187,0.));
#890 = ORIENTED_EDGE('',*,*,#891,.F.);
#891 = EDGE_CURVE('',#892,#884,#894,.T.);
#892 = VERTEX_POINT('',#893);
#893 = CARTESIAN_POINT('',(100.8,-62.185786,0.));
#894 = LINE('',#895,#896);
#895 = CARTESIAN_POINT('',(100.8,-62.185786,0.));
#896 = VECTOR('',#897,1.);
#897 = DIRECTION('',(0.,0.,1.));
#898 = ORIENTED_EDGE('',*,*,#899,.F.);
#899 = EDGE_CURVE('',#860,#892,#900,.T.);
#900 = LINE('',#901,#902);
#901 = CARTESIAN_POINT('',(96.385786,-66.6,0.));
#902 = VECTOR('',#903,1.);
#903 = DIRECTION('',(0.707106781187,0.707106781187,0.));
#904 = PLANE('',#905);
#905 = AXIS2_PLACEMENT_3D('',#906,#907,#908);
#906 = CARTESIAN_POINT('',(96.385786,-66.6,0.));
#907 = DIRECTION('',(-0.707106781187,0.707106781187,0.));
#908 = DIRECTION('',(0.707106781187,0.707106781187,0.));
#909 = ADVANCED_FACE('',(#910),#937,.T.);
#910 = FACE_BOUND('',#911,.T.);
#911 = EDGE_LOOP('',(#912,#913,#922,#930));
#912 = ORIENTED_EDGE('',*,*,#891,.T.);
#913 = ORIENTED_EDGE('',*,*,#914,.T.);
#914 = EDGE_CURVE('',#884,#915,#917,.T.);
#915 = VERTEX_POINT('',#916);
#916 = CARTESIAN_POINT('',(101.507107,-61.892893,1.51));
#917 = CIRCLE('',#918,0.999994154158);
#918 = AXIS2_PLACEMENT_3D('',#919,#920,#921);
#919 = CARTESIAN_POINT('',(101.50710414094,-62.89288715415,1.51));
#920 = DIRECTION('',(0.,0.,-1.));
#921 = DIRECTION('',(-0.70710827459,0.70710528778,0.));
#922 = ORIENTED_EDGE('',*,*,#923,.F.);
#923 = EDGE_CURVE('',#924,#915,#926,.T.);
#924 = VERTEX_POINT('',#925);
#925 = CARTESIAN_POINT('',(101.507107,-61.892893,0.));
#926 = LINE('',#927,#928);
#927 = CARTESIAN_POINT('',(101.507107,-61.892893,0.));
#928 = VECTOR('',#929,1.);
#929 = DIRECTION('',(0.,0.,1.));
#930 = ORIENTED_EDGE('',*,*,#931,.F.);
#931 = EDGE_CURVE('',#892,#924,#932,.T.);
#932 = CIRCLE('',#933,0.999994154158);
#933 = AXIS2_PLACEMENT_3D('',#934,#935,#936);
#934 = CARTESIAN_POINT('',(101.50710414094,-62.89288715415,0.));
#935 = DIRECTION('',(0.,0.,-1.));
#936 = DIRECTION('',(-0.70710827459,0.70710528778,0.));
#937 = CYLINDRICAL_SURFACE('',#938,0.999994154158);
#938 = AXIS2_PLACEMENT_3D('',#939,#940,#941);
#939 = CARTESIAN_POINT('',(101.50710414094,-62.89288715415,0.));
#940 = DIRECTION('',(0.,0.,-1.));
#941 = DIRECTION('',(-0.70710827459,0.70710528778,0.));
#942 = ADVANCED_FACE('',(#943),#968,.T.);
#943 = FACE_BOUND('',#944,.T.);
#944 = EDGE_LOOP('',(#945,#946,#954,#962));
#945 = ORIENTED_EDGE('',*,*,#923,.T.);
#946 = ORIENTED_EDGE('',*,*,#947,.T.);
#947 = EDGE_CURVE('',#915,#948,#950,.T.);
#948 = VERTEX_POINT('',#949);
#949 = CARTESIAN_POINT('',(120.192893,-61.892893,1.51));
#950 = LINE('',#951,#952);
#951 = CARTESIAN_POINT('',(101.507107,-61.892893,1.51));
#952 = VECTOR('',#953,1.);
#953 = DIRECTION('',(1.,0.,0.));
#954 = ORIENTED_EDGE('',*,*,#955,.F.);
#955 = EDGE_CURVE('',#956,#948,#958,.T.);
#956 = VERTEX_POINT('',#957);
#957 = CARTESIAN_POINT('',(120.192893,-61.892893,0.));
#958 = LINE('',#959,#960);
#959 = CARTESIAN_POINT('',(120.192893,-61.892893,0.));
#960 = VECTOR('',#961,1.);
#961 = DIRECTION('',(0.,0.,1.));
#962 = ORIENTED_EDGE('',*,*,#963,.F.);
#963 = EDGE_CURVE('',#924,#956,#964,.T.);
#964 = LINE('',#965,#966);
#965 = CARTESIAN_POINT('',(101.507107,-61.892893,0.));
#966 = VECTOR('',#967,1.);
#967 = DIRECTION('',(1.,0.,0.));
#968 = PLANE('',#969);
#969 = AXIS2_PLACEMENT_3D('',#970,#971,#972);
#970 = CARTESIAN_POINT('',(101.507107,-61.892893,0.));
#971 = DIRECTION('',(0.,1.,0.));
#972 = DIRECTION('',(1.,0.,0.));
#973 = ADVANCED_FACE('',(#974),#1001,.F.);
#974 = FACE_BOUND('',#975,.T.);
#975 = EDGE_LOOP('',(#976,#977,#986,#994));
#976 = ORIENTED_EDGE('',*,*,#955,.T.);
#977 = ORIENTED_EDGE('',*,*,#978,.T.);
#978 = EDGE_CURVE('',#948,#979,#981,.T.);
#979 = VERTEX_POINT('',#980);
#980 = CARTESIAN_POINT('',(121.192893,-60.892893,1.51));
#981 = CIRCLE('',#982,0.999999252925);
#982 = AXIS2_PLACEMENT_3D('',#983,#984,#985);
#983 = CARTESIAN_POINT('',(120.19289374707,-60.89289374707,1.51));
#984 = DIRECTION('',(0.,0.,1.));
#985 = DIRECTION('',(-7.470757491648E-07,-1.,0.));
#986 = ORIENTED_EDGE('',*,*,#987,.F.);
#987 = EDGE_CURVE('',#988,#979,#990,.T.);
#988 = VERTEX_POINT('',#989);
#989 = CARTESIAN_POINT('',(121.192893,-60.892893,0.));
#990 = LINE('',#991,#992);
#991 = CARTESIAN_POINT('',(121.192893,-60.892893,0.));
#992 = VECTOR('',#993,1.);
#993 = DIRECTION('',(0.,0.,1.));
#994 = ORIENTED_EDGE('',*,*,#995,.F.);
#995 = EDGE_CURVE('',#956,#988,#996,.T.);
#996 = CIRCLE('',#997,0.999999252925);
#997 = AXIS2_PLACEMENT_3D('',#998,#999,#1000);
#998 = CARTESIAN_POINT('',(120.19289374707,-60.89289374707,0.));
#999 = DIRECTION('',(0.,0.,1.));
#1000 = DIRECTION('',(-7.470757491648E-07,-1.,0.));
#1001 = CYLINDRICAL_SURFACE('',#1002,0.999999252925);
#1002 = AXIS2_PLACEMENT_3D('',#1003,#1004,#1005);
#1003 = CARTESIAN_POINT('',(120.19289374707,-60.89289374707,0.));
#1004 = DIRECTION('',(-0.,-0.,-1.));
#1005 = DIRECTION('',(-7.470757491648E-07,-1.,0.));
#1006 = ADVANCED_FACE('',(#1007),#1032,.T.);
#1007 = FACE_BOUND('',#1008,.T.);
#1008 = EDGE_LOOP('',(#1009,#1010,#1018,#1026));
#1009 = ORIENTED_EDGE('',*,*,#987,.T.);
#1010 = ORIENTED_EDGE('',*,*,#1011,.T.);
#1011 = EDGE_CURVE('',#979,#1012,#1014,.T.);
#1012 = VERTEX_POINT('',#1013);
#1013 = CARTESIAN_POINT('',(121.192893,-60.092893,1.51));
#1014 = LINE('',#1015,#1016);
#1015 = CARTESIAN_POINT('',(121.192893,-60.892893,1.51));
#1016 = VECTOR('',#1017,1.);
#1017 = DIRECTION('',(0.,1.,0.));
#1018 = ORIENTED_EDGE('',*,*,#1019,.F.);
#1019 = EDGE_CURVE('',#1020,#1012,#1022,.T.);
#1020 = VERTEX_POINT('',#1021);
#1021 = CARTESIAN_POINT('',(121.192893,-60.092893,0.));
#1022 = LINE('',#1023,#1024);
#1023 = CARTESIAN_POINT('',(121.192893,-60.092893,0.));
#1024 = VECTOR('',#1025,1.);
#1025 = DIRECTION('',(0.,0.,1.));
#1026 = ORIENTED_EDGE('',*,*,#1027,.F.);
#1027 = EDGE_CURVE('',#988,#1020,#1028,.T.);
#1028 = LINE('',#1029,#1030);
#1029 = CARTESIAN_POINT('',(121.192893,-60.892893,0.));
#1030 = VECTOR('',#1031,1.);
#1031 = DIRECTION('',(0.,1.,0.));
#1032 = PLANE('',#1033);
#1033 = AXIS2_PLACEMENT_3D('',#1034,#1035,#1036);
#1034 = CARTESIAN_POINT('',(121.192893,-60.892893,0.));
#1035 = DIRECTION('',(-1.,0.,0.));
#1036 = DIRECTION('',(0.,1.,0.));
#1037 = ADVANCED_FACE('',(#1038),#1065,.T.);
#1038 = FACE_BOUND('',#1039,.T.);
#1039 = EDGE_LOOP('',(#1040,#1041,#1050,#1058));
#1040 = ORIENTED_EDGE('',*,*,#1019,.T.);
#1041 = ORIENTED_EDGE('',*,*,#1042,.T.);
#1042 = EDGE_CURVE('',#1012,#1043,#1045,.T.);
#1043 = VERTEX_POINT('',#1044);
#1044 = CARTESIAN_POINT('',(122.192893,-59.092893,1.51));
#1045 = CIRCLE('',#1046,0.999999252925);
#1046 = AXIS2_PLACEMENT_3D('',#1047,#1048,#1049);
#1047 = CARTESIAN_POINT('',(122.19289225292,-60.09289225292,1.51));
#1048 = DIRECTION('',(0.,0.,-1.));
#1049 = DIRECTION('',(-1.,-7.47075720743E-07,-0.));
#1050 = ORIENTED_EDGE('',*,*,#1051,.F.);
#1051 = EDGE_CURVE('',#1052,#1043,#1054,.T.);
#1052 = VERTEX_POINT('',#1053);
#1053 = CARTESIAN_POINT('',(122.192893,-59.092893,0.));
#1054 = LINE('',#1055,#1056);
#1055 = CARTESIAN_POINT('',(122.192893,-59.092893,0.));
#1056 = VECTOR('',#1057,1.);
#1057 = DIRECTION('',(0.,0.,1.));
#1058 = ORIENTED_EDGE('',*,*,#1059,.F.);
#1059 = EDGE_CURVE('',#1020,#1052,#1060,.T.);
#1060 = CIRCLE('',#1061,0.999999252925);
#1061 = AXIS2_PLACEMENT_3D('',#1062,#1063,#1064);
#1062 = CARTESIAN_POINT('',(122.19289225292,-60.09289225292,0.));
#1063 = DIRECTION('',(0.,0.,-1.));
#1064 = DIRECTION('',(-1.,-7.47075720743E-07,-0.));
#1065 = CYLINDRICAL_SURFACE('',#1066,0.999999252925);
#1066 = AXIS2_PLACEMENT_3D('',#1067,#1068,#1069);
#1067 = CARTESIAN_POINT('',(122.19289225292,-60.09289225292,0.));
#1068 = DIRECTION('',(0.,0.,-1.));
#1069 = DIRECTION('',(-1.,-7.47075720743E-07,-0.));
#1070 = ADVANCED_FACE('',(#1071),#1096,.T.);
#1071 = FACE_BOUND('',#1072,.T.);
#1072 = EDGE_LOOP('',(#1073,#1074,#1082,#1090));
#1073 = ORIENTED_EDGE('',*,*,#1051,.T.);
#1074 = ORIENTED_EDGE('',*,*,#1075,.T.);
#1075 = EDGE_CURVE('',#1043,#1076,#1078,.T.);
#1076 = VERTEX_POINT('',#1077);
#1077 = CARTESIAN_POINT('',(139.292893,-59.092893,1.51));
#1078 = LINE('',#1079,#1080);
#1079 = CARTESIAN_POINT('',(122.192893,-59.092893,1.51));
#1080 = VECTOR('',#1081,1.);
#1081 = DIRECTION('',(1.,0.,0.));
#1082 = ORIENTED_EDGE('',*,*,#1083,.F.);
#1083 = EDGE_CURVE('',#1084,#1076,#1086,.T.);
#1084 = VERTEX_POINT('',#1085);
#1085 = CARTESIAN_POINT('',(139.292893,-59.092893,0.));
#1086 = LINE('',#1087,#1088);
#1087 = CARTESIAN_POINT('',(139.292893,-59.092893,0.));
#1088 = VECTOR('',#1089,1.);
#1089 = DIRECTION('',(0.,0.,1.));
#1090 = ORIENTED_EDGE('',*,*,#1091,.F.);
#1091 = EDGE_CURVE('',#1052,#1084,#1092,.T.);
#1092 = LINE('',#1093,#1094);
#1093 = CARTESIAN_POINT('',(122.192893,-59.092893,0.));
#1094 = VECTOR('',#1095,1.);
#1095 = DIRECTION('',(1.,0.,0.));
#1096 = PLANE('',#1097);
#1097 = AXIS2_PLACEMENT_3D('',#1098,#1099,#1100);
#1098 = CARTESIAN_POINT('',(122.192893,-59.092893,0.));
#1099 = DIRECTION('',(0.,1.,0.));
#1100 = DIRECTION('',(1.,0.,0.));
#1101 = ADVANCED_FACE('',(#1102),#1129,.F.);
#1102 = FACE_BOUND('',#1103,.T.);
#1103 = EDGE_LOOP('',(#1104,#1105,#1114,#1122));
#1104 = ORIENTED_EDGE('',*,*,#1083,.T.);
#1105 = ORIENTED_EDGE('',*,*,#1106,.T.);
#1106 = EDGE_CURVE('',#1076,#1107,#1109,.T.);
#1107 = VERTEX_POINT('',#1108);
#1108 = CARTESIAN_POINT('',(140.292893,-58.092893,1.51));
#1109 = CIRCLE('',#1110,0.999999252925);
#1110 = AXIS2_PLACEMENT_3D('',#1111,#1112,#1113);
#1111 = CARTESIAN_POINT('',(139.29289374707,-58.09289374707,1.51));
#1112 = DIRECTION('',(0.,0.,1.));
#1113 = DIRECTION('',(-7.470757633756E-07,-1.,0.));
#1114 = ORIENTED_EDGE('',*,*,#1115,.F.);
#1115 = EDGE_CURVE('',#1116,#1107,#1118,.T.);
#1116 = VERTEX_POINT('',#1117);
#1117 = CARTESIAN_POINT('',(140.292893,-58.092893,0.));
#1118 = LINE('',#1119,#1120);
#1119 = CARTESIAN_POINT('',(140.292893,-58.092893,0.));
#1120 = VECTOR('',#1121,1.);
#1121 = DIRECTION('',(0.,0.,1.));
#1122 = ORIENTED_EDGE('',*,*,#1123,.F.);
#1123 = EDGE_CURVE('',#1084,#1116,#1124,.T.);
#1124 = CIRCLE('',#1125,0.999999252925);
#1125 = AXIS2_PLACEMENT_3D('',#1126,#1127,#1128);
#1126 = CARTESIAN_POINT('',(139.29289374707,-58.09289374707,0.));
#1127 = DIRECTION('',(0.,0.,1.));
#1128 = DIRECTION('',(-7.470757633756E-07,-1.,0.));
#1129 = CYLINDRICAL_SURFACE('',#1130,0.999999252925);
#1130 = AXIS2_PLACEMENT_3D('',#1131,#1132,#1133);
#1131 = CARTESIAN_POINT('',(139.29289374707,-58.09289374707,0.));
#1132 = DIRECTION('',(-0.,-0.,-1.));
#1133 = DIRECTION('',(-7.470757633756E-07,-1.,0.));
#1134 = ADVANCED_FACE('',(#1135),#1160,.T.);
#1135 = FACE_BOUND('',#1136,.T.);
#1136 = EDGE_LOOP('',(#1137,#1138,#1146,#1154));
#1137 = ORIENTED_EDGE('',*,*,#1115,.T.);
#1138 = ORIENTED_EDGE('',*,*,#1139,.T.);
#1139 = EDGE_CURVE('',#1107,#1140,#1142,.T.);
#1140 = VERTEX_POINT('',#1141);
#1141 = CARTESIAN_POINT('',(140.292893,-55.292893,1.51));
#1142 = LINE('',#1143,#1144);
#1143 = CARTESIAN_POINT('',(140.292893,-58.092893,1.51));
#1144 = VECTOR('',#1145,1.);
#1145 = DIRECTION('',(0.,1.,0.));
#1146 = ORIENTED_EDGE('',*,*,#1147,.F.);
#1147 = EDGE_CURVE('',#1148,#1140,#1150,.T.);
#1148 = VERTEX_POINT('',#1149);
#1149 = CARTESIAN_POINT('',(140.292893,-55.292893,0.));
#1150 = LINE('',#1151,#1152);
#1151 = CARTESIAN_POINT('',(140.292893,-55.292893,0.));
#1152 = VECTOR('',#1153,1.);
#1153 = DIRECTION('',(0.,0.,1.));
#1154 = ORIENTED_EDGE('',*,*,#1155,.F.);
#1155 = EDGE_CURVE('',#1116,#1148,#1156,.T.);
#1156 = LINE('',#1157,#1158);
#1157 = CARTESIAN_POINT('',(140.292893,-58.092893,0.));
#1158 = VECTOR('',#1159,1.);
#1159 = DIRECTION('',(0.,1.,0.));
#1160 = PLANE('',#1161);
#1161 = AXIS2_PLACEMENT_3D('',#1162,#1163,#1164);
#1162 = CARTESIAN_POINT('',(140.292893,-58.092893,0.));
#1163 = DIRECTION('',(-1.,0.,0.));
#1164 = DIRECTION('',(0.,1.,0.));
#1165 = ADVANCED_FACE('',(#1166),#1193,.T.);
#1166 = FACE_BOUND('',#1167,.T.);
#1167 = EDGE_LOOP('',(#1168,#1169,#1178,#1186));
#1168 = ORIENTED_EDGE('',*,*,#1147,.T.);
#1169 = ORIENTED_EDGE('',*,*,#1170,.T.);
#1170 = EDGE_CURVE('',#1140,#1171,#1173,.T.);
#1171 = VERTEX_POINT('',#1172);
#1172 = CARTESIAN_POINT('',(141.292893,-54.292893,1.51));
#1173 = CIRCLE('',#1174,0.999999252925);
#1174 = AXIS2_PLACEMENT_3D('',#1175,#1176,#1177);
#1175 = CARTESIAN_POINT('',(141.29289225292,-55.29289225292,1.51));
#1176 = DIRECTION('',(0.,0.,-1.));
#1177 = DIRECTION('',(-1.,-7.470757065321E-07,-0.));
#1178 = ORIENTED_EDGE('',*,*,#1179,.F.);
#1179 = EDGE_CURVE('',#1180,#1171,#1182,.T.);
#1180 = VERTEX_POINT('',#1181);
#1181 = CARTESIAN_POINT('',(141.292893,-54.292893,0.));
#1182 = LINE('',#1183,#1184);
#1183 = CARTESIAN_POINT('',(141.292893,-54.292893,0.));
#1184 = VECTOR('',#1185,1.);
#1185 = DIRECTION('',(0.,0.,1.));
#1186 = ORIENTED_EDGE('',*,*,#1187,.F.);
#1187 = EDGE_CURVE('',#1148,#1180,#1188,.T.);
#1188 = CIRCLE('',#1189,0.999999252925);
#1189 = AXIS2_PLACEMENT_3D('',#1190,#1191,#1192);
#1190 = CARTESIAN_POINT('',(141.29289225292,-55.29289225292,0.));
#1191 = DIRECTION('',(0.,0.,-1.));
#1192 = DIRECTION('',(-1.,-7.470757065321E-07,-0.));
#1193 = CYLINDRICAL_SURFACE('',#1194,0.999999252925);
#1194 = AXIS2_PLACEMENT_3D('',#1195,#1196,#1197);
#1195 = CARTESIAN_POINT('',(141.29289225292,-55.29289225292,0.));
#1196 = DIRECTION('',(0.,0.,-1.));
#1197 = DIRECTION('',(-1.,-7.470757065321E-07,-0.));
#1198 = ADVANCED_FACE('',(#1199),#1215,.T.);
#1199 = FACE_BOUND('',#1200,.T.);
#1200 = EDGE_LOOP('',(#1201,#1202,#1208,#1209));
#1201 = ORIENTED_EDGE('',*,*,#1179,.T.);
#1202 = ORIENTED_EDGE('',*,*,#1203,.T.);
#1203 = EDGE_CURVE('',#1171,#42,#1204,.T.);
#1204 = LINE('',#1205,#1206);
#1205 = CARTESIAN_POINT('',(141.292893,-54.292893,1.51));
#1206 = VECTOR('',#1207,1.);
#1207 = DIRECTION('',(1.,0.,0.));
#1208 = ORIENTED_EDGE('',*,*,#39,.F.);
#1209 = ORIENTED_EDGE('',*,*,#1210,.F.);
#1210 = EDGE_CURVE('',#1180,#40,#1211,.T.);
#1211 = LINE('',#1212,#1213);
#1212 = CARTESIAN_POINT('',(141.292893,-54.292893,0.));
#1213 = VECTOR('',#1214,1.);
#1214 = DIRECTION('',(1.,0.,0.));
#1215 = PLANE('',#1216);
#1216 = AXIS2_PLACEMENT_3D('',#1217,#1218,#1219);
#1217 = CARTESIAN_POINT('',(141.292893,-54.292893,0.));
#1218 = DIRECTION('',(0.,1.,0.));
#1219 = DIRECTION('',(1.,0.,0.));
#1220 = ADVANCED_FACE('',(#1221),#1255,.T.);
#1221 = FACE_BOUND('',#1222,.T.);
#1222 = EDGE_LOOP('',(#1223,#1233,#1241,#1249));
#1223 = ORIENTED_EDGE('',*,*,#1224,.T.);
#1224 = EDGE_CURVE('',#1225,#1227,#1229,.T.);
#1225 = VERTEX_POINT('',#1226);
#1226 = CARTESIAN_POINT('',(86.266063,-134.956726,0.));
#1227 = VERTEX_POINT('',#1228);
#1228 = CARTESIAN_POINT('',(86.266063,-134.956726,1.51));
#1229 = LINE('',#1230,#1231);
#1230 = CARTESIAN_POINT('',(86.266063,-134.956726,0.));
#1231 = VECTOR('',#1232,1.);
#1232 = DIRECTION('',(0.,0.,1.));
#1233 = ORIENTED_EDGE('',*,*,#1234,.T.);
#1234 = EDGE_CURVE('',#1227,#1235,#1237,.T.);
#1235 = VERTEX_POINT('',#1236);
#1236 = CARTESIAN_POINT('',(92.182718,-147.645035,1.51));
#1237 = LINE('',#1238,#1239);
#1238 = CARTESIAN_POINT('',(86.266063,-134.956726,1.51));
#1239 = VECTOR('',#1240,1.);
#1240 = DIRECTION('',(0.422618223268,-0.906307804977,0.));
#1241 = ORIENTED_EDGE('',*,*,#1242,.F.);
#1242 = EDGE_CURVE('',#1243,#1235,#1245,.T.);
#1243 = VERTEX_POINT('',#1244);
#1244 = CARTESIAN_POINT('',(92.182718,-147.645035,0.));
#1245 = LINE('',#1246,#1247);
#1246 = CARTESIAN_POINT('',(92.182718,-147.645035,0.));
#1247 = VECTOR('',#1248,1.);
#1248 = DIRECTION('',(0.,0.,1.));
#1249 = ORIENTED_EDGE('',*,*,#1250,.F.);
#1250 = EDGE_CURVE('',#1225,#1243,#1251,.T.);
#1251 = LINE('',#1252,#1253);
#1252 = CARTESIAN_POINT('',(86.266063,-134.956726,0.));
#1253 = VECTOR('',#1254,1.);
#1254 = DIRECTION('',(0.422618223268,-0.906307804977,0.));
#1255 = PLANE('',#1256);
#1256 = AXIS2_PLACEMENT_3D('',#1257,#1258,#1259);
#1257 = CARTESIAN_POINT('',(86.266063,-134.956726,0.));
#1258 = DIRECTION('',(0.906307804977,0.422618223268,-0.));
#1259 = DIRECTION('',(0.422618223268,-0.906307804977,0.));
#1260 = ADVANCED_FACE('',(#1261),#1286,.T.);
#1261 = FACE_BOUND('',#1262,.T.);
#1262 = EDGE_LOOP('',(#1263,#1264,#1272,#1280));
#1263 = ORIENTED_EDGE('',*,*,#1242,.T.);
#1264 = ORIENTED_EDGE('',*,*,#1265,.T.);
#1265 = EDGE_CURVE('',#1235,#1266,#1268,.T.);
#1266 = VERTEX_POINT('',#1267);
#1267 = CARTESIAN_POINT('',(104.871027,-141.72838,1.51));
#1268 = LINE('',#1269,#1270);
#1269 = CARTESIAN_POINT('',(92.182718,-147.645035,1.51));
#1270 = VECTOR('',#1271,1.);
#1271 = DIRECTION('',(0.906307804977,0.422618223268,0.));
#1272 = ORIENTED_EDGE('',*,*,#1273,.F.);
#1273 = EDGE_CURVE('',#1274,#1266,#1276,.T.);
#1274 = VERTEX_POINT('',#1275);
#1275 = CARTESIAN_POINT('',(104.871027,-141.72838,0.));
#1276 = LINE('',#1277,#1278);
#1277 = CARTESIAN_POINT('',(104.871027,-141.72838,0.));
#1278 = VECTOR('',#1279,1.);
#1279 = DIRECTION('',(0.,0.,1.));
#1280 = ORIENTED_EDGE('',*,*,#1281,.F.);
#1281 = EDGE_CURVE('',#1243,#1274,#1282,.T.);
#1282 = LINE('',#1283,#1284);
#1283 = CARTESIAN_POINT('',(92.182718,-147.645035,0.));
#1284 = VECTOR('',#1285,1.);
#1285 = DIRECTION('',(0.906307804977,0.422618223268,0.));
#1286 = PLANE('',#1287);
#1287 = AXIS2_PLACEMENT_3D('',#1288,#1289,#1290);
#1288 = CARTESIAN_POINT('',(92.182718,-147.645035,0.));
#1289 = DIRECTION('',(-0.422618223268,0.906307804977,0.));
#1290 = DIRECTION('',(0.906307804977,0.422618223268,0.));
#1291 = ADVANCED_FACE('',(#1292),#1317,.T.);
#1292 = FACE_BOUND('',#1293,.T.);
#1293 = EDGE_LOOP('',(#1294,#1295,#1303,#1311));
#1294 = ORIENTED_EDGE('',*,*,#1273,.T.);
#1295 = ORIENTED_EDGE('',*,*,#1296,.T.);
#1296 = EDGE_CURVE('',#1266,#1297,#1299,.T.);
#1297 = VERTEX_POINT('',#1298);
#1298 = CARTESIAN_POINT('',(98.954372,-129.040071,1.51));
#1299 = LINE('',#1300,#1301);
#1300 = CARTESIAN_POINT('',(104.871027,-141.72838,1.51));
#1301 = VECTOR('',#1302,1.);
#1302 = DIRECTION('',(-0.422618223268,0.906307804977,0.));
#1303 = ORIENTED_EDGE('',*,*,#1304,.F.);
#1304 = EDGE_CURVE('',#1305,#1297,#1307,.T.);
#1305 = VERTEX_POINT('',#1306);
#1306 = CARTESIAN_POINT('',(98.954372,-129.040071,0.));
#1307 = LINE('',#1308,#1309);
#1308 = CARTESIAN_POINT('',(98.954372,-129.040071,0.));
#1309 = VECTOR('',#1310,1.);
#1310 = DIRECTION('',(0.,0.,1.));
#1311 = ORIENTED_EDGE('',*,*,#1312,.F.);
#1312 = EDGE_CURVE('',#1274,#1305,#1313,.T.);
#1313 = LINE('',#1314,#1315);
#1314 = CARTESIAN_POINT('',(104.871027,-141.72838,0.));
#1315 = VECTOR('',#1316,1.);
#1316 = DIRECTION('',(-0.422618223268,0.906307804977,0.));
#1317 = PLANE('',#1318);
#1318 = AXIS2_PLACEMENT_3D('',#1319,#1320,#1321);
#1319 = CARTESIAN_POINT('',(104.871027,-141.72838,0.));
#1320 = DIRECTION('',(-0.906307804977,-0.422618223268,0.));
#1321 = DIRECTION('',(-0.422618223268,0.906307804977,0.));
#1322 = ADVANCED_FACE('',(#1323),#1339,.T.);
#1323 = FACE_BOUND('',#1324,.T.);
#1324 = EDGE_LOOP('',(#1325,#1326,#1332,#1333));
#1325 = ORIENTED_EDGE('',*,*,#1304,.T.);
#1326 = ORIENTED_EDGE('',*,*,#1327,.T.);
#1327 = EDGE_CURVE('',#1297,#1227,#1328,.T.);
#1328 = LINE('',#1329,#1330);
#1329 = CARTESIAN_POINT('',(98.954372,-129.040071,1.51));
#1330 = VECTOR('',#1331,1.);
#1331 = DIRECTION('',(-0.906307804977,-0.422618223268,0.));
#1332 = ORIENTED_EDGE('',*,*,#1224,.F.);
#1333 = ORIENTED_EDGE('',*,*,#1334,.F.);
#1334 = EDGE_CURVE('',#1305,#1225,#1335,.T.);
#1335 = LINE('',#1336,#1337);
#1336 = CARTESIAN_POINT('',(98.954372,-129.040071,0.));
#1337 = VECTOR('',#1338,1.);
#1338 = DIRECTION('',(-0.906307804977,-0.422618223268,0.));
#1339 = PLANE('',#1340);
#1340 = AXIS2_PLACEMENT_3D('',#1341,#1342,#1343);
#1341 = CARTESIAN_POINT('',(98.954372,-129.040071,0.));
#1342 = DIRECTION('',(0.422618223268,-0.906307804977,0.));
#1343 = DIRECTION('',(-0.906307804977,-0.422618223268,0.));
#1344 = ADVANCED_FACE('',(#1345),#1379,.T.);
#1345 = FACE_BOUND('',#1346,.T.);
#1346 = EDGE_LOOP('',(#1347,#1357,#1365,#1373));
#1347 = ORIENTED_EDGE('',*,*,#1348,.T.);
#1348 = EDGE_CURVE('',#1349,#1351,#1353,.T.);
#1349 = VERTEX_POINT('',#1350);
#1350 = CARTESIAN_POINT('',(107.843669,-126.237286,0.));
#1351 = VERTEX_POINT('',#1352);
#1352 = CARTESIAN_POINT('',(107.843669,-126.237286,1.51));
#1353 = LINE('',#1354,#1355);
#1354 = CARTESIAN_POINT('',(107.843669,-126.237286,0.));
#1355 = VECTOR('',#1356,1.);
#1356 = DIRECTION('',(0.,0.,1.));
#1357 = ORIENTED_EDGE('',*,*,#1358,.T.);
#1358 = EDGE_CURVE('',#1351,#1359,#1361,.T.);
#1359 = VERTEX_POINT('',#1360);
#1360 = CARTESIAN_POINT('',(110.274744,-140.024595,1.51));
#1361 = LINE('',#1362,#1363);
#1362 = CARTESIAN_POINT('',(107.843669,-126.237286,1.51));
#1363 = VECTOR('',#1364,1.);
#1364 = DIRECTION('',(0.173648207589,-0.984807747736,0.));
#1365 = ORIENTED_EDGE('',*,*,#1366,.F.);
#1366 = EDGE_CURVE('',#1367,#1359,#1369,.T.);
#1367 = VERTEX_POINT('',#1368);
#1368 = CARTESIAN_POINT('',(110.274744,-140.024595,0.));
#1369 = LINE('',#1370,#1371);
#1370 = CARTESIAN_POINT('',(110.274744,-140.024595,0.));
#1371 = VECTOR('',#1372,1.);
#1372 = DIRECTION('',(0.,0.,1.));
#1373 = ORIENTED_EDGE('',*,*,#1374,.F.);
#1374 = EDGE_CURVE('',#1349,#1367,#1375,.T.);
#1375 = LINE('',#1376,#1377);
#1376 = CARTESIAN_POINT('',(107.843669,-126.237286,0.));
#1377 = VECTOR('',#1378,1.);
#1378 = DIRECTION('',(0.173648207589,-0.984807747736,0.));
#1379 = PLANE('',#1380);
#1380 = AXIS2_PLACEMENT_3D('',#1381,#1382,#1383);
#1381 = CARTESIAN_POINT('',(107.843669,-126.237286,0.));
#1382 = DIRECTION('',(0.984807747736,0.173648207589,-0.));
#1383 = DIRECTION('',(0.173648207589,-0.984807747736,0.));
#1384 = ADVANCED_FACE('',(#1385),#1410,.T.);
#1385 = FACE_BOUND('',#1386,.T.);
#1386 = EDGE_LOOP('',(#1387,#1388,#1396,#1404));
#1387 = ORIENTED_EDGE('',*,*,#1366,.T.);
#1388 = ORIENTED_EDGE('',*,*,#1389,.T.);
#1389 = EDGE_CURVE('',#1359,#1390,#1392,.T.);
#1390 = VERTEX_POINT('',#1391);
#1391 = CARTESIAN_POINT('',(124.062053,-137.59352,1.51));
#1392 = LINE('',#1393,#1394);
#1393 = CARTESIAN_POINT('',(110.274744,-140.024595,1.51));
#1394 = VECTOR('',#1395,1.);
#1395 = DIRECTION('',(0.984807747736,0.173648207589,0.));
#1396 = ORIENTED_EDGE('',*,*,#1397,.F.);
#1397 = EDGE_CURVE('',#1398,#1390,#1400,.T.);
#1398 = VERTEX_POINT('',#1399);
#1399 = CARTESIAN_POINT('',(124.062053,-137.59352,0.));
#1400 = LINE('',#1401,#1402);
#1401 = CARTESIAN_POINT('',(124.062053,-137.59352,0.));
#1402 = VECTOR('',#1403,1.);
#1403 = DIRECTION('',(0.,0.,1.));
#1404 = ORIENTED_EDGE('',*,*,#1405,.F.);
#1405 = EDGE_CURVE('',#1367,#1398,#1406,.T.);
#1406 = LINE('',#1407,#1408);
#1407 = CARTESIAN_POINT('',(110.274744,-140.024595,0.));
#1408 = VECTOR('',#1409,1.);
#1409 = DIRECTION('',(0.984807747736,0.173648207589,0.));
#1410 = PLANE('',#1411);
#1411 = AXIS2_PLACEMENT_3D('',#1412,#1413,#1414);
#1412 = CARTESIAN_POINT('',(110.274744,-140.024595,0.));
#1413 = DIRECTION('',(-0.173648207589,0.984807747736,0.));
#1414 = DIRECTION('',(0.984807747736,0.173648207589,0.));
#1415 = ADVANCED_FACE('',(#1416),#1441,.T.);
#1416 = FACE_BOUND('',#1417,.T.);
#1417 = EDGE_LOOP('',(#1418,#1419,#1427,#1435));
#1418 = ORIENTED_EDGE('',*,*,#1397,.T.);
#1419 = ORIENTED_EDGE('',*,*,#1420,.T.);
#1420 = EDGE_CURVE('',#1390,#1421,#1423,.T.);
#1421 = VERTEX_POINT('',#1422);
#1422 = CARTESIAN_POINT('',(121.630978,-123.806211,1.51));
#1423 = LINE('',#1424,#1425);
#1424 = CARTESIAN_POINT('',(124.062053,-137.59352,1.51));
#1425 = VECTOR('',#1426,1.);
#1426 = DIRECTION('',(-0.173648207589,0.984807747736,0.));
#1427 = ORIENTED_EDGE('',*,*,#1428,.F.);
#1428 = EDGE_CURVE('',#1429,#1421,#1431,.T.);
#1429 = VERTEX_POINT('',#1430);
#1430 = CARTESIAN_POINT('',(121.630978,-123.806211,0.));
#1431 = LINE('',#1432,#1433);
#1432 = CARTESIAN_POINT('',(121.630978,-123.806211,0.));
#1433 = VECTOR('',#1434,1.);
#1434 = DIRECTION('',(0.,0.,1.));
#1435 = ORIENTED_EDGE('',*,*,#1436,.F.);
#1436 = EDGE_CURVE('',#1398,#1429,#1437,.T.);
#1437 = LINE('',#1438,#1439);
#1438 = CARTESIAN_POINT('',(124.062053,-137.59352,0.));
#1439 = VECTOR('',#1440,1.);
#1440 = DIRECTION('',(-0.173648207589,0.984807747736,0.));
#1441 = PLANE('',#1442);
#1442 = AXIS2_PLACEMENT_3D('',#1443,#1444,#1445);
#1443 = CARTESIAN_POINT('',(124.062053,-137.59352,0.));
#1444 = DIRECTION('',(-0.984807747736,-0.173648207589,0.));
#1445 = DIRECTION('',(-0.173648207589,0.984807747736,0.));
#1446 = ADVANCED_FACE('',(#1447),#1463,.T.);
#1447 = FACE_BOUND('',#1448,.T.);
#1448 = EDGE_LOOP('',(#1449,#1450,#1456,#1457));
#1449 = ORIENTED_EDGE('',*,*,#1428,.T.);
#1450 = ORIENTED_EDGE('',*,*,#1451,.T.);
#1451 = EDGE_CURVE('',#1421,#1351,#1452,.T.);
#1452 = LINE('',#1453,#1454);
#1453 = CARTESIAN_POINT('',(121.630978,-123.806211,1.51));
#1454 = VECTOR('',#1455,1.);
#1455 = DIRECTION('',(-0.984807747736,-0.173648207589,0.));
#1456 = ORIENTED_EDGE('',*,*,#1348,.F.);
#1457 = ORIENTED_EDGE('',*,*,#1458,.F.);
#1458 = EDGE_CURVE('',#1429,#1349,#1459,.T.);
#1459 = LINE('',#1460,#1461);
#1460 = CARTESIAN_POINT('',(121.630978,-123.806211,0.));
#1461 = VECTOR('',#1462,1.);
#1462 = DIRECTION('',(-0.984807747736,-0.173648207589,0.));
#1463 = PLANE('',#1464);
#1464 = AXIS2_PLACEMENT_3D('',#1465,#1466,#1467);
#1465 = CARTESIAN_POINT('',(121.630978,-123.806211,0.));
#1466 = DIRECTION('',(0.173648207589,-0.984807747736,0.));
#1467 = DIRECTION('',(-0.984807747736,-0.173648207589,0.));
#1468 = ADVANCED_FACE('',(#1469),#1503,.T.);
#1469 = FACE_BOUND('',#1470,.T.);
#1470 = EDGE_LOOP('',(#1471,#1481,#1489,#1497));
#1471 = ORIENTED_EDGE('',*,*,#1472,.T.);
#1472 = EDGE_CURVE('',#1473,#1475,#1477,.T.);
#1473 = VERTEX_POINT('',#1474);
#1474 = CARTESIAN_POINT('',(181.533852,-127.006704,0.));
#1475 = VERTEX_POINT('',#1476);
#1476 = CARTESIAN_POINT('',(181.533852,-127.006704,1.51));
#1477 = LINE('',#1478,#1479);
#1478 = CARTESIAN_POINT('',(181.533852,-127.006704,0.));
#1479 = VECTOR('',#1480,1.);
#1480 = DIRECTION('',(0.,0.,1.));
#1481 = ORIENTED_EDGE('',*,*,#1482,.T.);
#1482 = EDGE_CURVE('',#1475,#1483,#1485,.T.);
#1483 = VERTEX_POINT('',#1484);
#1484 = CARTESIAN_POINT('',(195.533852,-127.006704,1.51));
#1485 = LINE('',#1486,#1487);
#1486 = CARTESIAN_POINT('',(181.533852,-127.006704,1.51));
#1487 = VECTOR('',#1488,1.);
#1488 = DIRECTION('',(1.,0.,0.));
#1489 = ORIENTED_EDGE('',*,*,#1490,.F.);
#1490 = EDGE_CURVE('',#1491,#1483,#1493,.T.);
#1491 = VERTEX_POINT('',#1492);
#1492 = CARTESIAN_POINT('',(195.533852,-127.006704,0.));
#1493 = LINE('',#1494,#1495);
#1494 = CARTESIAN_POINT('',(195.533852,-127.006704,0.));
#1495 = VECTOR('',#1496,1.);
#1496 = DIRECTION('',(0.,0.,1.));
#1497 = ORIENTED_EDGE('',*,*,#1498,.F.);
#1498 = EDGE_CURVE('',#1473,#1491,#1499,.T.);
#1499 = LINE('',#1500,#1501);
#1500 = CARTESIAN_POINT('',(181.533852,-127.006704,0.));
#1501 = VECTOR('',#1502,1.);
#1502 = DIRECTION('',(1.,0.,0.));
#1503 = PLANE('',#1504);
#1504 = AXIS2_PLACEMENT_3D('',#1505,#1506,#1507);
#1505 = CARTESIAN_POINT('',(181.533852,-127.006704,0.));
#1506 = DIRECTION('',(0.,1.,0.));
#1507 = DIRECTION('',(1.,0.,0.));
#1508 = ADVANCED_FACE('',(#1509),#1534,.T.);
#1509 = FACE_BOUND('',#1510,.T.);
#1510 = EDGE_LOOP('',(#1511,#1512,#1520,#1528));
#1511 = ORIENTED_EDGE('',*,*,#1490,.T.);
#1512 = ORIENTED_EDGE('',*,*,#1513,.T.);
#1513 = EDGE_CURVE('',#1483,#1514,#1516,.T.);
#1514 = VERTEX_POINT('',#1515);
#1515 = CARTESIAN_POINT('',(195.533852,-113.006704,1.51));
#1516 = LINE('',#1517,#1518);
#1517 = CARTESIAN_POINT('',(195.533852,-127.006704,1.51));
#1518 = VECTOR('',#1519,1.);
#1519 = DIRECTION('',(0.,1.,0.));
#1520 = ORIENTED_EDGE('',*,*,#1521,.F.);
#1521 = EDGE_CURVE('',#1522,#1514,#1524,.T.);
#1522 = VERTEX_POINT('',#1523);
#1523 = CARTESIAN_POINT('',(195.533852,-113.006704,0.));
#1524 = LINE('',#1525,#1526);
#1525 = CARTESIAN_POINT('',(195.533852,-113.006704,0.));
#1526 = VECTOR('',#1527,1.);
#1527 = DIRECTION('',(0.,0.,1.));
#1528 = ORIENTED_EDGE('',*,*,#1529,.F.);
#1529 = EDGE_CURVE('',#1491,#1522,#1530,.T.);
#1530 = LINE('',#1531,#1532);
#1531 = CARTESIAN_POINT('',(195.533852,-127.006704,0.));
#1532 = VECTOR('',#1533,1.);
#1533 = DIRECTION('',(0.,1.,0.));
#1534 = PLANE('',#1535);
#1535 = AXIS2_PLACEMENT_3D('',#1536,#1537,#1538);
#1536 = CARTESIAN_POINT('',(195.533852,-127.006704,0.));
#1537 = DIRECTION('',(-1.,0.,0.));
#1538 = DIRECTION('',(0.,1.,0.));
#1539 = ADVANCED_FACE('',(#1540),#1565,.T.);
#1540 = FACE_BOUND('',#1541,.T.);
#1541 = EDGE_LOOP('',(#1542,#1543,#1551,#1559));
#1542 = ORIENTED_EDGE('',*,*,#1521,.T.);
#1543 = ORIENTED_EDGE('',*,*,#1544,.T.);
#1544 = EDGE_CURVE('',#1514,#1545,#1547,.T.);
#1545 = VERTEX_POINT('',#1546);
#1546 = CARTESIAN_POINT('',(181.533852,-113.006704,1.51));
#1547 = LINE('',#1548,#1549);
#1548 = CARTESIAN_POINT('',(195.533852,-113.006704,1.51));
#1549 = VECTOR('',#1550,1.);
#1550 = DIRECTION('',(-1.,0.,0.));
#1551 = ORIENTED_EDGE('',*,*,#1552,.F.);
#1552 = EDGE_CURVE('',#1553,#1545,#1555,.T.);
#1553 = VERTEX_POINT('',#1554);
#1554 = CARTESIAN_POINT('',(181.533852,-113.006704,0.));
#1555 = LINE('',#1556,#1557);
#1556 = CARTESIAN_POINT('',(181.533852,-113.006704,0.));
#1557 = VECTOR('',#1558,1.);
#1558 = DIRECTION('',(0.,0.,1.));
#1559 = ORIENTED_EDGE('',*,*,#1560,.F.);
#1560 = EDGE_CURVE('',#1522,#1553,#1561,.T.);
#1561 = LINE('',#1562,#1563);
#1562 = CARTESIAN_POINT('',(195.533852,-113.006704,0.));
#1563 = VECTOR('',#1564,1.);
#1564 = DIRECTION('',(-1.,0.,0.));
#1565 = PLANE('',#1566);
#1566 = AXIS2_PLACEMENT_3D('',#1567,#1568,#1569);
#1567 = CARTESIAN_POINT('',(195.533852,-113.006704,0.));
#1568 = DIRECTION('',(0.,-1.,0.));
#1569 = DIRECTION('',(-1.,0.,0.));
#1570 = ADVANCED_FACE('',(#1571),#1587,.T.);
#1571 = FACE_BOUND('',#1572,.T.);
#1572 = EDGE_LOOP('',(#1573,#1574,#1580,#1581));
#1573 = ORIENTED_EDGE('',*,*,#1552,.T.);
#1574 = ORIENTED_EDGE('',*,*,#1575,.T.);
#1575 = EDGE_CURVE('',#1545,#1475,#1576,.T.);
#1576 = LINE('',#1577,#1578);
#1577 = CARTESIAN_POINT('',(181.533852,-113.006704,1.51));
#1578 = VECTOR('',#1579,1.);
#1579 = DIRECTION('',(0.,-1.,0.));
#1580 = ORIENTED_EDGE('',*,*,#1472,.F.);
#1581 = ORIENTED_EDGE('',*,*,#1582,.F.);
#1582 = EDGE_CURVE('',#1553,#1473,#1583,.T.);
#1583 = LINE('',#1584,#1585);
#1584 = CARTESIAN_POINT('',(181.533852,-113.006704,0.));
#1585 = VECTOR('',#1586,1.);
#1586 = DIRECTION('',(0.,-1.,0.));
#1587 = PLANE('',#1588);
#1588 = AXIS2_PLACEMENT_3D('',#1589,#1590,#1591);
#1589 = CARTESIAN_POINT('',(181.533852,-113.006704,0.));
#1590 = DIRECTION('',(1.,0.,-0.));
#1591 = DIRECTION('',(0.,-1.,0.));
#1592 = ADVANCED_FACE('',(#1593),#1620,.F.);
#1593 = FACE_BOUND('',#1594,.T.);
#1594 = EDGE_LOOP('',(#1595,#1605,#1612,#1613));
#1595 = ORIENTED_EDGE('',*,*,#1596,.T.);
#1596 = EDGE_CURVE('',#1597,#1599,#1601,.T.);
#1597 = VERTEX_POINT('',#1598);
#1598 = CARTESIAN_POINT('',(128.232893,-118.142893,0.));
#1599 = VERTEX_POINT('',#1600);
#1600 = CARTESIAN_POINT('',(128.232893,-118.142893,1.51));
#1601 = LINE('',#1602,#1603);
#1602 = CARTESIAN_POINT('',(128.232893,-118.142893,0.));
#1603 = VECTOR('',#1604,1.);
#1604 = DIRECTION('',(0.,0.,1.));
#1605 = ORIENTED_EDGE('',*,*,#1606,.T.);
#1606 = EDGE_CURVE('',#1599,#1599,#1607,.T.);
#1607 = CIRCLE('',#1608,2.);
#1608 = AXIS2_PLACEMENT_3D('',#1609,#1610,#1611);
#1609 = CARTESIAN_POINT('',(126.232893,-118.142893,1.51));
#1610 = DIRECTION('',(0.,0.,1.));
#1611 = DIRECTION('',(1.,0.,-0.));
#1612 = ORIENTED_EDGE('',*,*,#1596,.F.);
#1613 = ORIENTED_EDGE('',*,*,#1614,.F.);
#1614 = EDGE_CURVE('',#1597,#1597,#1615,.T.);
#1615 = CIRCLE('',#1616,2.);
#1616 = AXIS2_PLACEMENT_3D('',#1617,#1618,#1619);
#1617 = CARTESIAN_POINT('',(126.232893,-118.142893,0.));
#1618 = DIRECTION('',(0.,0.,1.));
#1619 = DIRECTION('',(1.,0.,-0.));
#1620 = CYLINDRICAL_SURFACE('',#1621,2.);
#1621 = AXIS2_PLACEMENT_3D('',#1622,#1623,#1624);
#1622 = CARTESIAN_POINT('',(126.232893,-118.142893,0.));
#1623 = DIRECTION('',(-0.,-0.,-1.));
#1624 = DIRECTION('',(1.,0.,-0.));
#1625 = ADVANCED_FACE('',(#1626),#1660,.T.);
#1626 = FACE_BOUND('',#1627,.T.);
#1627 = EDGE_LOOP('',(#1628,#1638,#1646,#1654));
#1628 = ORIENTED_EDGE('',*,*,#1629,.T.);
#1629 = EDGE_CURVE('',#1630,#1632,#1634,.T.);
#1630 = VERTEX_POINT('',#1631);
#1631 = CARTESIAN_POINT('',(105.533852,-117.291204,0.));
#1632 = VERTEX_POINT('',#1633);
#1633 = CARTESIAN_POINT('',(105.533852,-117.291204,1.51));
#1634 = LINE('',#1635,#1636);
#1635 = CARTESIAN_POINT('',(105.533852,-117.291204,0.));
#1636 = VECTOR('',#1637,1.);
#1637 = DIRECTION('',(0.,0.,1.));
#1638 = ORIENTED_EDGE('',*,*,#1639,.T.);
#1639 = EDGE_CURVE('',#1632,#1640,#1642,.T.);
#1640 = VERTEX_POINT('',#1641);
#1641 = CARTESIAN_POINT('',(119.533852,-117.291204,1.51));
#1642 = LINE('',#1643,#1644);
#1643 = CARTESIAN_POINT('',(105.533852,-117.291204,1.51));
#1644 = VECTOR('',#1645,1.);
#1645 = DIRECTION('',(1.,0.,0.));
#1646 = ORIENTED_EDGE('',*,*,#1647,.F.);
#1647 = EDGE_CURVE('',#1648,#1640,#1650,.T.);
#1648 = VERTEX_POINT('',#1649);
#1649 = CARTESIAN_POINT('',(119.533852,-117.291204,0.));
#1650 = LINE('',#1651,#1652);
#1651 = CARTESIAN_POINT('',(119.533852,-117.291204,0.));
#1652 = VECTOR('',#1653,1.);
#1653 = DIRECTION('',(0.,0.,1.));
#1654 = ORIENTED_EDGE('',*,*,#1655,.F.);
#1655 = EDGE_CURVE('',#1630,#1648,#1656,.T.);
#1656 = LINE('',#1657,#1658);
#1657 = CARTESIAN_POINT('',(105.533852,-117.291204,0.));
#1658 = VECTOR('',#1659,1.);
#1659 = DIRECTION('',(1.,0.,0.));
#1660 = PLANE('',#1661);
#1661 = AXIS2_PLACEMENT_3D('',#1662,#1663,#1664);
#1662 = CARTESIAN_POINT('',(105.533852,-117.291204,0.));
#1663 = DIRECTION('',(0.,1.,0.));
#1664 = DIRECTION('',(1.,0.,0.));
#1665 = ADVANCED_FACE('',(#1666),#1691,.T.);
#1666 = FACE_BOUND('',#1667,.T.);
#1667 = EDGE_LOOP('',(#1668,#1669,#1677,#1685));
#1668 = ORIENTED_EDGE('',*,*,#1647,.T.);
#1669 = ORIENTED_EDGE('',*,*,#1670,.T.);
#1670 = EDGE_CURVE('',#1640,#1671,#1673,.T.);
#1671 = VERTEX_POINT('',#1672);
#1672 = CARTESIAN_POINT('',(119.533852,-103.291204,1.51));
#1673 = LINE('',#1674,#1675);
#1674 = CARTESIAN_POINT('',(119.533852,-117.291204,1.51));
#1675 = VECTOR('',#1676,1.);
#1676 = DIRECTION('',(0.,1.,0.));
#1677 = ORIENTED_EDGE('',*,*,#1678,.F.);
#1678 = EDGE_CURVE('',#1679,#1671,#1681,.T.);
#1679 = VERTEX_POINT('',#1680);
#1680 = CARTESIAN_POINT('',(119.533852,-103.291204,0.));
#1681 = LINE('',#1682,#1683);
#1682 = CARTESIAN_POINT('',(119.533852,-103.291204,0.));
#1683 = VECTOR('',#1684,1.);
#1684 = DIRECTION('',(0.,0.,1.));
#1685 = ORIENTED_EDGE('',*,*,#1686,.F.);
#1686 = EDGE_CURVE('',#1648,#1679,#1687,.T.);
#1687 = LINE('',#1688,#1689);
#1688 = CARTESIAN_POINT('',(119.533852,-117.291204,0.));
#1689 = VECTOR('',#1690,1.);
#1690 = DIRECTION('',(0.,1.,0.));
#1691 = PLANE('',#1692);
#1692 = AXIS2_PLACEMENT_3D('',#1693,#1694,#1695);
#1693 = CARTESIAN_POINT('',(119.533852,-117.291204,0.));
#1694 = DIRECTION('',(-1.,0.,0.));
#1695 = DIRECTION('',(0.,1.,0.));
#1696 = ADVANCED_FACE('',(#1697),#1722,.T.);
#1697 = FACE_BOUND('',#1698,.T.);
#1698 = EDGE_LOOP('',(#1699,#1700,#1708,#1716));
#1699 = ORIENTED_EDGE('',*,*,#1678,.T.);
#1700 = ORIENTED_EDGE('',*,*,#1701,.T.);
#1701 = EDGE_CURVE('',#1671,#1702,#1704,.T.);
#1702 = VERTEX_POINT('',#1703);
#1703 = CARTESIAN_POINT('',(105.533852,-103.291204,1.51));
#1704 = LINE('',#1705,#1706);
#1705 = CARTESIAN_POINT('',(119.533852,-103.291204,1.51));
#1706 = VECTOR('',#1707,1.);
#1707 = DIRECTION('',(-1.,0.,0.));
#1708 = ORIENTED_EDGE('',*,*,#1709,.F.);
#1709 = EDGE_CURVE('',#1710,#1702,#1712,.T.);
#1710 = VERTEX_POINT('',#1711);
#1711 = CARTESIAN_POINT('',(105.533852,-103.291204,0.));
#1712 = LINE('',#1713,#1714);
#1713 = CARTESIAN_POINT('',(105.533852,-103.291204,0.));
#1714 = VECTOR('',#1715,1.);
#1715 = DIRECTION('',(0.,0.,1.));
#1716 = ORIENTED_EDGE('',*,*,#1717,.F.);
#1717 = EDGE_CURVE('',#1679,#1710,#1718,.T.);
#1718 = LINE('',#1719,#1720);
#1719 = CARTESIAN_POINT('',(119.533852,-103.291204,0.));
#1720 = VECTOR('',#1721,1.);
#1721 = DIRECTION('',(-1.,0.,0.));
#1722 = PLANE('',#1723);
#1723 = AXIS2_PLACEMENT_3D('',#1724,#1725,#1726);
#1724 = CARTESIAN_POINT('',(119.533852,-103.291204,0.));
#1725 = DIRECTION('',(0.,-1.,0.));
#1726 = DIRECTION('',(-1.,0.,0.));
#1727 = ADVANCED_FACE('',(#1728),#1744,.T.);
#1728 = FACE_BOUND('',#1729,.T.);
#1729 = EDGE_LOOP('',(#1730,#1731,#1737,#1738));
#1730 = ORIENTED_EDGE('',*,*,#1709,.T.);
#1731 = ORIENTED_EDGE('',*,*,#1732,.T.);
#1732 = EDGE_CURVE('',#1702,#1632,#1733,.T.);
#1733 = LINE('',#1734,#1735);
#1734 = CARTESIAN_POINT('',(105.533852,-103.291204,1.51));
#1735 = VECTOR('',#1736,1.);
#1736 = DIRECTION('',(0.,-1.,0.));
#1737 = ORIENTED_EDGE('',*,*,#1629,.F.);
#1738 = ORIENTED_EDGE('',*,*,#1739,.F.);
#1739 = EDGE_CURVE('',#1710,#1630,#1740,.T.);
#1740 = LINE('',#1741,#1742);
#1741 = CARTESIAN_POINT('',(105.533852,-103.291204,0.));
#1742 = VECTOR('',#1743,1.);
#1743 = DIRECTION('',(0.,-1.,0.));
#1744 = PLANE('',#1745);
#1745 = AXIS2_PLACEMENT_3D('',#1746,#1747,#1748);
#1746 = CARTESIAN_POINT('',(105.533852,-103.291204,0.));
#1747 = DIRECTION('',(1.,0.,-0.));
#1748 = DIRECTION('',(0.,-1.,0.));
#1749 = ADVANCED_FACE('',(#1750),#1784,.T.);
#1750 = FACE_BOUND('',#1751,.T.);
#1751 = EDGE_LOOP('',(#1752,#1762,#1770,#1778));
#1752 = ORIENTED_EDGE('',*,*,#1753,.T.);
#1753 = EDGE_CURVE('',#1754,#1756,#1758,.T.);
#1754 = VERTEX_POINT('',#1755);
#1755 = CARTESIAN_POINT('',(124.533852,-114.433704,0.));
#1756 = VERTEX_POINT('',#1757);
#1757 = CARTESIAN_POINT('',(124.533852,-114.433704,1.51));
#1758 = LINE('',#1759,#1760);
#1759 = CARTESIAN_POINT('',(124.533852,-114.433704,0.));
#1760 = VECTOR('',#1761,1.);
#1761 = DIRECTION('',(0.,0.,1.));
#1762 = ORIENTED_EDGE('',*,*,#1763,.T.);
#1763 = EDGE_CURVE('',#1756,#1764,#1766,.T.);
#1764 = VERTEX_POINT('',#1765);
#1765 = CARTESIAN_POINT('',(138.533852,-114.433704,1.51));
#1766 = LINE('',#1767,#1768);
#1767 = CARTESIAN_POINT('',(124.533852,-114.433704,1.51));
#1768 = VECTOR('',#1769,1.);
#1769 = DIRECTION('',(1.,0.,0.));
#1770 = ORIENTED_EDGE('',*,*,#1771,.F.);
#1771 = EDGE_CURVE('',#1772,#1764,#1774,.T.);
#1772 = VERTEX_POINT('',#1773);
#1773 = CARTESIAN_POINT('',(138.533852,-114.433704,0.));
#1774 = LINE('',#1775,#1776);
#1775 = CARTESIAN_POINT('',(138.533852,-114.433704,0.));
#1776 = VECTOR('',#1777,1.);
#1777 = DIRECTION('',(0.,0.,1.));
#1778 = ORIENTED_EDGE('',*,*,#1779,.F.);
#1779 = EDGE_CURVE('',#1754,#1772,#1780,.T.);
#1780 = LINE('',#1781,#1782);
#1781 = CARTESIAN_POINT('',(124.533852,-114.433704,0.));
#1782 = VECTOR('',#1783,1.);
#1783 = DIRECTION('',(1.,0.,0.));
#1784 = PLANE('',#1785);
#1785 = AXIS2_PLACEMENT_3D('',#1786,#1787,#1788);
#1786 = CARTESIAN_POINT('',(124.533852,-114.433704,0.));
#1787 = DIRECTION('',(0.,1.,0.));
#1788 = DIRECTION('',(1.,0.,0.));
#1789 = ADVANCED_FACE('',(#1790),#1815,.T.);
#1790 = FACE_BOUND('',#1791,.T.);
#1791 = EDGE_LOOP('',(#1792,#1793,#1801,#1809));
#1792 = ORIENTED_EDGE('',*,*,#1771,.T.);
#1793 = ORIENTED_EDGE('',*,*,#1794,.T.);
#1794 = EDGE_CURVE('',#1764,#1795,#1797,.T.);
#1795 = VERTEX_POINT('',#1796);
#1796 = CARTESIAN_POINT('',(138.533852,-100.433704,1.51));
#1797 = LINE('',#1798,#1799);
#1798 = CARTESIAN_POINT('',(138.533852,-114.433704,1.51));
#1799 = VECTOR('',#1800,1.);
#1800 = DIRECTION('',(0.,1.,0.));
#1801 = ORIENTED_EDGE('',*,*,#1802,.F.);
#1802 = EDGE_CURVE('',#1803,#1795,#1805,.T.);
#1803 = VERTEX_POINT('',#1804);
#1804 = CARTESIAN_POINT('',(138.533852,-100.433704,0.));
#1805 = LINE('',#1806,#1807);
#1806 = CARTESIAN_POINT('',(138.533852,-100.433704,0.));
#1807 = VECTOR('',#1808,1.);
#1808 = DIRECTION('',(0.,0.,1.));
#1809 = ORIENTED_EDGE('',*,*,#1810,.F.);
#1810 = EDGE_CURVE('',#1772,#1803,#1811,.T.);
#1811 = LINE('',#1812,#1813);
#1812 = CARTESIAN_POINT('',(138.533852,-114.433704,0.));
#1813 = VECTOR('',#1814,1.);
#1814 = DIRECTION('',(0.,1.,0.));
#1815 = PLANE('',#1816);
#1816 = AXIS2_PLACEMENT_3D('',#1817,#1818,#1819);
#1817 = CARTESIAN_POINT('',(138.533852,-114.433704,0.));
#1818 = DIRECTION('',(-1.,0.,0.));
#1819 = DIRECTION('',(0.,1.,0.));
#1820 = ADVANCED_FACE('',(#1821),#1846,.T.);
#1821 = FACE_BOUND('',#1822,.T.);
#1822 = EDGE_LOOP('',(#1823,#1824,#1832,#1840));
#1823 = ORIENTED_EDGE('',*,*,#1802,.T.);
#1824 = ORIENTED_EDGE('',*,*,#1825,.T.);
#1825 = EDGE_CURVE('',#1795,#1826,#1828,.T.);
#1826 = VERTEX_POINT('',#1827);
#1827 = CARTESIAN_POINT('',(124.533852,-100.433704,1.51));
#1828 = LINE('',#1829,#1830);
#1829 = CARTESIAN_POINT('',(138.533852,-100.433704,1.51));
#1830 = VECTOR('',#1831,1.);
#1831 = DIRECTION('',(-1.,0.,0.));
#1832 = ORIENTED_EDGE('',*,*,#1833,.F.);
#1833 = EDGE_CURVE('',#1834,#1826,#1836,.T.);
#1834 = VERTEX_POINT('',#1835);
#1835 = CARTESIAN_POINT('',(124.533852,-100.433704,0.));
#1836 = LINE('',#1837,#1838);
#1837 = CARTESIAN_POINT('',(124.533852,-100.433704,0.));
#1838 = VECTOR('',#1839,1.);
#1839 = DIRECTION('',(0.,0.,1.));
#1840 = ORIENTED_EDGE('',*,*,#1841,.F.);
#1841 = EDGE_CURVE('',#1803,#1834,#1842,.T.);
#1842 = LINE('',#1843,#1844);
#1843 = CARTESIAN_POINT('',(138.533852,-100.433704,0.));
#1844 = VECTOR('',#1845,1.);
#1845 = DIRECTION('',(-1.,0.,0.));
#1846 = PLANE('',#1847);
#1847 = AXIS2_PLACEMENT_3D('',#1848,#1849,#1850);
#1848 = CARTESIAN_POINT('',(138.533852,-100.433704,0.));
#1849 = DIRECTION('',(0.,-1.,0.));
#1850 = DIRECTION('',(-1.,0.,0.));
#1851 = ADVANCED_FACE('',(#1852),#1868,.T.);
#1852 = FACE_BOUND('',#1853,.T.);
#1853 = EDGE_LOOP('',(#1854,#1855,#1861,#1862));
#1854 = ORIENTED_EDGE('',*,*,#1833,.T.);
#1855 = ORIENTED_EDGE('',*,*,#1856,.T.);
#1856 = EDGE_CURVE('',#1826,#1756,#1857,.T.);
#1857 = LINE('',#1858,#1859);
#1858 = CARTESIAN_POINT('',(124.533852,-100.433704,1.51));
#1859 = VECTOR('',#1860,1.);
#1860 = DIRECTION('',(0.,-1.,0.));
#1861 = ORIENTED_EDGE('',*,*,#1753,.F.);
#1862 = ORIENTED_EDGE('',*,*,#1863,.F.);
#1863 = EDGE_CURVE('',#1834,#1754,#1864,.T.);
#1864 = LINE('',#1865,#1866);
#1865 = CARTESIAN_POINT('',(124.533852,-100.433704,0.));
#1866 = VECTOR('',#1867,1.);
#1867 = DIRECTION('',(0.,-1.,0.));
#1868 = PLANE('',#1869);
#1869 = AXIS2_PLACEMENT_3D('',#1870,#1871,#1872);
#1870 = CARTESIAN_POINT('',(124.533852,-100.433704,0.));
#1871 = DIRECTION('',(1.,0.,-0.));
#1872 = DIRECTION('',(0.,-1.,0.));
#1873 = ADVANCED_FACE('',(#1874),#1908,.T.);
#1874 = FACE_BOUND('',#1875,.T.);
#1875 = EDGE_LOOP('',(#1876,#1886,#1894,#1902));
#1876 = ORIENTED_EDGE('',*,*,#1877,.T.);
#1877 = EDGE_CURVE('',#1878,#1880,#1882,.T.);
#1878 = VERTEX_POINT('',#1879);
#1879 = CARTESIAN_POINT('',(162.533852,-114.433704,0.));
#1880 = VERTEX_POINT('',#1881);
#1881 = CARTESIAN_POINT('',(162.533852,-114.433704,1.51));
#1882 = LINE('',#1883,#1884);
#1883 = CARTESIAN_POINT('',(162.533852,-114.433704,0.));
#1884 = VECTOR('',#1885,1.);
#1885 = DIRECTION('',(0.,0.,1.));
#1886 = ORIENTED_EDGE('',*,*,#1887,.T.);
#1887 = EDGE_CURVE('',#1880,#1888,#1890,.T.);
#1888 = VERTEX_POINT('',#1889);
#1889 = CARTESIAN_POINT('',(176.533852,-114.433704,1.51));
#1890 = LINE('',#1891,#1892);
#1891 = CARTESIAN_POINT('',(162.533852,-114.433704,1.51));
#1892 = VECTOR('',#1893,1.);
#1893 = DIRECTION('',(1.,0.,0.));
#1894 = ORIENTED_EDGE('',*,*,#1895,.F.);
#1895 = EDGE_CURVE('',#1896,#1888,#1898,.T.);
#1896 = VERTEX_POINT('',#1897);
#1897 = CARTESIAN_POINT('',(176.533852,-114.433704,0.));
#1898 = LINE('',#1899,#1900);
#1899 = CARTESIAN_POINT('',(176.533852,-114.433704,0.));
#1900 = VECTOR('',#1901,1.);
#1901 = DIRECTION('',(0.,0.,1.));
#1902 = ORIENTED_EDGE('',*,*,#1903,.F.);
#1903 = EDGE_CURVE('',#1878,#1896,#1904,.T.);
#1904 = LINE('',#1905,#1906);
#1905 = CARTESIAN_POINT('',(162.533852,-114.433704,0.));
#1906 = VECTOR('',#1907,1.);
#1907 = DIRECTION('',(1.,0.,0.));
#1908 = PLANE('',#1909);
#1909 = AXIS2_PLACEMENT_3D('',#1910,#1911,#1912);
#1910 = CARTESIAN_POINT('',(162.533852,-114.433704,0.));
#1911 = DIRECTION('',(0.,1.,0.));
#1912 = DIRECTION('',(1.,0.,0.));
#1913 = ADVANCED_FACE('',(#1914),#1939,.T.);
#1914 = FACE_BOUND('',#1915,.T.);
#1915 = EDGE_LOOP('',(#1916,#1917,#1925,#1933));
#1916 = ORIENTED_EDGE('',*,*,#1895,.T.);
#1917 = ORIENTED_EDGE('',*,*,#1918,.T.);
#1918 = EDGE_CURVE('',#1888,#1919,#1921,.T.);
#1919 = VERTEX_POINT('',#1920);
#1920 = CARTESIAN_POINT('',(176.533852,-100.433704,1.51));
#1921 = LINE('',#1922,#1923);
#1922 = CARTESIAN_POINT('',(176.533852,-114.433704,1.51));
#1923 = VECTOR('',#1924,1.);
#1924 = DIRECTION('',(0.,1.,0.));
#1925 = ORIENTED_EDGE('',*,*,#1926,.F.);
#1926 = EDGE_CURVE('',#1927,#1919,#1929,.T.);
#1927 = VERTEX_POINT('',#1928);
#1928 = CARTESIAN_POINT('',(176.533852,-100.433704,0.));
#1929 = LINE('',#1930,#1931);
#1930 = CARTESIAN_POINT('',(176.533852,-100.433704,0.));
#1931 = VECTOR('',#1932,1.);
#1932 = DIRECTION('',(0.,0.,1.));
#1933 = ORIENTED_EDGE('',*,*,#1934,.F.);
#1934 = EDGE_CURVE('',#1896,#1927,#1935,.T.);
#1935 = LINE('',#1936,#1937);
#1936 = CARTESIAN_POINT('',(176.533852,-114.433704,0.));
#1937 = VECTOR('',#1938,1.);
#1938 = DIRECTION('',(0.,1.,0.));
#1939 = PLANE('',#1940);
#1940 = AXIS2_PLACEMENT_3D('',#1941,#1942,#1943);
#1941 = CARTESIAN_POINT('',(176.533852,-114.433704,0.));
#1942 = DIRECTION('',(-1.,0.,0.));
#1943 = DIRECTION('',(0.,1.,0.));
#1944 = ADVANCED_FACE('',(#1945),#1970,.T.);
#1945 = FACE_BOUND('',#1946,.T.);
#1946 = EDGE_LOOP('',(#1947,#1948,#1956,#1964));
#1947 = ORIENTED_EDGE('',*,*,#1926,.T.);
#1948 = ORIENTED_EDGE('',*,*,#1949,.T.);
#1949 = EDGE_CURVE('',#1919,#1950,#1952,.T.);
#1950 = VERTEX_POINT('',#1951);
#1951 = CARTESIAN_POINT('',(162.533852,-100.433704,1.51));
#1952 = LINE('',#1953,#1954);
#1953 = CARTESIAN_POINT('',(176.533852,-100.433704,1.51));
#1954 = VECTOR('',#1955,1.);
#1955 = DIRECTION('',(-1.,0.,0.));
#1956 = ORIENTED_EDGE('',*,*,#1957,.F.);
#1957 = EDGE_CURVE('',#1958,#1950,#1960,.T.);
#1958 = VERTEX_POINT('',#1959);
#1959 = CARTESIAN_POINT('',(162.533852,-100.433704,0.));
#1960 = LINE('',#1961,#1962);
#1961 = CARTESIAN_POINT('',(162.533852,-100.433704,0.));
#1962 = VECTOR('',#1963,1.);
#1963 = DIRECTION('',(0.,0.,1.));
#1964 = ORIENTED_EDGE('',*,*,#1965,.F.);
#1965 = EDGE_CURVE('',#1927,#1958,#1966,.T.);
#1966 = LINE('',#1967,#1968);
#1967 = CARTESIAN_POINT('',(176.533852,-100.433704,0.));
#1968 = VECTOR('',#1969,1.);
#1969 = DIRECTION('',(-1.,0.,0.));
#1970 = PLANE('',#1971);
#1971 = AXIS2_PLACEMENT_3D('',#1972,#1973,#1974);
#1972 = CARTESIAN_POINT('',(176.533852,-100.433704,0.));
#1973 = DIRECTION('',(0.,-1.,0.));
#1974 = DIRECTION('',(-1.,0.,0.));
#1975 = ADVANCED_FACE('',(#1976),#1992,.T.);
#1976 = FACE_BOUND('',#1977,.T.);
#1977 = EDGE_LOOP('',(#1978,#1979,#1985,#1986));
#1978 = ORIENTED_EDGE('',*,*,#1957,.T.);
#1979 = ORIENTED_EDGE('',*,*,#1980,.T.);
#1980 = EDGE_CURVE('',#1950,#1880,#1981,.T.);
#1981 = LINE('',#1982,#1983);
#1982 = CARTESIAN_POINT('',(162.533852,-100.433704,1.51));
#1983 = VECTOR('',#1984,1.);
#1984 = DIRECTION('',(0.,-1.,0.));
#1985 = ORIENTED_EDGE('',*,*,#1877,.F.);
#1986 = ORIENTED_EDGE('',*,*,#1987,.F.);
#1987 = EDGE_CURVE('',#1958,#1878,#1988,.T.);
#1988 = LINE('',#1989,#1990);
#1989 = CARTESIAN_POINT('',(162.533852,-100.433704,0.));
#1990 = VECTOR('',#1991,1.);
#1991 = DIRECTION('',(0.,-1.,0.));
#1992 = PLANE('',#1993);
#1993 = AXIS2_PLACEMENT_3D('',#1994,#1995,#1996);
#1994 = CARTESIAN_POINT('',(162.533852,-100.433704,0.));
#1995 = DIRECTION('',(1.,0.,-0.));
#1996 = DIRECTION('',(0.,-1.,0.));
#1997 = ADVANCED_FACE('',(#1998),#2025,.F.);
#1998 = FACE_BOUND('',#1999,.T.);
#1999 = EDGE_LOOP('',(#2000,#2010,#2017,#2018));
#2000 = ORIENTED_EDGE('',*,*,#2001,.T.);
#2001 = EDGE_CURVE('',#2002,#2004,#2006,.T.);
#2002 = VERTEX_POINT('',#2003);
#2003 = CARTESIAN_POINT('',(181.292893,-110.392893,0.));
#2004 = VERTEX_POINT('',#2005);
#2005 = CARTESIAN_POINT('',(181.292893,-110.392893,1.51));
#2006 = LINE('',#2007,#2008);
#2007 = CARTESIAN_POINT('',(181.292893,-110.392893,0.));
#2008 = VECTOR('',#2009,1.);
#2009 = DIRECTION('',(0.,0.,1.));
#2010 = ORIENTED_EDGE('',*,*,#2011,.T.);
#2011 = EDGE_CURVE('',#2004,#2004,#2012,.T.);
#2012 = CIRCLE('',#2013,2.);
#2013 = AXIS2_PLACEMENT_3D('',#2014,#2015,#2016);
#2014 = CARTESIAN_POINT('',(179.292893,-110.392893,1.51));
#2015 = DIRECTION('',(0.,0.,1.));
#2016 = DIRECTION('',(1.,0.,-0.));
#2017 = ORIENTED_EDGE('',*,*,#2001,.F.);
#2018 = ORIENTED_EDGE('',*,*,#2019,.F.);
#2019 = EDGE_CURVE('',#2002,#2002,#2020,.T.);
#2020 = CIRCLE('',#2021,2.);
#2021 = AXIS2_PLACEMENT_3D('',#2022,#2023,#2024);
#2022 = CARTESIAN_POINT('',(179.292893,-110.392893,0.));
#2023 = DIRECTION('',(0.,0.,1.));
#2024 = DIRECTION('',(1.,0.,-0.));
#2025 = CYLINDRICAL_SURFACE('',#2026,2.);
#2026 = AXIS2_PLACEMENT_3D('',#2027,#2028,#2029);
#2027 = CARTESIAN_POINT('',(179.292893,-110.392893,0.));
#2028 = DIRECTION('',(-0.,-0.,-1.));
#2029 = DIRECTION('',(1.,0.,-0.));
#2030 = ADVANCED_FACE('',(#2031),#2065,.T.);
#2031 = FACE_BOUND('',#2032,.T.);
#2032 = EDGE_LOOP('',(#2033,#2043,#2051,#2059));
#2033 = ORIENTED_EDGE('',*,*,#2034,.T.);
#2034 = EDGE_CURVE('',#2035,#2037,#2039,.T.);
#2035 = VERTEX_POINT('',#2036);
#2036 = CARTESIAN_POINT('',(143.533852,-109.671204,0.));
#2037 = VERTEX_POINT('',#2038);
#2038 = CARTESIAN_POINT('',(143.533852,-109.671204,1.51));
#2039 = LINE('',#2040,#2041);
#2040 = CARTESIAN_POINT('',(143.533852,-109.671204,0.));
#2041 = VECTOR('',#2042,1.);
#2042 = DIRECTION('',(0.,0.,1.));
#2043 = ORIENTED_EDGE('',*,*,#2044,.T.);
#2044 = EDGE_CURVE('',#2037,#2045,#2047,.T.);
#2045 = VERTEX_POINT('',#2046);
#2046 = CARTESIAN_POINT('',(157.533852,-109.671204,1.51));
#2047 = LINE('',#2048,#2049);
#2048 = CARTESIAN_POINT('',(143.533852,-109.671204,1.51));
#2049 = VECTOR('',#2050,1.);
#2050 = DIRECTION('',(1.,0.,0.));
#2051 = ORIENTED_EDGE('',*,*,#2052,.F.);
#2052 = EDGE_CURVE('',#2053,#2045,#2055,.T.);
#2053 = VERTEX_POINT('',#2054);
#2054 = CARTESIAN_POINT('',(157.533852,-109.671204,0.));
#2055 = LINE('',#2056,#2057);
#2056 = CARTESIAN_POINT('',(157.533852,-109.671204,0.));
#2057 = VECTOR('',#2058,1.);
#2058 = DIRECTION('',(0.,0.,1.));
#2059 = ORIENTED_EDGE('',*,*,#2060,.F.);
#2060 = EDGE_CURVE('',#2035,#2053,#2061,.T.);
#2061 = LINE('',#2062,#2063);
#2062 = CARTESIAN_POINT('',(143.533852,-109.671204,0.));
#2063 = VECTOR('',#2064,1.);
#2064 = DIRECTION('',(1.,0.,0.));
#2065 = PLANE('',#2066);
#2066 = AXIS2_PLACEMENT_3D('',#2067,#2068,#2069);
#2067 = CARTESIAN_POINT('',(143.533852,-109.671204,0.));
#2068 = DIRECTION('',(0.,1.,0.));
#2069 = DIRECTION('',(1.,0.,0.));
#2070 = ADVANCED_FACE('',(#2071),#2096,.T.);
#2071 = FACE_BOUND('',#2072,.T.);
#2072 = EDGE_LOOP('',(#2073,#2074,#2082,#2090));
#2073 = ORIENTED_EDGE('',*,*,#2052,.T.);
#2074 = ORIENTED_EDGE('',*,*,#2075,.T.);
#2075 = EDGE_CURVE('',#2045,#2076,#2078,.T.);
#2076 = VERTEX_POINT('',#2077);
#2077 = CARTESIAN_POINT('',(157.533852,-95.671204,1.51));
#2078 = LINE('',#2079,#2080);
#2079 = CARTESIAN_POINT('',(157.533852,-109.671204,1.51));
#2080 = VECTOR('',#2081,1.);
#2081 = DIRECTION('',(0.,1.,0.));
#2082 = ORIENTED_EDGE('',*,*,#2083,.F.);
#2083 = EDGE_CURVE('',#2084,#2076,#2086,.T.);
#2084 = VERTEX_POINT('',#2085);
#2085 = CARTESIAN_POINT('',(157.533852,-95.671204,0.));
#2086 = LINE('',#2087,#2088);
#2087 = CARTESIAN_POINT('',(157.533852,-95.671204,0.));
#2088 = VECTOR('',#2089,1.);
#2089 = DIRECTION('',(0.,0.,1.));
#2090 = ORIENTED_EDGE('',*,*,#2091,.F.);
#2091 = EDGE_CURVE('',#2053,#2084,#2092,.T.);
#2092 = LINE('',#2093,#2094);
#2093 = CARTESIAN_POINT('',(157.533852,-109.671204,0.));
#2094 = VECTOR('',#2095,1.);
#2095 = DIRECTION('',(0.,1.,0.));
#2096 = PLANE('',#2097);
#2097 = AXIS2_PLACEMENT_3D('',#2098,#2099,#2100);
#2098 = CARTESIAN_POINT('',(157.533852,-109.671204,0.));
#2099 = DIRECTION('',(-1.,0.,0.));
#2100 = DIRECTION('',(0.,1.,0.));
#2101 = ADVANCED_FACE('',(#2102),#2127,.T.);
#2102 = FACE_BOUND('',#2103,.T.);
#2103 = EDGE_LOOP('',(#2104,#2105,#2113,#2121));
#2104 = ORIENTED_EDGE('',*,*,#2083,.T.);
#2105 = ORIENTED_EDGE('',*,*,#2106,.T.);
#2106 = EDGE_CURVE('',#2076,#2107,#2109,.T.);
#2107 = VERTEX_POINT('',#2108);
#2108 = CARTESIAN_POINT('',(143.533852,-95.671204,1.51));
#2109 = LINE('',#2110,#2111);
#2110 = CARTESIAN_POINT('',(157.533852,-95.671204,1.51));
#2111 = VECTOR('',#2112,1.);
#2112 = DIRECTION('',(-1.,0.,0.));
#2113 = ORIENTED_EDGE('',*,*,#2114,.F.);
#2114 = EDGE_CURVE('',#2115,#2107,#2117,.T.);
#2115 = VERTEX_POINT('',#2116);
#2116 = CARTESIAN_POINT('',(143.533852,-95.671204,0.));
#2117 = LINE('',#2118,#2119);
#2118 = CARTESIAN_POINT('',(143.533852,-95.671204,0.));
#2119 = VECTOR('',#2120,1.);
#2120 = DIRECTION('',(0.,0.,1.));
#2121 = ORIENTED_EDGE('',*,*,#2122,.F.);
#2122 = EDGE_CURVE('',#2084,#2115,#2123,.T.);
#2123 = LINE('',#2124,#2125);
#2124 = CARTESIAN_POINT('',(157.533852,-95.671204,0.));
#2125 = VECTOR('',#2126,1.);
#2126 = DIRECTION('',(-1.,0.,0.));
#2127 = PLANE('',#2128);
#2128 = AXIS2_PLACEMENT_3D('',#2129,#2130,#2131);
#2129 = CARTESIAN_POINT('',(157.533852,-95.671204,0.));
#2130 = DIRECTION('',(0.,-1.,0.));
#2131 = DIRECTION('',(-1.,0.,0.));
#2132 = ADVANCED_FACE('',(#2133),#2149,.T.);
#2133 = FACE_BOUND('',#2134,.T.);
#2134 = EDGE_LOOP('',(#2135,#2136,#2142,#2143));
#2135 = ORIENTED_EDGE('',*,*,#2114,.T.);
#2136 = ORIENTED_EDGE('',*,*,#2137,.T.);
#2137 = EDGE_CURVE('',#2107,#2037,#2138,.T.);
#2138 = LINE('',#2139,#2140);
#2139 = CARTESIAN_POINT('',(143.533852,-95.671204,1.51));
#2140 = VECTOR('',#2141,1.);
#2141 = DIRECTION('',(0.,-1.,0.));
#2142 = ORIENTED_EDGE('',*,*,#2034,.F.);
#2143 = ORIENTED_EDGE('',*,*,#2144,.F.);
#2144 = EDGE_CURVE('',#2115,#2035,#2145,.T.);
#2145 = LINE('',#2146,#2147);
#2146 = CARTESIAN_POINT('',(143.533852,-95.671204,0.));
#2147 = VECTOR('',#2148,1.);
#2148 = DIRECTION('',(0.,-1.,0.));
#2149 = PLANE('',#2150);
#2150 = AXIS2_PLACEMENT_3D('',#2151,#2152,#2153);
#2151 = CARTESIAN_POINT('',(143.533852,-95.671204,0.));
#2152 = DIRECTION('',(1.,0.,-0.));
#2153 = DIRECTION('',(0.,-1.,0.));
#2154 = ADVANCED_FACE('',(#2155),#2189,.T.);
#2155 = FACE_BOUND('',#2156,.T.);
#2156 = EDGE_LOOP('',(#2157,#2167,#2175,#2183));
#2157 = ORIENTED_EDGE('',*,*,#2158,.T.);
#2158 = EDGE_CURVE('',#2159,#2161,#2163,.T.);
#2159 = VERTEX_POINT('',#2160);
#2160 = CARTESIAN_POINT('',(181.533852,-107.956704,0.));
#2161 = VERTEX_POINT('',#2162);
#2162 = CARTESIAN_POINT('',(181.533852,-107.956704,1.51));
#2163 = LINE('',#2164,#2165);
#2164 = CARTESIAN_POINT('',(181.533852,-107.956704,0.));
#2165 = VECTOR('',#2166,1.);
#2166 = DIRECTION('',(0.,0.,1.));
#2167 = ORIENTED_EDGE('',*,*,#2168,.T.);
#2168 = EDGE_CURVE('',#2161,#2169,#2171,.T.);
#2169 = VERTEX_POINT('',#2170);
#2170 = CARTESIAN_POINT('',(195.533852,-107.956704,1.51));
#2171 = LINE('',#2172,#2173);
#2172 = CARTESIAN_POINT('',(181.533852,-107.956704,1.51));
#2173 = VECTOR('',#2174,1.);
#2174 = DIRECTION('',(1.,0.,0.));
#2175 = ORIENTED_EDGE('',*,*,#2176,.F.);
#2176 = EDGE_CURVE('',#2177,#2169,#2179,.T.);
#2177 = VERTEX_POINT('',#2178);
#2178 = CARTESIAN_POINT('',(195.533852,-107.956704,0.));
#2179 = LINE('',#2180,#2181);
#2180 = CARTESIAN_POINT('',(195.533852,-107.956704,0.));
#2181 = VECTOR('',#2182,1.);
#2182 = DIRECTION('',(0.,0.,1.));
#2183 = ORIENTED_EDGE('',*,*,#2184,.F.);
#2184 = EDGE_CURVE('',#2159,#2177,#2185,.T.);
#2185 = LINE('',#2186,#2187);
#2186 = CARTESIAN_POINT('',(181.533852,-107.956704,0.));
#2187 = VECTOR('',#2188,1.);
#2188 = DIRECTION('',(1.,0.,0.));
#2189 = PLANE('',#2190);
#2190 = AXIS2_PLACEMENT_3D('',#2191,#2192,#2193);
#2191 = CARTESIAN_POINT('',(181.533852,-107.956704,0.));
#2192 = DIRECTION('',(0.,1.,0.));
#2193 = DIRECTION('',(1.,0.,0.));
#2194 = ADVANCED_FACE('',(#2195),#2220,.T.);
#2195 = FACE_BOUND('',#2196,.T.);
#2196 = EDGE_LOOP('',(#2197,#2198,#2206,#2214));
#2197 = ORIENTED_EDGE('',*,*,#2176,.T.);
#2198 = ORIENTED_EDGE('',*,*,#2199,.T.);
#2199 = EDGE_CURVE('',#2169,#2200,#2202,.T.);
#2200 = VERTEX_POINT('',#2201);
#2201 = CARTESIAN_POINT('',(195.533852,-93.956704,1.51));
#2202 = LINE('',#2203,#2204);
#2203 = CARTESIAN_POINT('',(195.533852,-107.956704,1.51));
#2204 = VECTOR('',#2205,1.);
#2205 = DIRECTION('',(0.,1.,0.));
#2206 = ORIENTED_EDGE('',*,*,#2207,.F.);
#2207 = EDGE_CURVE('',#2208,#2200,#2210,.T.);
#2208 = VERTEX_POINT('',#2209);
#2209 = CARTESIAN_POINT('',(195.533852,-93.956704,0.));
#2210 = LINE('',#2211,#2212);
#2211 = CARTESIAN_POINT('',(195.533852,-93.956704,0.));
#2212 = VECTOR('',#2213,1.);
#2213 = DIRECTION('',(0.,0.,1.));
#2214 = ORIENTED_EDGE('',*,*,#2215,.F.);
#2215 = EDGE_CURVE('',#2177,#2208,#2216,.T.);
#2216 = LINE('',#2217,#2218);
#2217 = CARTESIAN_POINT('',(195.533852,-107.956704,0.));
#2218 = VECTOR('',#2219,1.);
#2219 = DIRECTION('',(0.,1.,0.));
#2220 = PLANE('',#2221);
#2221 = AXIS2_PLACEMENT_3D('',#2222,#2223,#2224);
#2222 = CARTESIAN_POINT('',(195.533852,-107.956704,0.));
#2223 = DIRECTION('',(-1.,0.,0.));
#2224 = DIRECTION('',(0.,1.,0.));
#2225 = ADVANCED_FACE('',(#2226),#2251,.T.);
#2226 = FACE_BOUND('',#2227,.T.);
#2227 = EDGE_LOOP('',(#2228,#2229,#2237,#2245));
#2228 = ORIENTED_EDGE('',*,*,#2207,.T.);
#2229 = ORIENTED_EDGE('',*,*,#2230,.T.);
#2230 = EDGE_CURVE('',#2200,#2231,#2233,.T.);
#2231 = VERTEX_POINT('',#2232);
#2232 = CARTESIAN_POINT('',(181.533852,-93.956704,1.51));
#2233 = LINE('',#2234,#2235);
#2234 = CARTESIAN_POINT('',(195.533852,-93.956704,1.51));
#2235 = VECTOR('',#2236,1.);
#2236 = DIRECTION('',(-1.,0.,0.));
#2237 = ORIENTED_EDGE('',*,*,#2238,.F.);
#2238 = EDGE_CURVE('',#2239,#2231,#2241,.T.);
#2239 = VERTEX_POINT('',#2240);
#2240 = CARTESIAN_POINT('',(181.533852,-93.956704,0.));
#2241 = LINE('',#2242,#2243);
#2242 = CARTESIAN_POINT('',(181.533852,-93.956704,0.));
#2243 = VECTOR('',#2244,1.);
#2244 = DIRECTION('',(0.,0.,1.));
#2245 = ORIENTED_EDGE('',*,*,#2246,.F.);
#2246 = EDGE_CURVE('',#2208,#2239,#2247,.T.);
#2247 = LINE('',#2248,#2249);
#2248 = CARTESIAN_POINT('',(195.533852,-93.956704,0.));
#2249 = VECTOR('',#2250,1.);
#2250 = DIRECTION('',(-1.,0.,0.));
#2251 = PLANE('',#2252);
#2252 = AXIS2_PLACEMENT_3D('',#2253,#2254,#2255);
#2253 = CARTESIAN_POINT('',(195.533852,-93.956704,0.));
#2254 = DIRECTION('',(0.,-1.,0.));
#2255 = DIRECTION('',(-1.,0.,0.));
#2256 = ADVANCED_FACE('',(#2257),#2273,.T.);
#2257 = FACE_BOUND('',#2258,.T.);
#2258 = EDGE_LOOP('',(#2259,#2260,#2266,#2267));
#2259 = ORIENTED_EDGE('',*,*,#2238,.T.);
#2260 = ORIENTED_EDGE('',*,*,#2261,.T.);
#2261 = EDGE_CURVE('',#2231,#2161,#2262,.T.);
#2262 = LINE('',#2263,#2264);
#2263 = CARTESIAN_POINT('',(181.533852,-93.956704,1.51));
#2264 = VECTOR('',#2265,1.);
#2265 = DIRECTION('',(0.,-1.,0.));
#2266 = ORIENTED_EDGE('',*,*,#2158,.F.);
#2267 = ORIENTED_EDGE('',*,*,#2268,.F.);
#2268 = EDGE_CURVE('',#2239,#2159,#2269,.T.);
#2269 = LINE('',#2270,#2271);
#2270 = CARTESIAN_POINT('',(181.533852,-93.956704,0.));
#2271 = VECTOR('',#2272,1.);
#2272 = DIRECTION('',(0.,-1.,0.));
#2273 = PLANE('',#2274);
#2274 = AXIS2_PLACEMENT_3D('',#2275,#2276,#2277);
#2275 = CARTESIAN_POINT('',(181.533852,-93.956704,0.));
#2276 = DIRECTION('',(1.,0.,-0.));
#2277 = DIRECTION('',(0.,-1.,0.));
#2278 = ADVANCED_FACE('',(#2279),#2313,.T.);
#2279 = FACE_BOUND('',#2280,.T.);
#2280 = EDGE_LOOP('',(#2281,#2291,#2299,#2307));
#2281 = ORIENTED_EDGE('',*,*,#2282,.T.);
#2282 = EDGE_CURVE('',#2283,#2285,#2287,.T.);
#2283 = VERTEX_POINT('',#2284);
#2284 = CARTESIAN_POINT('',(105.533852,-98.241204,0.));
#2285 = VERTEX_POINT('',#2286);
#2286 = CARTESIAN_POINT('',(105.533852,-98.241204,1.51));
#2287 = LINE('',#2288,#2289);
#2288 = CARTESIAN_POINT('',(105.533852,-98.241204,0.));
#2289 = VECTOR('',#2290,1.);
#2290 = DIRECTION('',(0.,0.,1.));
#2291 = ORIENTED_EDGE('',*,*,#2292,.T.);
#2292 = EDGE_CURVE('',#2285,#2293,#2295,.T.);
#2293 = VERTEX_POINT('',#2294);
#2294 = CARTESIAN_POINT('',(119.533852,-98.241204,1.51));
#2295 = LINE('',#2296,#2297);
#2296 = CARTESIAN_POINT('',(105.533852,-98.241204,1.51));
#2297 = VECTOR('',#2298,1.);
#2298 = DIRECTION('',(1.,0.,0.));
#2299 = ORIENTED_EDGE('',*,*,#2300,.F.);
#2300 = EDGE_CURVE('',#2301,#2293,#2303,.T.);
#2301 = VERTEX_POINT('',#2302);
#2302 = CARTESIAN_POINT('',(119.533852,-98.241204,0.));
#2303 = LINE('',#2304,#2305);
#2304 = CARTESIAN_POINT('',(119.533852,-98.241204,0.));
#2305 = VECTOR('',#2306,1.);
#2306 = DIRECTION('',(0.,0.,1.));
#2307 = ORIENTED_EDGE('',*,*,#2308,.F.);
#2308 = EDGE_CURVE('',#2283,#2301,#2309,.T.);
#2309 = LINE('',#2310,#2311);
#2310 = CARTESIAN_POINT('',(105.533852,-98.241204,0.));
#2311 = VECTOR('',#2312,1.);
#2312 = DIRECTION('',(1.,0.,0.));
#2313 = PLANE('',#2314);
#2314 = AXIS2_PLACEMENT_3D('',#2315,#2316,#2317);
#2315 = CARTESIAN_POINT('',(105.533852,-98.241204,0.));
#2316 = DIRECTION('',(0.,1.,0.));
#2317 = DIRECTION('',(1.,0.,0.));
#2318 = ADVANCED_FACE('',(#2319),#2344,.T.);
#2319 = FACE_BOUND('',#2320,.T.);
#2320 = EDGE_LOOP('',(#2321,#2322,#2330,#2338));
#2321 = ORIENTED_EDGE('',*,*,#2300,.T.);
#2322 = ORIENTED_EDGE('',*,*,#2323,.T.);
#2323 = EDGE_CURVE('',#2293,#2324,#2326,.T.);
#2324 = VERTEX_POINT('',#2325);
#2325 = CARTESIAN_POINT('',(119.533852,-84.241204,1.51));
#2326 = LINE('',#2327,#2328);
#2327 = CARTESIAN_POINT('',(119.533852,-98.241204,1.51));
#2328 = VECTOR('',#2329,1.);
#2329 = DIRECTION('',(0.,1.,0.));
#2330 = ORIENTED_EDGE('',*,*,#2331,.F.);
#2331 = EDGE_CURVE('',#2332,#2324,#2334,.T.);
#2332 = VERTEX_POINT('',#2333);
#2333 = CARTESIAN_POINT('',(119.533852,-84.241204,0.));
#2334 = LINE('',#2335,#2336);
#2335 = CARTESIAN_POINT('',(119.533852,-84.241204,0.));
#2336 = VECTOR('',#2337,1.);
#2337 = DIRECTION('',(0.,0.,1.));
#2338 = ORIENTED_EDGE('',*,*,#2339,.F.);
#2339 = EDGE_CURVE('',#2301,#2332,#2340,.T.);
#2340 = LINE('',#2341,#2342);
#2341 = CARTESIAN_POINT('',(119.533852,-98.241204,0.));
#2342 = VECTOR('',#2343,1.);
#2343 = DIRECTION('',(0.,1.,0.));
#2344 = PLANE('',#2345);
#2345 = AXIS2_PLACEMENT_3D('',#2346,#2347,#2348);
#2346 = CARTESIAN_POINT('',(119.533852,-98.241204,0.));
#2347 = DIRECTION('',(-1.,0.,0.));
#2348 = DIRECTION('',(0.,1.,0.));
#2349 = ADVANCED_FACE('',(#2350),#2375,.T.);
#2350 = FACE_BOUND('',#2351,.T.);
#2351 = EDGE_LOOP('',(#2352,#2353,#2361,#2369));
#2352 = ORIENTED_EDGE('',*,*,#2331,.T.);
#2353 = ORIENTED_EDGE('',*,*,#2354,.T.);
#2354 = EDGE_CURVE('',#2324,#2355,#2357,.T.);
#2355 = VERTEX_POINT('',#2356);
#2356 = CARTESIAN_POINT('',(105.533852,-84.241204,1.51));
#2357 = LINE('',#2358,#2359);
#2358 = CARTESIAN_POINT('',(119.533852,-84.241204,1.51));
#2359 = VECTOR('',#2360,1.);
#2360 = DIRECTION('',(-1.,0.,0.));
#2361 = ORIENTED_EDGE('',*,*,#2362,.F.);
#2362 = EDGE_CURVE('',#2363,#2355,#2365,.T.);
#2363 = VERTEX_POINT('',#2364);
#2364 = CARTESIAN_POINT('',(105.533852,-84.241204,0.));
#2365 = LINE('',#2366,#2367);
#2366 = CARTESIAN_POINT('',(105.533852,-84.241204,0.));
#2367 = VECTOR('',#2368,1.);
#2368 = DIRECTION('',(0.,0.,1.));
#2369 = ORIENTED_EDGE('',*,*,#2370,.F.);
#2370 = EDGE_CURVE('',#2332,#2363,#2371,.T.);
#2371 = LINE('',#2372,#2373);
#2372 = CARTESIAN_POINT('',(119.533852,-84.241204,0.));
#2373 = VECTOR('',#2374,1.);
#2374 = DIRECTION('',(-1.,0.,0.));
#2375 = PLANE('',#2376);
#2376 = AXIS2_PLACEMENT_3D('',#2377,#2378,#2379);
#2377 = CARTESIAN_POINT('',(119.533852,-84.241204,0.));
#2378 = DIRECTION('',(0.,-1.,0.));
#2379 = DIRECTION('',(-1.,0.,0.));
#2380 = ADVANCED_FACE('',(#2381),#2397,.T.);
#2381 = FACE_BOUND('',#2382,.T.);
#2382 = EDGE_LOOP('',(#2383,#2384,#2390,#2391));
#2383 = ORIENTED_EDGE('',*,*,#2362,.T.);
#2384 = ORIENTED_EDGE('',*,*,#2385,.T.);
#2385 = EDGE_CURVE('',#2355,#2285,#2386,.T.);
#2386 = LINE('',#2387,#2388);
#2387 = CARTESIAN_POINT('',(105.533852,-84.241204,1.51));
#2388 = VECTOR('',#2389,1.);
#2389 = DIRECTION('',(0.,-1.,0.));
#2390 = ORIENTED_EDGE('',*,*,#2282,.F.);
#2391 = ORIENTED_EDGE('',*,*,#2392,.F.);
#2392 = EDGE_CURVE('',#2363,#2283,#2393,.T.);
#2393 = LINE('',#2394,#2395);
#2394 = CARTESIAN_POINT('',(105.533852,-84.241204,0.));
#2395 = VECTOR('',#2396,1.);
#2396 = DIRECTION('',(0.,-1.,0.));
#2397 = PLANE('',#2398);
#2398 = AXIS2_PLACEMENT_3D('',#2399,#2400,#2401);
#2399 = CARTESIAN_POINT('',(105.533852,-84.241204,0.));
#2400 = DIRECTION('',(1.,0.,-0.));
#2401 = DIRECTION('',(0.,-1.,0.));
#2402 = ADVANCED_FACE('',(#2403),#2437,.T.);
#2403 = FACE_BOUND('',#2404,.T.);
#2404 = EDGE_LOOP('',(#2405,#2415,#2423,#2431));
#2405 = ORIENTED_EDGE('',*,*,#2406,.T.);
#2406 = EDGE_CURVE('',#2407,#2409,#2411,.T.);
#2407 = VERTEX_POINT('',#2408);
#2408 = CARTESIAN_POINT('',(124.533852,-95.383704,0.));
#2409 = VERTEX_POINT('',#2410);
#2410 = CARTESIAN_POINT('',(124.533852,-95.383704,1.51));
#2411 = LINE('',#2412,#2413);
#2412 = CARTESIAN_POINT('',(124.533852,-95.383704,0.));
#2413 = VECTOR('',#2414,1.);
#2414 = DIRECTION('',(0.,0.,1.));
#2415 = ORIENTED_EDGE('',*,*,#2416,.T.);
#2416 = EDGE_CURVE('',#2409,#2417,#2419,.T.);
#2417 = VERTEX_POINT('',#2418);
#2418 = CARTESIAN_POINT('',(138.533852,-95.383704,1.51));
#2419 = LINE('',#2420,#2421);
#2420 = CARTESIAN_POINT('',(124.533852,-95.383704,1.51));
#2421 = VECTOR('',#2422,1.);
#2422 = DIRECTION('',(1.,0.,0.));
#2423 = ORIENTED_EDGE('',*,*,#2424,.F.);
#2424 = EDGE_CURVE('',#2425,#2417,#2427,.T.);
#2425 = VERTEX_POINT('',#2426);
#2426 = CARTESIAN_POINT('',(138.533852,-95.383704,0.));
#2427 = LINE('',#2428,#2429);
#2428 = CARTESIAN_POINT('',(138.533852,-95.383704,0.));
#2429 = VECTOR('',#2430,1.);
#2430 = DIRECTION('',(0.,0.,1.));
#2431 = ORIENTED_EDGE('',*,*,#2432,.F.);
#2432 = EDGE_CURVE('',#2407,#2425,#2433,.T.);
#2433 = LINE('',#2434,#2435);
#2434 = CARTESIAN_POINT('',(124.533852,-95.383704,0.));
#2435 = VECTOR('',#2436,1.);
#2436 = DIRECTION('',(1.,0.,0.));
#2437 = PLANE('',#2438);
#2438 = AXIS2_PLACEMENT_3D('',#2439,#2440,#2441);
#2439 = CARTESIAN_POINT('',(124.533852,-95.383704,0.));
#2440 = DIRECTION('',(0.,1.,0.));
#2441 = DIRECTION('',(1.,0.,0.));
#2442 = ADVANCED_FACE('',(#2443),#2468,.T.);
#2443 = FACE_BOUND('',#2444,.T.);
#2444 = EDGE_LOOP('',(#2445,#2446,#2454,#2462));
#2445 = ORIENTED_EDGE('',*,*,#2424,.T.);
#2446 = ORIENTED_EDGE('',*,*,#2447,.T.);
#2447 = EDGE_CURVE('',#2417,#2448,#2450,.T.);
#2448 = VERTEX_POINT('',#2449);
#2449 = CARTESIAN_POINT('',(138.533852,-81.383704,1.51));
#2450 = LINE('',#2451,#2452);
#2451 = CARTESIAN_POINT('',(138.533852,-95.383704,1.51));
#2452 = VECTOR('',#2453,1.);
#2453 = DIRECTION('',(0.,1.,0.));
#2454 = ORIENTED_EDGE('',*,*,#2455,.F.);
#2455 = EDGE_CURVE('',#2456,#2448,#2458,.T.);
#2456 = VERTEX_POINT('',#2457);
#2457 = CARTESIAN_POINT('',(138.533852,-81.383704,0.));
#2458 = LINE('',#2459,#2460);
#2459 = CARTESIAN_POINT('',(138.533852,-81.383704,0.));
#2460 = VECTOR('',#2461,1.);
#2461 = DIRECTION('',(0.,0.,1.));
#2462 = ORIENTED_EDGE('',*,*,#2463,.F.);
#2463 = EDGE_CURVE('',#2425,#2456,#2464,.T.);
#2464 = LINE('',#2465,#2466);
#2465 = CARTESIAN_POINT('',(138.533852,-95.383704,0.));
#2466 = VECTOR('',#2467,1.);
#2467 = DIRECTION('',(0.,1.,0.));
#2468 = PLANE('',#2469);
#2469 = AXIS2_PLACEMENT_3D('',#2470,#2471,#2472);
#2470 = CARTESIAN_POINT('',(138.533852,-95.383704,0.));
#2471 = DIRECTION('',(-1.,0.,0.));
#2472 = DIRECTION('',(0.,1.,0.));
#2473 = ADVANCED_FACE('',(#2474),#2499,.T.);
#2474 = FACE_BOUND('',#2475,.T.);
#2475 = EDGE_LOOP('',(#2476,#2477,#2485,#2493));
#2476 = ORIENTED_EDGE('',*,*,#2455,.T.);
#2477 = ORIENTED_EDGE('',*,*,#2478,.T.);
#2478 = EDGE_CURVE('',#2448,#2479,#2481,.T.);
#2479 = VERTEX_POINT('',#2480);
#2480 = CARTESIAN_POINT('',(124.533852,-81.383704,1.51));
#2481 = LINE('',#2482,#2483);
#2482 = CARTESIAN_POINT('',(138.533852,-81.383704,1.51));
#2483 = VECTOR('',#2484,1.);
#2484 = DIRECTION('',(-1.,0.,0.));
#2485 = ORIENTED_EDGE('',*,*,#2486,.F.);
#2486 = EDGE_CURVE('',#2487,#2479,#2489,.T.);
#2487 = VERTEX_POINT('',#2488);
#2488 = CARTESIAN_POINT('',(124.533852,-81.383704,0.));
#2489 = LINE('',#2490,#2491);
#2490 = CARTESIAN_POINT('',(124.533852,-81.383704,0.));
#2491 = VECTOR('',#2492,1.);
#2492 = DIRECTION('',(0.,0.,1.));
#2493 = ORIENTED_EDGE('',*,*,#2494,.F.);
#2494 = EDGE_CURVE('',#2456,#2487,#2495,.T.);
#2495 = LINE('',#2496,#2497);
#2496 = CARTESIAN_POINT('',(138.533852,-81.383704,0.));
#2497 = VECTOR('',#2498,1.);
#2498 = DIRECTION('',(-1.,0.,0.));
#2499 = PLANE('',#2500);
#2500 = AXIS2_PLACEMENT_3D('',#2501,#2502,#2503);
#2501 = CARTESIAN_POINT('',(138.533852,-81.383704,0.));
#2502 = DIRECTION('',(0.,-1.,0.));
#2503 = DIRECTION('',(-1.,0.,0.));
#2504 = ADVANCED_FACE('',(#2505),#2521,.T.);
#2505 = FACE_BOUND('',#2506,.T.);
#2506 = EDGE_LOOP('',(#2507,#2508,#2514,#2515));
#2507 = ORIENTED_EDGE('',*,*,#2486,.T.);
#2508 = ORIENTED_EDGE('',*,*,#2509,.T.);
#2509 = EDGE_CURVE('',#2479,#2409,#2510,.T.);
#2510 = LINE('',#2511,#2512);
#2511 = CARTESIAN_POINT('',(124.533852,-81.383704,1.51));
#2512 = VECTOR('',#2513,1.);
#2513 = DIRECTION('',(0.,-1.,0.));
#2514 = ORIENTED_EDGE('',*,*,#2406,.F.);
#2515 = ORIENTED_EDGE('',*,*,#2516,.F.);
#2516 = EDGE_CURVE('',#2487,#2407,#2517,.T.);
#2517 = LINE('',#2518,#2519);
#2518 = CARTESIAN_POINT('',(124.533852,-81.383704,0.));
#2519 = VECTOR('',#2520,1.);
#2520 = DIRECTION('',(0.,-1.,0.));
#2521 = PLANE('',#2522);
#2522 = AXIS2_PLACEMENT_3D('',#2523,#2524,#2525);
#2523 = CARTESIAN_POINT('',(124.533852,-81.383704,0.));
#2524 = DIRECTION('',(1.,0.,-0.));
#2525 = DIRECTION('',(0.,-1.,0.));
#2526 = ADVANCED_FACE('',(#2527),#2561,.T.);
#2527 = FACE_BOUND('',#2528,.T.);
#2528 = EDGE_LOOP('',(#2529,#2539,#2547,#2555));
#2529 = ORIENTED_EDGE('',*,*,#2530,.T.);
#2530 = EDGE_CURVE('',#2531,#2533,#2535,.T.);
#2531 = VERTEX_POINT('',#2532);
#2532 = CARTESIAN_POINT('',(162.533852,-95.383704,0.));
#2533 = VERTEX_POINT('',#2534);
#2534 = CARTESIAN_POINT('',(162.533852,-95.383704,1.51));
#2535 = LINE('',#2536,#2537);
#2536 = CARTESIAN_POINT('',(162.533852,-95.383704,0.));
#2537 = VECTOR('',#2538,1.);
#2538 = DIRECTION('',(0.,0.,1.));
#2539 = ORIENTED_EDGE('',*,*,#2540,.T.);
#2540 = EDGE_CURVE('',#2533,#2541,#2543,.T.);
#2541 = VERTEX_POINT('',#2542);
#2542 = CARTESIAN_POINT('',(176.533852,-95.383704,1.51));
#2543 = LINE('',#2544,#2545);
#2544 = CARTESIAN_POINT('',(162.533852,-95.383704,1.51));
#2545 = VECTOR('',#2546,1.);
#2546 = DIRECTION('',(1.,0.,0.));
#2547 = ORIENTED_EDGE('',*,*,#2548,.F.);
#2548 = EDGE_CURVE('',#2549,#2541,#2551,.T.);
#2549 = VERTEX_POINT('',#2550);
#2550 = CARTESIAN_POINT('',(176.533852,-95.383704,0.));
#2551 = LINE('',#2552,#2553);
#2552 = CARTESIAN_POINT('',(176.533852,-95.383704,0.));
#2553 = VECTOR('',#2554,1.);
#2554 = DIRECTION('',(0.,0.,1.));
#2555 = ORIENTED_EDGE('',*,*,#2556,.F.);
#2556 = EDGE_CURVE('',#2531,#2549,#2557,.T.);
#2557 = LINE('',#2558,#2559);
#2558 = CARTESIAN_POINT('',(162.533852,-95.383704,0.));
#2559 = VECTOR('',#2560,1.);
#2560 = DIRECTION('',(1.,0.,0.));
#2561 = PLANE('',#2562);
#2562 = AXIS2_PLACEMENT_3D('',#2563,#2564,#2565);
#2563 = CARTESIAN_POINT('',(162.533852,-95.383704,0.));
#2564 = DIRECTION('',(0.,1.,0.));
#2565 = DIRECTION('',(1.,0.,0.));
#2566 = ADVANCED_FACE('',(#2567),#2592,.T.);
#2567 = FACE_BOUND('',#2568,.T.);
#2568 = EDGE_LOOP('',(#2569,#2570,#2578,#2586));
#2569 = ORIENTED_EDGE('',*,*,#2548,.T.);
#2570 = ORIENTED_EDGE('',*,*,#2571,.T.);
#2571 = EDGE_CURVE('',#2541,#2572,#2574,.T.);
#2572 = VERTEX_POINT('',#2573);
#2573 = CARTESIAN_POINT('',(176.533852,-81.383704,1.51));
#2574 = LINE('',#2575,#2576);
#2575 = CARTESIAN_POINT('',(176.533852,-95.383704,1.51));
#2576 = VECTOR('',#2577,1.);
#2577 = DIRECTION('',(0.,1.,0.));
#2578 = ORIENTED_EDGE('',*,*,#2579,.F.);
#2579 = EDGE_CURVE('',#2580,#2572,#2582,.T.);
#2580 = VERTEX_POINT('',#2581);
#2581 = CARTESIAN_POINT('',(176.533852,-81.383704,0.));
#2582 = LINE('',#2583,#2584);
#2583 = CARTESIAN_POINT('',(176.533852,-81.383704,0.));
#2584 = VECTOR('',#2585,1.);
#2585 = DIRECTION('',(0.,0.,1.));
#2586 = ORIENTED_EDGE('',*,*,#2587,.F.);
#2587 = EDGE_CURVE('',#2549,#2580,#2588,.T.);
#2588 = LINE('',#2589,#2590);
#2589 = CARTESIAN_POINT('',(176.533852,-95.383704,0.));
#2590 = VECTOR('',#2591,1.);
#2591 = DIRECTION('',(0.,1.,0.));
#2592 = PLANE('',#2593);
#2593 = AXIS2_PLACEMENT_3D('',#2594,#2595,#2596);
#2594 = CARTESIAN_POINT('',(176.533852,-95.383704,0.));
#2595 = DIRECTION('',(-1.,0.,0.));
#2596 = DIRECTION('',(0.,1.,0.));
#2597 = ADVANCED_FACE('',(#2598),#2623,.T.);
#2598 = FACE_BOUND('',#2599,.T.);
#2599 = EDGE_LOOP('',(#2600,#2601,#2609,#2617));
#2600 = ORIENTED_EDGE('',*,*,#2579,.T.);
#2601 = ORIENTED_EDGE('',*,*,#2602,.T.);
#2602 = EDGE_CURVE('',#2572,#2603,#2605,.T.);
#2603 = VERTEX_POINT('',#2604);
#2604 = CARTESIAN_POINT('',(162.533852,-81.383704,1.51));
#2605 = LINE('',#2606,#2607);
#2606 = CARTESIAN_POINT('',(176.533852,-81.383704,1.51));
#2607 = VECTOR('',#2608,1.);
#2608 = DIRECTION('',(-1.,0.,0.));
#2609 = ORIENTED_EDGE('',*,*,#2610,.F.);
#2610 = EDGE_CURVE('',#2611,#2603,#2613,.T.);
#2611 = VERTEX_POINT('',#2612);
#2612 = CARTESIAN_POINT('',(162.533852,-81.383704,0.));
#2613 = LINE('',#2614,#2615);
#2614 = CARTESIAN_POINT('',(162.533852,-81.383704,0.));
#2615 = VECTOR('',#2616,1.);
#2616 = DIRECTION('',(0.,0.,1.));
#2617 = ORIENTED_EDGE('',*,*,#2618,.F.);
#2618 = EDGE_CURVE('',#2580,#2611,#2619,.T.);
#2619 = LINE('',#2620,#2621);
#2620 = CARTESIAN_POINT('',(176.533852,-81.383704,0.));
#2621 = VECTOR('',#2622,1.);
#2622 = DIRECTION('',(-1.,0.,0.));
#2623 = PLANE('',#2624);
#2624 = AXIS2_PLACEMENT_3D('',#2625,#2626,#2627);
#2625 = CARTESIAN_POINT('',(176.533852,-81.383704,0.));
#2626 = DIRECTION('',(0.,-1.,0.));
#2627 = DIRECTION('',(-1.,0.,0.));
#2628 = ADVANCED_FACE('',(#2629),#2645,.T.);
#2629 = FACE_BOUND('',#2630,.T.);
#2630 = EDGE_LOOP('',(#2631,#2632,#2638,#2639));
#2631 = ORIENTED_EDGE('',*,*,#2610,.T.);
#2632 = ORIENTED_EDGE('',*,*,#2633,.T.);
#2633 = EDGE_CURVE('',#2603,#2533,#2634,.T.);
#2634 = LINE('',#2635,#2636);
#2635 = CARTESIAN_POINT('',(162.533852,-81.383704,1.51));
#2636 = VECTOR('',#2637,1.);
#2637 = DIRECTION('',(0.,-1.,0.));
#2638 = ORIENTED_EDGE('',*,*,#2530,.F.);
#2639 = ORIENTED_EDGE('',*,*,#2640,.F.);
#2640 = EDGE_CURVE('',#2611,#2531,#2641,.T.);
#2641 = LINE('',#2642,#2643);
#2642 = CARTESIAN_POINT('',(162.533852,-81.383704,0.));
#2643 = VECTOR('',#2644,1.);
#2644 = DIRECTION('',(0.,-1.,0.));
#2645 = PLANE('',#2646);
#2646 = AXIS2_PLACEMENT_3D('',#2647,#2648,#2649);
#2647 = CARTESIAN_POINT('',(162.533852,-81.383704,0.));
#2648 = DIRECTION('',(1.,0.,-0.));
#2649 = DIRECTION('',(0.,-1.,0.));
#2650 = ADVANCED_FACE('',(#2651),#2678,.F.);
#2651 = FACE_BOUND('',#2652,.T.);
#2652 = EDGE_LOOP('',(#2653,#2663,#2670,#2671));
#2653 = ORIENTED_EDGE('',*,*,#2654,.T.);
#2654 = EDGE_CURVE('',#2655,#2657,#2659,.T.);
#2655 = VERTEX_POINT('',#2656);
#2656 = CARTESIAN_POINT('',(181.392893,-91.392893,0.));
#2657 = VERTEX_POINT('',#2658);
#2658 = CARTESIAN_POINT('',(181.392893,-91.392893,1.51));
#2659 = LINE('',#2660,#2661);
#2660 = CARTESIAN_POINT('',(181.392893,-91.392893,0.));
#2661 = VECTOR('',#2662,1.);
#2662 = DIRECTION('',(0.,0.,1.));
#2663 = ORIENTED_EDGE('',*,*,#2664,.T.);
#2664 = EDGE_CURVE('',#2657,#2657,#2665,.T.);
#2665 = CIRCLE('',#2666,2.);
#2666 = AXIS2_PLACEMENT_3D('',#2667,#2668,#2669);
#2667 = CARTESIAN_POINT('',(179.392893,-91.392893,1.51));
#2668 = DIRECTION('',(0.,0.,1.));
#2669 = DIRECTION('',(1.,0.,-0.));
#2670 = ORIENTED_EDGE('',*,*,#2654,.F.);
#2671 = ORIENTED_EDGE('',*,*,#2672,.F.);
#2672 = EDGE_CURVE('',#2655,#2655,#2673,.T.);
#2673 = CIRCLE('',#2674,2.);
#2674 = AXIS2_PLACEMENT_3D('',#2675,#2676,#2677);
#2675 = CARTESIAN_POINT('',(179.392893,-91.392893,0.));
#2676 = DIRECTION('',(0.,0.,1.));
#2677 = DIRECTION('',(1.,0.,-0.));
#2678 = CYLINDRICAL_SURFACE('',#2679,2.);
#2679 = AXIS2_PLACEMENT_3D('',#2680,#2681,#2682);
#2680 = CARTESIAN_POINT('',(179.392893,-91.392893,0.));
#2681 = DIRECTION('',(-0.,-0.,-1.));
#2682 = DIRECTION('',(1.,0.,-0.));
#2683 = ADVANCED_FACE('',(#2684),#2718,.T.);
#2684 = FACE_BOUND('',#2685,.T.);
#2685 = EDGE_LOOP('',(#2686,#2696,#2704,#2712));
#2686 = ORIENTED_EDGE('',*,*,#2687,.T.);
#2687 = EDGE_CURVE('',#2688,#2690,#2692,.T.);
#2688 = VERTEX_POINT('',#2689);
#2689 = CARTESIAN_POINT('',(143.533852,-90.621204,0.));
#2690 = VERTEX_POINT('',#2691);
#2691 = CARTESIAN_POINT('',(143.533852,-90.621204,1.51));
#2692 = LINE('',#2693,#2694);
#2693 = CARTESIAN_POINT('',(143.533852,-90.621204,0.));
#2694 = VECTOR('',#2695,1.);
#2695 = DIRECTION('',(0.,0.,1.));
#2696 = ORIENTED_EDGE('',*,*,#2697,.T.);
#2697 = EDGE_CURVE('',#2690,#2698,#2700,.T.);
#2698 = VERTEX_POINT('',#2699);
#2699 = CARTESIAN_POINT('',(157.533852,-90.621204,1.51));
#2700 = LINE('',#2701,#2702);
#2701 = CARTESIAN_POINT('',(143.533852,-90.621204,1.51));
#2702 = VECTOR('',#2703,1.);
#2703 = DIRECTION('',(1.,0.,0.));
#2704 = ORIENTED_EDGE('',*,*,#2705,.F.);
#2705 = EDGE_CURVE('',#2706,#2698,#2708,.T.);
#2706 = VERTEX_POINT('',#2707);
#2707 = CARTESIAN_POINT('',(157.533852,-90.621204,0.));
#2708 = LINE('',#2709,#2710);
#2709 = CARTESIAN_POINT('',(157.533852,-90.621204,0.));
#2710 = VECTOR('',#2711,1.);
#2711 = DIRECTION('',(0.,0.,1.));
#2712 = ORIENTED_EDGE('',*,*,#2713,.F.);
#2713 = EDGE_CURVE('',#2688,#2706,#2714,.T.);
#2714 = LINE('',#2715,#2716);
#2715 = CARTESIAN_POINT('',(143.533852,-90.621204,0.));
#2716 = VECTOR('',#2717,1.);
#2717 = DIRECTION('',(1.,0.,0.));
#2718 = PLANE('',#2719);
#2719 = AXIS2_PLACEMENT_3D('',#2720,#2721,#2722);
#2720 = CARTESIAN_POINT('',(143.533852,-90.621204,0.));
#2721 = DIRECTION('',(0.,1.,0.));
#2722 = DIRECTION('',(1.,0.,0.));
#2723 = ADVANCED_FACE('',(#2724),#2749,.T.);
#2724 = FACE_BOUND('',#2725,.T.);
#2725 = EDGE_LOOP('',(#2726,#2727,#2735,#2743));
#2726 = ORIENTED_EDGE('',*,*,#2705,.T.);
#2727 = ORIENTED_EDGE('',*,*,#2728,.T.);
#2728 = EDGE_CURVE('',#2698,#2729,#2731,.T.);
#2729 = VERTEX_POINT('',#2730);
#2730 = CARTESIAN_POINT('',(157.533852,-76.621204,1.51));
#2731 = LINE('',#2732,#2733);
#2732 = CARTESIAN_POINT('',(157.533852,-90.621204,1.51));
#2733 = VECTOR('',#2734,1.);
#2734 = DIRECTION('',(0.,1.,0.));
#2735 = ORIENTED_EDGE('',*,*,#2736,.F.);
#2736 = EDGE_CURVE('',#2737,#2729,#2739,.T.);
#2737 = VERTEX_POINT('',#2738);
#2738 = CARTESIAN_POINT('',(157.533852,-76.621204,0.));
#2739 = LINE('',#2740,#2741);
#2740 = CARTESIAN_POINT('',(157.533852,-76.621204,0.));
#2741 = VECTOR('',#2742,1.);
#2742 = DIRECTION('',(0.,0.,1.));
#2743 = ORIENTED_EDGE('',*,*,#2744,.F.);
#2744 = EDGE_CURVE('',#2706,#2737,#2745,.T.);
#2745 = LINE('',#2746,#2747);
#2746 = CARTESIAN_POINT('',(157.533852,-90.621204,0.));
#2747 = VECTOR('',#2748,1.);
#2748 = DIRECTION('',(0.,1.,0.));
#2749 = PLANE('',#2750);
#2750 = AXIS2_PLACEMENT_3D('',#2751,#2752,#2753);
#2751 = CARTESIAN_POINT('',(157.533852,-90.621204,0.));
#2752 = DIRECTION('',(-1.,0.,0.));
#2753 = DIRECTION('',(0.,1.,0.));
#2754 = ADVANCED_FACE('',(#2755),#2780,.T.);
#2755 = FACE_BOUND('',#2756,.T.);
#2756 = EDGE_LOOP('',(#2757,#2758,#2766,#2774));
#2757 = ORIENTED_EDGE('',*,*,#2736,.T.);
#2758 = ORIENTED_EDGE('',*,*,#2759,.T.);
#2759 = EDGE_CURVE('',#2729,#2760,#2762,.T.);
#2760 = VERTEX_POINT('',#2761);
#2761 = CARTESIAN_POINT('',(143.533852,-76.621204,1.51));
#2762 = LINE('',#2763,#2764);
#2763 = CARTESIAN_POINT('',(157.533852,-76.621204,1.51));
#2764 = VECTOR('',#2765,1.);
#2765 = DIRECTION('',(-1.,0.,0.));
#2766 = ORIENTED_EDGE('',*,*,#2767,.F.);
#2767 = EDGE_CURVE('',#2768,#2760,#2770,.T.);
#2768 = VERTEX_POINT('',#2769);
#2769 = CARTESIAN_POINT('',(143.533852,-76.621204,0.));
#2770 = LINE('',#2771,#2772);
#2771 = CARTESIAN_POINT('',(143.533852,-76.621204,0.));
#2772 = VECTOR('',#2773,1.);
#2773 = DIRECTION('',(0.,0.,1.));
#2774 = ORIENTED_EDGE('',*,*,#2775,.F.);
#2775 = EDGE_CURVE('',#2737,#2768,#2776,.T.);
#2776 = LINE('',#2777,#2778);
#2777 = CARTESIAN_POINT('',(157.533852,-76.621204,0.));
#2778 = VECTOR('',#2779,1.);
#2779 = DIRECTION('',(-1.,0.,0.));
#2780 = PLANE('',#2781);
#2781 = AXIS2_PLACEMENT_3D('',#2782,#2783,#2784);
#2782 = CARTESIAN_POINT('',(157.533852,-76.621204,0.));
#2783 = DIRECTION('',(0.,-1.,0.));
#2784 = DIRECTION('',(-1.,0.,0.));
#2785 = ADVANCED_FACE('',(#2786),#2802,.T.);
#2786 = FACE_BOUND('',#2787,.T.);
#2787 = EDGE_LOOP('',(#2788,#2789,#2795,#2796));
#2788 = ORIENTED_EDGE('',*,*,#2767,.T.);
#2789 = ORIENTED_EDGE('',*,*,#2790,.T.);
#2790 = EDGE_CURVE('',#2760,#2690,#2791,.T.);
#2791 = LINE('',#2792,#2793);
#2792 = CARTESIAN_POINT('',(143.533852,-76.621204,1.51));
#2793 = VECTOR('',#2794,1.);
#2794 = DIRECTION('',(0.,-1.,0.));
#2795 = ORIENTED_EDGE('',*,*,#2687,.F.);
#2796 = ORIENTED_EDGE('',*,*,#2797,.F.);
#2797 = EDGE_CURVE('',#2768,#2688,#2798,.T.);
#2798 = LINE('',#2799,#2800);
#2799 = CARTESIAN_POINT('',(143.533852,-76.621204,0.));
#2800 = VECTOR('',#2801,1.);
#2801 = DIRECTION('',(0.,-1.,0.));
#2802 = PLANE('',#2803);
#2803 = AXIS2_PLACEMENT_3D('',#2804,#2805,#2806);
#2804 = CARTESIAN_POINT('',(143.533852,-76.621204,0.));
#2805 = DIRECTION('',(1.,0.,-0.));
#2806 = DIRECTION('',(0.,-1.,0.));
#2807 = ADVANCED_FACE('',(#2808),#2842,.T.);
#2808 = FACE_BOUND('',#2809,.T.);
#2809 = EDGE_LOOP('',(#2810,#2820,#2828,#2836));
#2810 = ORIENTED_EDGE('',*,*,#2811,.T.);
#2811 = EDGE_CURVE('',#2812,#2814,#2816,.T.);
#2812 = VERTEX_POINT('',#2813);
#2813 = CARTESIAN_POINT('',(181.533852,-88.906704,0.));
#2814 = VERTEX_POINT('',#2815);
#2815 = CARTESIAN_POINT('',(181.533852,-88.906704,1.51));
#2816 = LINE('',#2817,#2818);
#2817 = CARTESIAN_POINT('',(181.533852,-88.906704,0.));
#2818 = VECTOR('',#2819,1.);
#2819 = DIRECTION('',(0.,0.,1.));
#2820 = ORIENTED_EDGE('',*,*,#2821,.T.);
#2821 = EDGE_CURVE('',#2814,#2822,#2824,.T.);
#2822 = VERTEX_POINT('',#2823);
#2823 = CARTESIAN_POINT('',(195.533852,-88.906704,1.51));
#2824 = LINE('',#2825,#2826);
#2825 = CARTESIAN_POINT('',(181.533852,-88.906704,1.51));
#2826 = VECTOR('',#2827,1.);
#2827 = DIRECTION('',(1.,0.,0.));
#2828 = ORIENTED_EDGE('',*,*,#2829,.F.);
#2829 = EDGE_CURVE('',#2830,#2822,#2832,.T.);
#2830 = VERTEX_POINT('',#2831);
#2831 = CARTESIAN_POINT('',(195.533852,-88.906704,0.));
#2832 = LINE('',#2833,#2834);
#2833 = CARTESIAN_POINT('',(195.533852,-88.906704,0.));
#2834 = VECTOR('',#2835,1.);
#2835 = DIRECTION('',(0.,0.,1.));
#2836 = ORIENTED_EDGE('',*,*,#2837,.F.);
#2837 = EDGE_CURVE('',#2812,#2830,#2838,.T.);
#2838 = LINE('',#2839,#2840);
#2839 = CARTESIAN_POINT('',(181.533852,-88.906704,0.));
#2840 = VECTOR('',#2841,1.);
#2841 = DIRECTION('',(1.,0.,0.));
#2842 = PLANE('',#2843);
#2843 = AXIS2_PLACEMENT_3D('',#2844,#2845,#2846);
#2844 = CARTESIAN_POINT('',(181.533852,-88.906704,0.));
#2845 = DIRECTION('',(0.,1.,0.));
#2846 = DIRECTION('',(1.,0.,0.));
#2847 = ADVANCED_FACE('',(#2848),#2873,.T.);
#2848 = FACE_BOUND('',#2849,.T.);
#2849 = EDGE_LOOP('',(#2850,#2851,#2859,#2867));
#2850 = ORIENTED_EDGE('',*,*,#2829,.T.);
#2851 = ORIENTED_EDGE('',*,*,#2852,.T.);
#2852 = EDGE_CURVE('',#2822,#2853,#2855,.T.);
#2853 = VERTEX_POINT('',#2854);
#2854 = CARTESIAN_POINT('',(195.533852,-74.906704,1.51));
#2855 = LINE('',#2856,#2857);
#2856 = CARTESIAN_POINT('',(195.533852,-88.906704,1.51));
#2857 = VECTOR('',#2858,1.);
#2858 = DIRECTION('',(0.,1.,0.));
#2859 = ORIENTED_EDGE('',*,*,#2860,.F.);
#2860 = EDGE_CURVE('',#2861,#2853,#2863,.T.);
#2861 = VERTEX_POINT('',#2862);
#2862 = CARTESIAN_POINT('',(195.533852,-74.906704,0.));
#2863 = LINE('',#2864,#2865);
#2864 = CARTESIAN_POINT('',(195.533852,-74.906704,0.));
#2865 = VECTOR('',#2866,1.);
#2866 = DIRECTION('',(0.,0.,1.));
#2867 = ORIENTED_EDGE('',*,*,#2868,.F.);
#2868 = EDGE_CURVE('',#2830,#2861,#2869,.T.);
#2869 = LINE('',#2870,#2871);
#2870 = CARTESIAN_POINT('',(195.533852,-88.906704,0.));
#2871 = VECTOR('',#2872,1.);
#2872 = DIRECTION('',(0.,1.,0.));
#2873 = PLANE('',#2874);
#2874 = AXIS2_PLACEMENT_3D('',#2875,#2876,#2877);
#2875 = CARTESIAN_POINT('',(195.533852,-88.906704,0.));
#2876 = DIRECTION('',(-1.,0.,0.));
#2877 = DIRECTION('',(0.,1.,0.));
#2878 = ADVANCED_FACE('',(#2879),#2904,.T.);
#2879 = FACE_BOUND('',#2880,.T.);
#2880 = EDGE_LOOP('',(#2881,#2882,#2890,#2898));
#2881 = ORIENTED_EDGE('',*,*,#2860,.T.);
#2882 = ORIENTED_EDGE('',*,*,#2883,.T.);
#2883 = EDGE_CURVE('',#2853,#2884,#2886,.T.);
#2884 = VERTEX_POINT('',#2885);
#2885 = CARTESIAN_POINT('',(181.533852,-74.906704,1.51));
#2886 = LINE('',#2887,#2888);
#2887 = CARTESIAN_POINT('',(195.533852,-74.906704,1.51));
#2888 = VECTOR('',#2889,1.);
#2889 = DIRECTION('',(-1.,0.,0.));
#2890 = ORIENTED_EDGE('',*,*,#2891,.F.);
#2891 = EDGE_CURVE('',#2892,#2884,#2894,.T.);
#2892 = VERTEX_POINT('',#2893);
#2893 = CARTESIAN_POINT('',(181.533852,-74.906704,0.));
#2894 = LINE('',#2895,#2896);
#2895 = CARTESIAN_POINT('',(181.533852,-74.906704,0.));
#2896 = VECTOR('',#2897,1.);
#2897 = DIRECTION('',(0.,0.,1.));
#2898 = ORIENTED_EDGE('',*,*,#2899,.F.);
#2899 = EDGE_CURVE('',#2861,#2892,#2900,.T.);
#2900 = LINE('',#2901,#2902);
#2901 = CARTESIAN_POINT('',(195.533852,-74.906704,0.));
#2902 = VECTOR('',#2903,1.);
#2903 = DIRECTION('',(-1.,0.,0.));
#2904 = PLANE('',#2905);
#2905 = AXIS2_PLACEMENT_3D('',#2906,#2907,#2908);
#2906 = CARTESIAN_POINT('',(195.533852,-74.906704,0.));
#2907 = DIRECTION('',(0.,-1.,0.));
#2908 = DIRECTION('',(-1.,0.,0.));
#2909 = ADVANCED_FACE('',(#2910),#2926,.T.);
#2910 = FACE_BOUND('',#2911,.T.);
#2911 = EDGE_LOOP('',(#2912,#2913,#2919,#2920));
#2912 = ORIENTED_EDGE('',*,*,#2891,.T.);
#2913 = ORIENTED_EDGE('',*,*,#2914,.T.);
#2914 = EDGE_CURVE('',#2884,#2814,#2915,.T.);
#2915 = LINE('',#2916,#2917);
#2916 = CARTESIAN_POINT('',(181.533852,-74.906704,1.51));
#2917 = VECTOR('',#2918,1.);
#2918 = DIRECTION('',(0.,-1.,0.));
#2919 = ORIENTED_EDGE('',*,*,#2811,.F.);
#2920 = ORIENTED_EDGE('',*,*,#2921,.F.);
#2921 = EDGE_CURVE('',#2892,#2812,#2922,.T.);
#2922 = LINE('',#2923,#2924);
#2923 = CARTESIAN_POINT('',(181.533852,-74.906704,0.));
#2924 = VECTOR('',#2925,1.);
#2925 = DIRECTION('',(0.,-1.,0.));
#2926 = PLANE('',#2927);
#2927 = AXIS2_PLACEMENT_3D('',#2928,#2929,#2930);
#2928 = CARTESIAN_POINT('',(181.533852,-74.906704,0.));
#2929 = DIRECTION('',(1.,0.,-0.));
#2930 = DIRECTION('',(0.,-1.,0.));
#2931 = ADVANCED_FACE('',(#2932),#2959,.F.);
#2932 = FACE_BOUND('',#2933,.T.);
#2933 = EDGE_LOOP('',(#2934,#2944,#2951,#2952));
#2934 = ORIENTED_EDGE('',*,*,#2935,.T.);
#2935 = EDGE_CURVE('',#2936,#2938,#2940,.T.);
#2936 = VERTEX_POINT('',#2937);
#2937 = CARTESIAN_POINT('',(124.592893,-78.892893,0.));
#2938 = VERTEX_POINT('',#2939);
#2939 = CARTESIAN_POINT('',(124.592893,-78.892893,1.51));
#2940 = LINE('',#2941,#2942);
#2941 = CARTESIAN_POINT('',(124.592893,-78.892893,0.));
#2942 = VECTOR('',#2943,1.);
#2943 = DIRECTION('',(0.,0.,1.));
#2944 = ORIENTED_EDGE('',*,*,#2945,.T.);
#2945 = EDGE_CURVE('',#2938,#2938,#2946,.T.);
#2946 = CIRCLE('',#2947,2.);
#2947 = AXIS2_PLACEMENT_3D('',#2948,#2949,#2950);
#2948 = CARTESIAN_POINT('',(122.592893,-78.892893,1.51));
#2949 = DIRECTION('',(0.,0.,1.));
#2950 = DIRECTION('',(1.,0.,-0.));
#2951 = ORIENTED_EDGE('',*,*,#2935,.F.);
#2952 = ORIENTED_EDGE('',*,*,#2953,.F.);
#2953 = EDGE_CURVE('',#2936,#2936,#2954,.T.);
#2954 = CIRCLE('',#2955,2.);
#2955 = AXIS2_PLACEMENT_3D('',#2956,#2957,#2958);
#2956 = CARTESIAN_POINT('',(122.592893,-78.892893,0.));
#2957 = DIRECTION('',(0.,0.,1.));
#2958 = DIRECTION('',(1.,0.,-0.));
#2959 = CYLINDRICAL_SURFACE('',#2960,2.);
#2960 = AXIS2_PLACEMENT_3D('',#2961,#2962,#2963);
#2961 = CARTESIAN_POINT('',(122.592893,-78.892893,0.));
#2962 = DIRECTION('',(-0.,-0.,-1.));
#2963 = DIRECTION('',(1.,0.,-0.));
#2964 = ADVANCED_FACE('',(#2965),#2992,.F.);
#2965 = FACE_BOUND('',#2966,.T.);
#2966 = EDGE_LOOP('',(#2967,#2977,#2984,#2985));
#2967 = ORIENTED_EDGE('',*,*,#2968,.T.);
#2968 = EDGE_CURVE('',#2969,#2971,#2973,.T.);
#2969 = VERTEX_POINT('',#2970);
#2970 = CARTESIAN_POINT('',(162.192893,-78.892893,0.));
#2971 = VERTEX_POINT('',#2972);
#2972 = CARTESIAN_POINT('',(162.192893,-78.892893,1.51));
#2973 = LINE('',#2974,#2975);
#2974 = CARTESIAN_POINT('',(162.192893,-78.892893,0.));
#2975 = VECTOR('',#2976,1.);
#2976 = DIRECTION('',(0.,0.,1.));
#2977 = ORIENTED_EDGE('',*,*,#2978,.T.);
#2978 = EDGE_CURVE('',#2971,#2971,#2979,.T.);
#2979 = CIRCLE('',#2980,2.);
#2980 = AXIS2_PLACEMENT_3D('',#2981,#2982,#2983);
#2981 = CARTESIAN_POINT('',(160.192893,-78.892893,1.51));
#2982 = DIRECTION('',(0.,0.,1.));
#2983 = DIRECTION('',(1.,0.,-0.));
#2984 = ORIENTED_EDGE('',*,*,#2968,.F.);
#2985 = ORIENTED_EDGE('',*,*,#2986,.F.);
#2986 = EDGE_CURVE('',#2969,#2969,#2987,.T.);
#2987 = CIRCLE('',#2988,2.);
#2988 = AXIS2_PLACEMENT_3D('',#2989,#2990,#2991);
#2989 = CARTESIAN_POINT('',(160.192893,-78.892893,0.));
#2990 = DIRECTION('',(0.,0.,1.));
#2991 = DIRECTION('',(1.,0.,-0.));
#2992 = CYLINDRICAL_SURFACE('',#2993,2.);
#2993 = AXIS2_PLACEMENT_3D('',#2994,#2995,#2996);
#2994 = CARTESIAN_POINT('',(160.192893,-78.892893,0.));
#2995 = DIRECTION('',(-0.,-0.,-1.));
#2996 = DIRECTION('',(1.,0.,-0.));
#2997 = ADVANCED_FACE('',(#2998),#3032,.T.);
#2998 = FACE_BOUND('',#2999,.T.);
#2999 = EDGE_LOOP('',(#3000,#3010,#3018,#3026));
#3000 = ORIENTED_EDGE('',*,*,#3001,.T.);
#3001 = EDGE_CURVE('',#3002,#3004,#3006,.T.);
#3002 = VERTEX_POINT('',#3003);
#3003 = CARTESIAN_POINT('',(105.533852,-79.191204,0.));
#3004 = VERTEX_POINT('',#3005);
#3005 = CARTESIAN_POINT('',(105.533852,-79.191204,1.51));
#3006 = LINE('',#3007,#3008);
#3007 = CARTESIAN_POINT('',(105.533852,-79.191204,0.));
#3008 = VECTOR('',#3009,1.);
#3009 = DIRECTION('',(0.,0.,1.));
#3010 = ORIENTED_EDGE('',*,*,#3011,.T.);
#3011 = EDGE_CURVE('',#3004,#3012,#3014,.T.);
#3012 = VERTEX_POINT('',#3013);
#3013 = CARTESIAN_POINT('',(119.533852,-79.191204,1.51));
#3014 = LINE('',#3015,#3016);
#3015 = CARTESIAN_POINT('',(105.533852,-79.191204,1.51));
#3016 = VECTOR('',#3017,1.);
#3017 = DIRECTION('',(1.,0.,0.));
#3018 = ORIENTED_EDGE('',*,*,#3019,.F.);
#3019 = EDGE_CURVE('',#3020,#3012,#3022,.T.);
#3020 = VERTEX_POINT('',#3021);
#3021 = CARTESIAN_POINT('',(119.533852,-79.191204,0.));
#3022 = LINE('',#3023,#3024);
#3023 = CARTESIAN_POINT('',(119.533852,-79.191204,0.));
#3024 = VECTOR('',#3025,1.);
#3025 = DIRECTION('',(0.,0.,1.));
#3026 = ORIENTED_EDGE('',*,*,#3027,.F.);
#3027 = EDGE_CURVE('',#3002,#3020,#3028,.T.);
#3028 = LINE('',#3029,#3030);
#3029 = CARTESIAN_POINT('',(105.533852,-79.191204,0.));
#3030 = VECTOR('',#3031,1.);
#3031 = DIRECTION('',(1.,0.,0.));
#3032 = PLANE('',#3033);
#3033 = AXIS2_PLACEMENT_3D('',#3034,#3035,#3036);
#3034 = CARTESIAN_POINT('',(105.533852,-79.191204,0.));
#3035 = DIRECTION('',(0.,1.,0.));
#3036 = DIRECTION('',(1.,0.,0.));
#3037 = ADVANCED_FACE('',(#3038),#3063,.T.);
#3038 = FACE_BOUND('',#3039,.T.);
#3039 = EDGE_LOOP('',(#3040,#3041,#3049,#3057));
#3040 = ORIENTED_EDGE('',*,*,#3019,.T.);
#3041 = ORIENTED_EDGE('',*,*,#3042,.T.);
#3042 = EDGE_CURVE('',#3012,#3043,#3045,.T.);
#3043 = VERTEX_POINT('',#3044);
#3044 = CARTESIAN_POINT('',(119.533852,-65.191204,1.51));
#3045 = LINE('',#3046,#3047);
#3046 = CARTESIAN_POINT('',(119.533852,-79.191204,1.51));
#3047 = VECTOR('',#3048,1.);
#3048 = DIRECTION('',(0.,1.,0.));
#3049 = ORIENTED_EDGE('',*,*,#3050,.F.);
#3050 = EDGE_CURVE('',#3051,#3043,#3053,.T.);
#3051 = VERTEX_POINT('',#3052);
#3052 = CARTESIAN_POINT('',(119.533852,-65.191204,0.));
#3053 = LINE('',#3054,#3055);
#3054 = CARTESIAN_POINT('',(119.533852,-65.191204,0.));
#3055 = VECTOR('',#3056,1.);
#3056 = DIRECTION('',(0.,0.,1.));
#3057 = ORIENTED_EDGE('',*,*,#3058,.F.);
#3058 = EDGE_CURVE('',#3020,#3051,#3059,.T.);
#3059 = LINE('',#3060,#3061);
#3060 = CARTESIAN_POINT('',(119.533852,-79.191204,0.));
#3061 = VECTOR('',#3062,1.);
#3062 = DIRECTION('',(0.,1.,0.));
#3063 = PLANE('',#3064);
#3064 = AXIS2_PLACEMENT_3D('',#3065,#3066,#3067);
#3065 = CARTESIAN_POINT('',(119.533852,-79.191204,0.));
#3066 = DIRECTION('',(-1.,0.,0.));
#3067 = DIRECTION('',(0.,1.,0.));
#3068 = ADVANCED_FACE('',(#3069),#3094,.T.);
#3069 = FACE_BOUND('',#3070,.T.);
#3070 = EDGE_LOOP('',(#3071,#3072,#3080,#3088));
#3071 = ORIENTED_EDGE('',*,*,#3050,.T.);
#3072 = ORIENTED_EDGE('',*,*,#3073,.T.);
#3073 = EDGE_CURVE('',#3043,#3074,#3076,.T.);
#3074 = VERTEX_POINT('',#3075);
#3075 = CARTESIAN_POINT('',(105.533852,-65.191204,1.51));
#3076 = LINE('',#3077,#3078);
#3077 = CARTESIAN_POINT('',(119.533852,-65.191204,1.51));
#3078 = VECTOR('',#3079,1.);
#3079 = DIRECTION('',(-1.,0.,0.));
#3080 = ORIENTED_EDGE('',*,*,#3081,.F.);
#3081 = EDGE_CURVE('',#3082,#3074,#3084,.T.);
#3082 = VERTEX_POINT('',#3083);
#3083 = CARTESIAN_POINT('',(105.533852,-65.191204,0.));
#3084 = LINE('',#3085,#3086);
#3085 = CARTESIAN_POINT('',(105.533852,-65.191204,0.));
#3086 = VECTOR('',#3087,1.);
#3087 = DIRECTION('',(0.,0.,1.));
#3088 = ORIENTED_EDGE('',*,*,#3089,.F.);
#3089 = EDGE_CURVE('',#3051,#3082,#3090,.T.);
#3090 = LINE('',#3091,#3092);
#3091 = CARTESIAN_POINT('',(119.533852,-65.191204,0.));
#3092 = VECTOR('',#3093,1.);
#3093 = DIRECTION('',(-1.,0.,0.));
#3094 = PLANE('',#3095);
#3095 = AXIS2_PLACEMENT_3D('',#3096,#3097,#3098);
#3096 = CARTESIAN_POINT('',(119.533852,-65.191204,0.));
#3097 = DIRECTION('',(0.,-1.,0.));
#3098 = DIRECTION('',(-1.,0.,0.));
#3099 = ADVANCED_FACE('',(#3100),#3116,.T.);
#3100 = FACE_BOUND('',#3101,.T.);
#3101 = EDGE_LOOP('',(#3102,#3103,#3109,#3110));
#3102 = ORIENTED_EDGE('',*,*,#3081,.T.);
#3103 = ORIENTED_EDGE('',*,*,#3104,.T.);
#3104 = EDGE_CURVE('',#3074,#3004,#3105,.T.);
#3105 = LINE('',#3106,#3107);
#3106 = CARTESIAN_POINT('',(105.533852,-65.191204,1.51));
#3107 = VECTOR('',#3108,1.);
#3108 = DIRECTION('',(0.,-1.,0.));
#3109 = ORIENTED_EDGE('',*,*,#3001,.F.);
#3110 = ORIENTED_EDGE('',*,*,#3111,.F.);
#3111 = EDGE_CURVE('',#3082,#3002,#3112,.T.);
#3112 = LINE('',#3113,#3114);
#3113 = CARTESIAN_POINT('',(105.533852,-65.191204,0.));
#3114 = VECTOR('',#3115,1.);
#3115 = DIRECTION('',(0.,-1.,0.));
#3116 = PLANE('',#3117);
#3117 = AXIS2_PLACEMENT_3D('',#3118,#3119,#3120);
#3118 = CARTESIAN_POINT('',(105.533852,-65.191204,0.));
#3119 = DIRECTION('',(1.,0.,-0.));
#3120 = DIRECTION('',(0.,-1.,0.));
#3121 = ADVANCED_FACE('',(#3122),#3156,.T.);
#3122 = FACE_BOUND('',#3123,.T.);
#3123 = EDGE_LOOP('',(#3124,#3134,#3142,#3150));
#3124 = ORIENTED_EDGE('',*,*,#3125,.T.);
#3125 = EDGE_CURVE('',#3126,#3128,#3130,.T.);
#3126 = VERTEX_POINT('',#3127);
#3127 = CARTESIAN_POINT('',(124.533852,-76.333704,0.));
#3128 = VERTEX_POINT('',#3129);
#3129 = CARTESIAN_POINT('',(124.533852,-76.333704,1.51));
#3130 = LINE('',#3131,#3132);
#3131 = CARTESIAN_POINT('',(124.533852,-76.333704,0.));
#3132 = VECTOR('',#3133,1.);
#3133 = DIRECTION('',(0.,0.,1.));
#3134 = ORIENTED_EDGE('',*,*,#3135,.T.);
#3135 = EDGE_CURVE('',#3128,#3136,#3138,.T.);
#3136 = VERTEX_POINT('',#3137);
#3137 = CARTESIAN_POINT('',(138.533852,-76.333704,1.51));
#3138 = LINE('',#3139,#3140);
#3139 = CARTESIAN_POINT('',(124.533852,-76.333704,1.51));
#3140 = VECTOR('',#3141,1.);
#3141 = DIRECTION('',(1.,0.,0.));
#3142 = ORIENTED_EDGE('',*,*,#3143,.F.);
#3143 = EDGE_CURVE('',#3144,#3136,#3146,.T.);
#3144 = VERTEX_POINT('',#3145);
#3145 = CARTESIAN_POINT('',(138.533852,-76.333704,0.));
#3146 = LINE('',#3147,#3148);
#3147 = CARTESIAN_POINT('',(138.533852,-76.333704,0.));
#3148 = VECTOR('',#3149,1.);
#3149 = DIRECTION('',(0.,0.,1.));
#3150 = ORIENTED_EDGE('',*,*,#3151,.F.);
#3151 = EDGE_CURVE('',#3126,#3144,#3152,.T.);
#3152 = LINE('',#3153,#3154);
#3153 = CARTESIAN_POINT('',(124.533852,-76.333704,0.));
#3154 = VECTOR('',#3155,1.);
#3155 = DIRECTION('',(1.,0.,0.));
#3156 = PLANE('',#3157);
#3157 = AXIS2_PLACEMENT_3D('',#3158,#3159,#3160);
#3158 = CARTESIAN_POINT('',(124.533852,-76.333704,0.));
#3159 = DIRECTION('',(0.,1.,0.));
#3160 = DIRECTION('',(1.,0.,0.));
#3161 = ADVANCED_FACE('',(#3162),#3187,.T.);
#3162 = FACE_BOUND('',#3163,.T.);
#3163 = EDGE_LOOP('',(#3164,#3165,#3173,#3181));
#3164 = ORIENTED_EDGE('',*,*,#3143,.T.);
#3165 = ORIENTED_EDGE('',*,*,#3166,.T.);
#3166 = EDGE_CURVE('',#3136,#3167,#3169,.T.);
#3167 = VERTEX_POINT('',#3168);
#3168 = CARTESIAN_POINT('',(138.533852,-62.333704,1.51));
#3169 = LINE('',#3170,#3171);
#3170 = CARTESIAN_POINT('',(138.533852,-76.333704,1.51));
#3171 = VECTOR('',#3172,1.);
#3172 = DIRECTION('',(0.,1.,0.));
#3173 = ORIENTED_EDGE('',*,*,#3174,.F.);
#3174 = EDGE_CURVE('',#3175,#3167,#3177,.T.);
#3175 = VERTEX_POINT('',#3176);
#3176 = CARTESIAN_POINT('',(138.533852,-62.333704,0.));
#3177 = LINE('',#3178,#3179);
#3178 = CARTESIAN_POINT('',(138.533852,-62.333704,0.));
#3179 = VECTOR('',#3180,1.);
#3180 = DIRECTION('',(0.,0.,1.));
#3181 = ORIENTED_EDGE('',*,*,#3182,.F.);
#3182 = EDGE_CURVE('',#3144,#3175,#3183,.T.);
#3183 = LINE('',#3184,#3185);
#3184 = CARTESIAN_POINT('',(138.533852,-76.333704,0.));
#3185 = VECTOR('',#3186,1.);
#3186 = DIRECTION('',(0.,1.,0.));
#3187 = PLANE('',#3188);
#3188 = AXIS2_PLACEMENT_3D('',#3189,#3190,#3191);
#3189 = CARTESIAN_POINT('',(138.533852,-76.333704,0.));
#3190 = DIRECTION('',(-1.,0.,0.));
#3191 = DIRECTION('',(0.,1.,0.));
#3192 = ADVANCED_FACE('',(#3193),#3218,.T.);
#3193 = FACE_BOUND('',#3194,.T.);
#3194 = EDGE_LOOP('',(#3195,#3196,#3204,#3212));
#3195 = ORIENTED_EDGE('',*,*,#3174,.T.);
#3196 = ORIENTED_EDGE('',*,*,#3197,.T.);
#3197 = EDGE_CURVE('',#3167,#3198,#3200,.T.);
#3198 = VERTEX_POINT('',#3199);
#3199 = CARTESIAN_POINT('',(124.533852,-62.333704,1.51));
#3200 = LINE('',#3201,#3202);
#3201 = CARTESIAN_POINT('',(138.533852,-62.333704,1.51));
#3202 = VECTOR('',#3203,1.);
#3203 = DIRECTION('',(-1.,0.,0.));
#3204 = ORIENTED_EDGE('',*,*,#3205,.F.);
#3205 = EDGE_CURVE('',#3206,#3198,#3208,.T.);
#3206 = VERTEX_POINT('',#3207);
#3207 = CARTESIAN_POINT('',(124.533852,-62.333704,0.));
#3208 = LINE('',#3209,#3210);
#3209 = CARTESIAN_POINT('',(124.533852,-62.333704,0.));
#3210 = VECTOR('',#3211,1.);
#3211 = DIRECTION('',(0.,0.,1.));
#3212 = ORIENTED_EDGE('',*,*,#3213,.F.);
#3213 = EDGE_CURVE('',#3175,#3206,#3214,.T.);
#3214 = LINE('',#3215,#3216);
#3215 = CARTESIAN_POINT('',(138.533852,-62.333704,0.));
#3216 = VECTOR('',#3217,1.);
#3217 = DIRECTION('',(-1.,0.,0.));
#3218 = PLANE('',#3219);
#3219 = AXIS2_PLACEMENT_3D('',#3220,#3221,#3222);
#3220 = CARTESIAN_POINT('',(138.533852,-62.333704,0.));
#3221 = DIRECTION('',(0.,-1.,0.));
#3222 = DIRECTION('',(-1.,0.,0.));
#3223 = ADVANCED_FACE('',(#3224),#3240,.T.);
#3224 = FACE_BOUND('',#3225,.T.);
#3225 = EDGE_LOOP('',(#3226,#3227,#3233,#3234));
#3226 = ORIENTED_EDGE('',*,*,#3205,.T.);
#3227 = ORIENTED_EDGE('',*,*,#3228,.T.);
#3228 = EDGE_CURVE('',#3198,#3128,#3229,.T.);
#3229 = LINE('',#3230,#3231);
#3230 = CARTESIAN_POINT('',(124.533852,-62.333704,1.51));
#3231 = VECTOR('',#3232,1.);
#3232 = DIRECTION('',(0.,-1.,0.));
#3233 = ORIENTED_EDGE('',*,*,#3125,.F.);
#3234 = ORIENTED_EDGE('',*,*,#3235,.F.);
#3235 = EDGE_CURVE('',#3206,#3126,#3236,.T.);
#3236 = LINE('',#3237,#3238);
#3237 = CARTESIAN_POINT('',(124.533852,-62.333704,0.));
#3238 = VECTOR('',#3239,1.);
#3239 = DIRECTION('',(0.,-1.,0.));
#3240 = PLANE('',#3241);
#3241 = AXIS2_PLACEMENT_3D('',#3242,#3243,#3244);
#3242 = CARTESIAN_POINT('',(124.533852,-62.333704,0.));
#3243 = DIRECTION('',(1.,0.,-0.));
#3244 = DIRECTION('',(0.,-1.,0.));
#3245 = ADVANCED_FACE('',(#3246),#3280,.T.);
#3246 = FACE_BOUND('',#3247,.T.);
#3247 = EDGE_LOOP('',(#3248,#3258,#3266,#3274));
#3248 = ORIENTED_EDGE('',*,*,#3249,.T.);
#3249 = EDGE_CURVE('',#3250,#3252,#3254,.T.);
#3250 = VERTEX_POINT('',#3251);
#3251 = CARTESIAN_POINT('',(162.533852,-76.333704,0.));
#3252 = VERTEX_POINT('',#3253);
#3253 = CARTESIAN_POINT('',(162.533852,-76.333704,1.51));
#3254 = LINE('',#3255,#3256);
#3255 = CARTESIAN_POINT('',(162.533852,-76.333704,0.));
#3256 = VECTOR('',#3257,1.);
#3257 = DIRECTION('',(0.,0.,1.));
#3258 = ORIENTED_EDGE('',*,*,#3259,.T.);
#3259 = EDGE_CURVE('',#3252,#3260,#3262,.T.);
#3260 = VERTEX_POINT('',#3261);
#3261 = CARTESIAN_POINT('',(176.533852,-76.333704,1.51));
#3262 = LINE('',#3263,#3264);
#3263 = CARTESIAN_POINT('',(162.533852,-76.333704,1.51));
#3264 = VECTOR('',#3265,1.);
#3265 = DIRECTION('',(1.,0.,0.));
#3266 = ORIENTED_EDGE('',*,*,#3267,.F.);
#3267 = EDGE_CURVE('',#3268,#3260,#3270,.T.);
#3268 = VERTEX_POINT('',#3269);
#3269 = CARTESIAN_POINT('',(176.533852,-76.333704,0.));
#3270 = LINE('',#3271,#3272);
#3271 = CARTESIAN_POINT('',(176.533852,-76.333704,0.));
#3272 = VECTOR('',#3273,1.);
#3273 = DIRECTION('',(0.,0.,1.));
#3274 = ORIENTED_EDGE('',*,*,#3275,.F.);
#3275 = EDGE_CURVE('',#3250,#3268,#3276,.T.);
#3276 = LINE('',#3277,#3278);
#3277 = CARTESIAN_POINT('',(162.533852,-76.333704,0.));
#3278 = VECTOR('',#3279,1.);
#3279 = DIRECTION('',(1.,0.,0.));
#3280 = PLANE('',#3281);
#3281 = AXIS2_PLACEMENT_3D('',#3282,#3283,#3284);
#3282 = CARTESIAN_POINT('',(162.533852,-76.333704,0.));
#3283 = DIRECTION('',(0.,1.,0.));
#3284 = DIRECTION('',(1.,0.,0.));
#3285 = ADVANCED_FACE('',(#3286),#3311,.T.);
#3286 = FACE_BOUND('',#3287,.T.);
#3287 = EDGE_LOOP('',(#3288,#3289,#3297,#3305));
#3288 = ORIENTED_EDGE('',*,*,#3267,.T.);
#3289 = ORIENTED_EDGE('',*,*,#3290,.T.);
#3290 = EDGE_CURVE('',#3260,#3291,#3293,.T.);
#3291 = VERTEX_POINT('',#3292);
#3292 = CARTESIAN_POINT('',(176.533852,-62.333704,1.51));
#3293 = LINE('',#3294,#3295);
#3294 = CARTESIAN_POINT('',(176.533852,-76.333704,1.51));
#3295 = VECTOR('',#3296,1.);
#3296 = DIRECTION('',(0.,1.,0.));
#3297 = ORIENTED_EDGE('',*,*,#3298,.F.);
#3298 = EDGE_CURVE('',#3299,#3291,#3301,.T.);
#3299 = VERTEX_POINT('',#3300);
#3300 = CARTESIAN_POINT('',(176.533852,-62.333704,0.));
#3301 = LINE('',#3302,#3303);
#3302 = CARTESIAN_POINT('',(176.533852,-62.333704,0.));
#3303 = VECTOR('',#3304,1.);
#3304 = DIRECTION('',(0.,0.,1.));
#3305 = ORIENTED_EDGE('',*,*,#3306,.F.);
#3306 = EDGE_CURVE('',#3268,#3299,#3307,.T.);
#3307 = LINE('',#3308,#3309);
#3308 = CARTESIAN_POINT('',(176.533852,-76.333704,0.));
#3309 = VECTOR('',#3310,1.);
#3310 = DIRECTION('',(0.,1.,0.));
#3311 = PLANE('',#3312);
#3312 = AXIS2_PLACEMENT_3D('',#3313,#3314,#3315);
#3313 = CARTESIAN_POINT('',(176.533852,-76.333704,0.));
#3314 = DIRECTION('',(-1.,0.,0.));
#3315 = DIRECTION('',(0.,1.,0.));
#3316 = ADVANCED_FACE('',(#3317),#3342,.T.);
#3317 = FACE_BOUND('',#3318,.T.);
#3318 = EDGE_LOOP('',(#3319,#3320,#3328,#3336));
#3319 = ORIENTED_EDGE('',*,*,#3298,.T.);
#3320 = ORIENTED_EDGE('',*,*,#3321,.T.);
#3321 = EDGE_CURVE('',#3291,#3322,#3324,.T.);
#3322 = VERTEX_POINT('',#3323);
#3323 = CARTESIAN_POINT('',(162.533852,-62.333704,1.51));
#3324 = LINE('',#3325,#3326);
#3325 = CARTESIAN_POINT('',(176.533852,-62.333704,1.51));
#3326 = VECTOR('',#3327,1.);
#3327 = DIRECTION('',(-1.,0.,0.));
#3328 = ORIENTED_EDGE('',*,*,#3329,.F.);
#3329 = EDGE_CURVE('',#3330,#3322,#3332,.T.);
#3330 = VERTEX_POINT('',#3331);
#3331 = CARTESIAN_POINT('',(162.533852,-62.333704,0.));
#3332 = LINE('',#3333,#3334);
#3333 = CARTESIAN_POINT('',(162.533852,-62.333704,0.));
#3334 = VECTOR('',#3335,1.);
#3335 = DIRECTION('',(0.,0.,1.));
#3336 = ORIENTED_EDGE('',*,*,#3337,.F.);
#3337 = EDGE_CURVE('',#3299,#3330,#3338,.T.);
#3338 = LINE('',#3339,#3340);
#3339 = CARTESIAN_POINT('',(176.533852,-62.333704,0.));
#3340 = VECTOR('',#3341,1.);
#3341 = DIRECTION('',(-1.,0.,0.));
#3342 = PLANE('',#3343);
#3343 = AXIS2_PLACEMENT_3D('',#3344,#3345,#3346);
#3344 = CARTESIAN_POINT('',(176.533852,-62.333704,0.));
#3345 = DIRECTION('',(0.,-1.,0.));
#3346 = DIRECTION('',(-1.,0.,0.));
#3347 = ADVANCED_FACE('',(#3348),#3364,.T.);
#3348 = FACE_BOUND('',#3349,.T.);
#3349 = EDGE_LOOP('',(#3350,#3351,#3357,#3358));
#3350 = ORIENTED_EDGE('',*,*,#3329,.T.);
#3351 = ORIENTED_EDGE('',*,*,#3352,.T.);
#3352 = EDGE_CURVE('',#3322,#3252,#3353,.T.);
#3353 = LINE('',#3354,#3355);
#3354 = CARTESIAN_POINT('',(162.533852,-62.333704,1.51));
#3355 = VECTOR('',#3356,1.);
#3356 = DIRECTION('',(0.,-1.,0.));
#3357 = ORIENTED_EDGE('',*,*,#3249,.F.);
#3358 = ORIENTED_EDGE('',*,*,#3359,.F.);
#3359 = EDGE_CURVE('',#3330,#3250,#3360,.T.);
#3360 = LINE('',#3361,#3362);
#3361 = CARTESIAN_POINT('',(162.533852,-62.333704,0.));
#3362 = VECTOR('',#3363,1.);
#3363 = DIRECTION('',(0.,-1.,0.));
#3364 = PLANE('',#3365);
#3365 = AXIS2_PLACEMENT_3D('',#3366,#3367,#3368);
#3366 = CARTESIAN_POINT('',(162.533852,-62.333704,0.));
#3367 = DIRECTION('',(1.,0.,-0.));
#3368 = DIRECTION('',(0.,-1.,0.));
#3369 = ADVANCED_FACE('',(#3370),#3404,.T.);
#3370 = FACE_BOUND('',#3371,.T.);
#3371 = EDGE_LOOP('',(#3372,#3382,#3390,#3398));
#3372 = ORIENTED_EDGE('',*,*,#3373,.T.);
#3373 = EDGE_CURVE('',#3374,#3376,#3378,.T.);
#3374 = VERTEX_POINT('',#3375);
#3375 = CARTESIAN_POINT('',(143.533852,-71.571204,0.));
#3376 = VERTEX_POINT('',#3377);
#3377 = CARTESIAN_POINT('',(143.533852,-71.571204,1.51));
#3378 = LINE('',#3379,#3380);
#3379 = CARTESIAN_POINT('',(143.533852,-71.571204,0.));
#3380 = VECTOR('',#3381,1.);
#3381 = DIRECTION('',(0.,0.,1.));
#3382 = ORIENTED_EDGE('',*,*,#3383,.T.);
#3383 = EDGE_CURVE('',#3376,#3384,#3386,.T.);
#3384 = VERTEX_POINT('',#3385);
#3385 = CARTESIAN_POINT('',(157.533852,-71.571204,1.51));
#3386 = LINE('',#3387,#3388);
#3387 = CARTESIAN_POINT('',(143.533852,-71.571204,1.51));
#3388 = VECTOR('',#3389,1.);
#3389 = DIRECTION('',(1.,0.,0.));
#3390 = ORIENTED_EDGE('',*,*,#3391,.F.);
#3391 = EDGE_CURVE('',#3392,#3384,#3394,.T.);
#3392 = VERTEX_POINT('',#3393);
#3393 = CARTESIAN_POINT('',(157.533852,-71.571204,0.));
#3394 = LINE('',#3395,#3396);
#3395 = CARTESIAN_POINT('',(157.533852,-71.571204,0.));
#3396 = VECTOR('',#3397,1.);
#3397 = DIRECTION('',(0.,0.,1.));
#3398 = ORIENTED_EDGE('',*,*,#3399,.F.);
#3399 = EDGE_CURVE('',#3374,#3392,#3400,.T.);
#3400 = LINE('',#3401,#3402);
#3401 = CARTESIAN_POINT('',(143.533852,-71.571204,0.));
#3402 = VECTOR('',#3403,1.);
#3403 = DIRECTION('',(1.,0.,0.));
#3404 = PLANE('',#3405);
#3405 = AXIS2_PLACEMENT_3D('',#3406,#3407,#3408);
#3406 = CARTESIAN_POINT('',(143.533852,-71.571204,0.));
#3407 = DIRECTION('',(0.,1.,0.));
#3408 = DIRECTION('',(1.,0.,0.));
#3409 = ADVANCED_FACE('',(#3410),#3435,.T.);
#3410 = FACE_BOUND('',#3411,.T.);
#3411 = EDGE_LOOP('',(#3412,#3413,#3421,#3429));
#3412 = ORIENTED_EDGE('',*,*,#3391,.T.);
#3413 = ORIENTED_EDGE('',*,*,#3414,.T.);
#3414 = EDGE_CURVE('',#3384,#3415,#3417,.T.);
#3415 = VERTEX_POINT('',#3416);
#3416 = CARTESIAN_POINT('',(157.533852,-57.571204,1.51));
#3417 = LINE('',#3418,#3419);
#3418 = CARTESIAN_POINT('',(157.533852,-71.571204,1.51));
#3419 = VECTOR('',#3420,1.);
#3420 = DIRECTION('',(0.,1.,0.));
#3421 = ORIENTED_EDGE('',*,*,#3422,.F.);
#3422 = EDGE_CURVE('',#3423,#3415,#3425,.T.);
#3423 = VERTEX_POINT('',#3424);
#3424 = CARTESIAN_POINT('',(157.533852,-57.571204,0.));
#3425 = LINE('',#3426,#3427);
#3426 = CARTESIAN_POINT('',(157.533852,-57.571204,0.));
#3427 = VECTOR('',#3428,1.);
#3428 = DIRECTION('',(0.,0.,1.));
#3429 = ORIENTED_EDGE('',*,*,#3430,.F.);
#3430 = EDGE_CURVE('',#3392,#3423,#3431,.T.);
#3431 = LINE('',#3432,#3433);
#3432 = CARTESIAN_POINT('',(157.533852,-71.571204,0.));
#3433 = VECTOR('',#3434,1.);
#3434 = DIRECTION('',(0.,1.,0.));
#3435 = PLANE('',#3436);
#3436 = AXIS2_PLACEMENT_3D('',#3437,#3438,#3439);
#3437 = CARTESIAN_POINT('',(157.533852,-71.571204,0.));
#3438 = DIRECTION('',(-1.,0.,0.));
#3439 = DIRECTION('',(0.,1.,0.));
#3440 = ADVANCED_FACE('',(#3441),#3466,.T.);
#3441 = FACE_BOUND('',#3442,.T.);
#3442 = EDGE_LOOP('',(#3443,#3444,#3452,#3460));
#3443 = ORIENTED_EDGE('',*,*,#3422,.T.);
#3444 = ORIENTED_EDGE('',*,*,#3445,.T.);
#3445 = EDGE_CURVE('',#3415,#3446,#3448,.T.);
#3446 = VERTEX_POINT('',#3447);
#3447 = CARTESIAN_POINT('',(143.533852,-57.571204,1.51));
#3448 = LINE('',#3449,#3450);
#3449 = CARTESIAN_POINT('',(157.533852,-57.571204,1.51));
#3450 = VECTOR('',#3451,1.);
#3451 = DIRECTION('',(-1.,0.,0.));
#3452 = ORIENTED_EDGE('',*,*,#3453,.F.);
#3453 = EDGE_CURVE('',#3454,#3446,#3456,.T.);
#3454 = VERTEX_POINT('',#3455);
#3455 = CARTESIAN_POINT('',(143.533852,-57.571204,0.));
#3456 = LINE('',#3457,#3458);
#3457 = CARTESIAN_POINT('',(143.533852,-57.571204,0.));
#3458 = VECTOR('',#3459,1.);
#3459 = DIRECTION('',(0.,0.,1.));
#3460 = ORIENTED_EDGE('',*,*,#3461,.F.);
#3461 = EDGE_CURVE('',#3423,#3454,#3462,.T.);
#3462 = LINE('',#3463,#3464);
#3463 = CARTESIAN_POINT('',(157.533852,-57.571204,0.));
#3464 = VECTOR('',#3465,1.);
#3465 = DIRECTION('',(-1.,0.,0.));
#3466 = PLANE('',#3467);
#3467 = AXIS2_PLACEMENT_3D('',#3468,#3469,#3470);
#3468 = CARTESIAN_POINT('',(157.533852,-57.571204,0.));
#3469 = DIRECTION('',(0.,-1.,0.));
#3470 = DIRECTION('',(-1.,0.,0.));
#3471 = ADVANCED_FACE('',(#3472),#3488,.T.);
#3472 = FACE_BOUND('',#3473,.T.);
#3473 = EDGE_LOOP('',(#3474,#3475,#3481,#3482));
#3474 = ORIENTED_EDGE('',*,*,#3453,.T.);
#3475 = ORIENTED_EDGE('',*,*,#3476,.T.);
#3476 = EDGE_CURVE('',#3446,#3376,#3477,.T.);
#3477 = LINE('',#3478,#3479);
#3478 = CARTESIAN_POINT('',(143.533852,-57.571204,1.51));
#3479 = VECTOR('',#3480,1.);
#3480 = DIRECTION('',(0.,-1.,0.));
#3481 = ORIENTED_EDGE('',*,*,#3373,.F.);
#3482 = ORIENTED_EDGE('',*,*,#3483,.F.);
#3483 = EDGE_CURVE('',#3454,#3374,#3484,.T.);
#3484 = LINE('',#3485,#3486);
#3485 = CARTESIAN_POINT('',(143.533852,-57.571204,0.));
#3486 = VECTOR('',#3487,1.);
#3487 = DIRECTION('',(0.,-1.,0.));
#3488 = PLANE('',#3489);
#3489 = AXIS2_PLACEMENT_3D('',#3490,#3491,#3492);
#3490 = CARTESIAN_POINT('',(143.533852,-57.571204,0.));
#3491 = DIRECTION('',(1.,0.,-0.));
#3492 = DIRECTION('',(0.,-1.,0.));
#3493 = ADVANCED_FACE('',(#3494,#3533,#3539,#3545,#3551,#3554,#3560,
    #3566,#3572,#3575,#3581,#3587,#3593,#3599,#3605,#3608,#3614,#3620,
    #3623,#3626,#3632,#3638,#3644),#3650,.F.);
#3494 = FACE_BOUND('',#3495,.T.);
#3495 = EDGE_LOOP('',(#3496,#3497,#3498,#3499,#3500,#3501,#3502,#3503,
    #3504,#3505,#3506,#3507,#3508,#3509,#3510,#3511,#3512,#3513,#3514,
    #3515,#3516,#3517,#3518,#3519,#3520,#3521,#3522,#3523,#3524,#3525,
    #3526,#3527,#3528,#3529,#3530,#3531,#3532));
#3496 = ORIENTED_EDGE('',*,*,#66,.T.);
#3497 = ORIENTED_EDGE('',*,*,#98,.T.);
#3498 = ORIENTED_EDGE('',*,*,#130,.T.);
#3499 = ORIENTED_EDGE('',*,*,#162,.T.);
#3500 = ORIENTED_EDGE('',*,*,#194,.T.);
#3501 = ORIENTED_EDGE('',*,*,#226,.T.);
#3502 = ORIENTED_EDGE('',*,*,#258,.T.);
#3503 = ORIENTED_EDGE('',*,*,#290,.T.);
#3504 = ORIENTED_EDGE('',*,*,#322,.T.);
#3505 = ORIENTED_EDGE('',*,*,#354,.T.);
#3506 = ORIENTED_EDGE('',*,*,#386,.T.);
#3507 = ORIENTED_EDGE('',*,*,#419,.T.);
#3508 = ORIENTED_EDGE('',*,*,#451,.T.);
#3509 = ORIENTED_EDGE('',*,*,#483,.T.);
#3510 = ORIENTED_EDGE('',*,*,#515,.T.);
#3511 = ORIENTED_EDGE('',*,*,#547,.T.);
#3512 = ORIENTED_EDGE('',*,*,#579,.T.);
#3513 = ORIENTED_EDGE('',*,*,#611,.T.);
#3514 = ORIENTED_EDGE('',*,*,#643,.T.);
#3515 = ORIENTED_EDGE('',*,*,#675,.T.);
#3516 = ORIENTED_EDGE('',*,*,#707,.T.);
#3517 = ORIENTED_EDGE('',*,*,#739,.T.);
#3518 = ORIENTED_EDGE('',*,*,#771,.T.);
#3519 = ORIENTED_EDGE('',*,*,#803,.T.);
#3520 = ORIENTED_EDGE('',*,*,#835,.T.);
#3521 = ORIENTED_EDGE('',*,*,#867,.T.);
#3522 = ORIENTED_EDGE('',*,*,#899,.T.);
#3523 = ORIENTED_EDGE('',*,*,#931,.T.);
#3524 = ORIENTED_EDGE('',*,*,#963,.T.);
#3525 = ORIENTED_EDGE('',*,*,#995,.T.);
#3526 = ORIENTED_EDGE('',*,*,#1027,.T.);
#3527 = ORIENTED_EDGE('',*,*,#1059,.T.);
#3528 = ORIENTED_EDGE('',*,*,#1091,.T.);
#3529 = ORIENTED_EDGE('',*,*,#1123,.T.);
#3530 = ORIENTED_EDGE('',*,*,#1155,.T.);
#3531 = ORIENTED_EDGE('',*,*,#1187,.T.);
#3532 = ORIENTED_EDGE('',*,*,#1210,.T.);
#3533 = FACE_BOUND('',#3534,.T.);
#3534 = EDGE_LOOP('',(#3535,#3536,#3537,#3538));
#3535 = ORIENTED_EDGE('',*,*,#1250,.T.);
#3536 = ORIENTED_EDGE('',*,*,#1281,.T.);
#3537 = ORIENTED_EDGE('',*,*,#1312,.T.);
#3538 = ORIENTED_EDGE('',*,*,#1334,.T.);
#3539 = FACE_BOUND('',#3540,.T.);
#3540 = EDGE_LOOP('',(#3541,#3542,#3543,#3544));
#3541 = ORIENTED_EDGE('',*,*,#1374,.T.);
#3542 = ORIENTED_EDGE('',*,*,#1405,.T.);
#3543 = ORIENTED_EDGE('',*,*,#1436,.T.);
#3544 = ORIENTED_EDGE('',*,*,#1458,.T.);
#3545 = FACE_BOUND('',#3546,.T.);
#3546 = EDGE_LOOP('',(#3547,#3548,#3549,#3550));
#3547 = ORIENTED_EDGE('',*,*,#1498,.T.);
#3548 = ORIENTED_EDGE('',*,*,#1529,.T.);
#3549 = ORIENTED_EDGE('',*,*,#1560,.T.);
#3550 = ORIENTED_EDGE('',*,*,#1582,.T.);
#3551 = FACE_BOUND('',#3552,.T.);
#3552 = EDGE_LOOP('',(#3553));
#3553 = ORIENTED_EDGE('',*,*,#1614,.T.);
#3554 = FACE_BOUND('',#3555,.T.);
#3555 = EDGE_LOOP('',(#3556,#3557,#3558,#3559));
#3556 = ORIENTED_EDGE('',*,*,#1655,.T.);
#3557 = ORIENTED_EDGE('',*,*,#1686,.T.);
#3558 = ORIENTED_EDGE('',*,*,#1717,.T.);
#3559 = ORIENTED_EDGE('',*,*,#1739,.T.);
#3560 = FACE_BOUND('',#3561,.T.);
#3561 = EDGE_LOOP('',(#3562,#3563,#3564,#3565));
#3562 = ORIENTED_EDGE('',*,*,#1779,.T.);
#3563 = ORIENTED_EDGE('',*,*,#1810,.T.);
#3564 = ORIENTED_EDGE('',*,*,#1841,.T.);
#3565 = ORIENTED_EDGE('',*,*,#1863,.T.);
#3566 = FACE_BOUND('',#3567,.T.);
#3567 = EDGE_LOOP('',(#3568,#3569,#3570,#3571));
#3568 = ORIENTED_EDGE('',*,*,#1903,.T.);
#3569 = ORIENTED_EDGE('',*,*,#1934,.T.);
#3570 = ORIENTED_EDGE('',*,*,#1965,.T.);
#3571 = ORIENTED_EDGE('',*,*,#1987,.T.);
#3572 = FACE_BOUND('',#3573,.T.);
#3573 = EDGE_LOOP('',(#3574));
#3574 = ORIENTED_EDGE('',*,*,#2019,.T.);
#3575 = FACE_BOUND('',#3576,.T.);
#3576 = EDGE_LOOP('',(#3577,#3578,#3579,#3580));
#3577 = ORIENTED_EDGE('',*,*,#2060,.T.);
#3578 = ORIENTED_EDGE('',*,*,#2091,.T.);
#3579 = ORIENTED_EDGE('',*,*,#2122,.T.);
#3580 = ORIENTED_EDGE('',*,*,#2144,.T.);
#3581 = FACE_BOUND('',#3582,.T.);
#3582 = EDGE_LOOP('',(#3583,#3584,#3585,#3586));
#3583 = ORIENTED_EDGE('',*,*,#2184,.T.);
#3584 = ORIENTED_EDGE('',*,*,#2215,.T.);
#3585 = ORIENTED_EDGE('',*,*,#2246,.T.);
#3586 = ORIENTED_EDGE('',*,*,#2268,.T.);
#3587 = FACE_BOUND('',#3588,.T.);
#3588 = EDGE_LOOP('',(#3589,#3590,#3591,#3592));
#3589 = ORIENTED_EDGE('',*,*,#2308,.T.);
#3590 = ORIENTED_EDGE('',*,*,#2339,.T.);
#3591 = ORIENTED_EDGE('',*,*,#2370,.T.);
#3592 = ORIENTED_EDGE('',*,*,#2392,.T.);
#3593 = FACE_BOUND('',#3594,.T.);
#3594 = EDGE_LOOP('',(#3595,#3596,#3597,#3598));
#3595 = ORIENTED_EDGE('',*,*,#2432,.T.);
#3596 = ORIENTED_EDGE('',*,*,#2463,.T.);
#3597 = ORIENTED_EDGE('',*,*,#2494,.T.);
#3598 = ORIENTED_EDGE('',*,*,#2516,.T.);
#3599 = FACE_BOUND('',#3600,.T.);
#3600 = EDGE_LOOP('',(#3601,#3602,#3603,#3604));
#3601 = ORIENTED_EDGE('',*,*,#2556,.T.);
#3602 = ORIENTED_EDGE('',*,*,#2587,.T.);
#3603 = ORIENTED_EDGE('',*,*,#2618,.T.);
#3604 = ORIENTED_EDGE('',*,*,#2640,.T.);
#3605 = FACE_BOUND('',#3606,.T.);
#3606 = EDGE_LOOP('',(#3607));
#3607 = ORIENTED_EDGE('',*,*,#2672,.T.);
#3608 = FACE_BOUND('',#3609,.T.);
#3609 = EDGE_LOOP('',(#3610,#3611,#3612,#3613));
#3610 = ORIENTED_EDGE('',*,*,#2713,.T.);
#3611 = ORIENTED_EDGE('',*,*,#2744,.T.);
#3612 = ORIENTED_EDGE('',*,*,#2775,.T.);
#3613 = ORIENTED_EDGE('',*,*,#2797,.T.);
#3614 = FACE_BOUND('',#3615,.T.);
#3615 = EDGE_LOOP('',(#3616,#3617,#3618,#3619));
#3616 = ORIENTED_EDGE('',*,*,#2837,.T.);
#3617 = ORIENTED_EDGE('',*,*,#2868,.T.);
#3618 = ORIENTED_EDGE('',*,*,#2899,.T.);
#3619 = ORIENTED_EDGE('',*,*,#2921,.T.);
#3620 = FACE_BOUND('',#3621,.T.);
#3621 = EDGE_LOOP('',(#3622));
#3622 = ORIENTED_EDGE('',*,*,#2953,.T.);
#3623 = FACE_BOUND('',#3624,.T.);
#3624 = EDGE_LOOP('',(#3625));
#3625 = ORIENTED_EDGE('',*,*,#2986,.T.);
#3626 = FACE_BOUND('',#3627,.T.);
#3627 = EDGE_LOOP('',(#3628,#3629,#3630,#3631));
#3628 = ORIENTED_EDGE('',*,*,#3027,.T.);
#3629 = ORIENTED_EDGE('',*,*,#3058,.T.);
#3630 = ORIENTED_EDGE('',*,*,#3089,.T.);
#3631 = ORIENTED_EDGE('',*,*,#3111,.T.);
#3632 = FACE_BOUND('',#3633,.T.);
#3633 = EDGE_LOOP('',(#3634,#3635,#3636,#3637));
#3634 = ORIENTED_EDGE('',*,*,#3151,.T.);
#3635 = ORIENTED_EDGE('',*,*,#3182,.T.);
#3636 = ORIENTED_EDGE('',*,*,#3213,.T.);
#3637 = ORIENTED_EDGE('',*,*,#3235,.T.);
#3638 = FACE_BOUND('',#3639,.T.);
#3639 = EDGE_LOOP('',(#3640,#3641,#3642,#3643));
#3640 = ORIENTED_EDGE('',*,*,#3275,.T.);
#3641 = ORIENTED_EDGE('',*,*,#3306,.T.);
#3642 = ORIENTED_EDGE('',*,*,#3337,.T.);
#3643 = ORIENTED_EDGE('',*,*,#3359,.T.);
#3644 = FACE_BOUND('',#3645,.T.);
#3645 = EDGE_LOOP('',(#3646,#3647,#3648,#3649));
#3646 = ORIENTED_EDGE('',*,*,#3399,.T.);
#3647 = ORIENTED_EDGE('',*,*,#3430,.T.);
#3648 = ORIENTED_EDGE('',*,*,#3461,.T.);
#3649 = ORIENTED_EDGE('',*,*,#3483,.T.);
#3650 = PLANE('',#3651);
#3651 = AXIS2_PLACEMENT_3D('',#3652,#3653,#3654);
#3652 = CARTESIAN_POINT('',(0.,0.,0.));
#3653 = DIRECTION('',(0.,0.,1.));
#3654 = DIRECTION('',(1.,0.,-0.));
#3655 = ADVANCED_FACE('',(#3656,#3695,#3701,#3707,#3713,#3716,#3722,
    #3728,#3734,#3737,#3743,#3749,#3755,#3761,#3767,#3770,#3776,#3782,
    #3785,#3788,#3794,#3800,#3806),#3812,.T.);
#3656 = FACE_BOUND('',#3657,.F.);
#3657 = EDGE_LOOP('',(#3658,#3659,#3660,#3661,#3662,#3663,#3664,#3665,
    #3666,#3667,#3668,#3669,#3670,#3671,#3672,#3673,#3674,#3675,#3676,
    #3677,#3678,#3679,#3680,#3681,#3682,#3683,#3684,#3685,#3686,#3687,
    #3688,#3689,#3690,#3691,#3692,#3693,#3694));
#3658 = ORIENTED_EDGE('',*,*,#49,.T.);
#3659 = ORIENTED_EDGE('',*,*,#82,.T.);
#3660 = ORIENTED_EDGE('',*,*,#113,.T.);
#3661 = ORIENTED_EDGE('',*,*,#146,.T.);
#3662 = ORIENTED_EDGE('',*,*,#177,.T.);
#3663 = ORIENTED_EDGE('',*,*,#210,.T.);
#3664 = ORIENTED_EDGE('',*,*,#241,.T.);
#3665 = ORIENTED_EDGE('',*,*,#274,.T.);
#3666 = ORIENTED_EDGE('',*,*,#305,.T.);
#3667 = ORIENTED_EDGE('',*,*,#338,.T.);
#3668 = ORIENTED_EDGE('',*,*,#369,.T.);
#3669 = ORIENTED_EDGE('',*,*,#402,.T.);
#3670 = ORIENTED_EDGE('',*,*,#435,.T.);
#3671 = ORIENTED_EDGE('',*,*,#466,.T.);
#3672 = ORIENTED_EDGE('',*,*,#499,.T.);
#3673 = ORIENTED_EDGE('',*,*,#530,.T.);
#3674 = ORIENTED_EDGE('',*,*,#563,.T.);
#3675 = ORIENTED_EDGE('',*,*,#594,.T.);
#3676 = ORIENTED_EDGE('',*,*,#627,.T.);
#3677 = ORIENTED_EDGE('',*,*,#658,.T.);
#3678 = ORIENTED_EDGE('',*,*,#691,.T.);
#3679 = ORIENTED_EDGE('',*,*,#722,.T.);
#3680 = ORIENTED_EDGE('',*,*,#755,.T.);
#3681 = ORIENTED_EDGE('',*,*,#786,.T.);
#3682 = ORIENTED_EDGE('',*,*,#819,.T.);
#3683 = ORIENTED_EDGE('',*,*,#850,.T.);
#3684 = ORIENTED_EDGE('',*,*,#883,.T.);
#3685 = ORIENTED_EDGE('',*,*,#914,.T.);
#3686 = ORIENTED_EDGE('',*,*,#947,.T.);
#3687 = ORIENTED_EDGE('',*,*,#978,.T.);
#3688 = ORIENTED_EDGE('',*,*,#1011,.T.);
#3689 = ORIENTED_EDGE('',*,*,#1042,.T.);
#3690 = ORIENTED_EDGE('',*,*,#1075,.T.);
#3691 = ORIENTED_EDGE('',*,*,#1106,.T.);
#3692 = ORIENTED_EDGE('',*,*,#1139,.T.);
#3693 = ORIENTED_EDGE('',*,*,#1170,.T.);
#3694 = ORIENTED_EDGE('',*,*,#1203,.T.);
#3695 = FACE_BOUND('',#3696,.F.);
#3696 = EDGE_LOOP('',(#3697,#3698,#3699,#3700));
#3697 = ORIENTED_EDGE('',*,*,#1234,.T.);
#3698 = ORIENTED_EDGE('',*,*,#1265,.T.);
#3699 = ORIENTED_EDGE('',*,*,#1296,.T.);
#3700 = ORIENTED_EDGE('',*,*,#1327,.T.);
#3701 = FACE_BOUND('',#3702,.F.);
#3702 = EDGE_LOOP('',(#3703,#3704,#3705,#3706));
#3703 = ORIENTED_EDGE('',*,*,#1358,.T.);
#3704 = ORIENTED_EDGE('',*,*,#1389,.T.);
#3705 = ORIENTED_EDGE('',*,*,#1420,.T.);
#3706 = ORIENTED_EDGE('',*,*,#1451,.T.);
#3707 = FACE_BOUND('',#3708,.F.);
#3708 = EDGE_LOOP('',(#3709,#3710,#3711,#3712));
#3709 = ORIENTED_EDGE('',*,*,#1482,.T.);
#3710 = ORIENTED_EDGE('',*,*,#1513,.T.);
#3711 = ORIENTED_EDGE('',*,*,#1544,.T.);
#3712 = ORIENTED_EDGE('',*,*,#1575,.T.);
#3713 = FACE_BOUND('',#3714,.F.);
#3714 = EDGE_LOOP('',(#3715));
#3715 = ORIENTED_EDGE('',*,*,#1606,.T.);
#3716 = FACE_BOUND('',#3717,.F.);
#3717 = EDGE_LOOP('',(#3718,#3719,#3720,#3721));
#3718 = ORIENTED_EDGE('',*,*,#1639,.T.);
#3719 = ORIENTED_EDGE('',*,*,#1670,.T.);
#3720 = ORIENTED_EDGE('',*,*,#1701,.T.);
#3721 = ORIENTED_EDGE('',*,*,#1732,.T.);
#3722 = FACE_BOUND('',#3723,.F.);
#3723 = EDGE_LOOP('',(#3724,#3725,#3726,#3727));
#3724 = ORIENTED_EDGE('',*,*,#1763,.T.);
#3725 = ORIENTED_EDGE('',*,*,#1794,.T.);
#3726 = ORIENTED_EDGE('',*,*,#1825,.T.);
#3727 = ORIENTED_EDGE('',*,*,#1856,.T.);
#3728 = FACE_BOUND('',#3729,.F.);
#3729 = EDGE_LOOP('',(#3730,#3731,#3732,#3733));
#3730 = ORIENTED_EDGE('',*,*,#1887,.T.);
#3731 = ORIENTED_EDGE('',*,*,#1918,.T.);
#3732 = ORIENTED_EDGE('',*,*,#1949,.T.);
#3733 = ORIENTED_EDGE('',*,*,#1980,.T.);
#3734 = FACE_BOUND('',#3735,.F.);
#3735 = EDGE_LOOP('',(#3736));
#3736 = ORIENTED_EDGE('',*,*,#2011,.T.);
#3737 = FACE_BOUND('',#3738,.F.);
#3738 = EDGE_LOOP('',(#3739,#3740,#3741,#3742));
#3739 = ORIENTED_EDGE('',*,*,#2044,.T.);
#3740 = ORIENTED_EDGE('',*,*,#2075,.T.);
#3741 = ORIENTED_EDGE('',*,*,#2106,.T.);
#3742 = ORIENTED_EDGE('',*,*,#2137,.T.);
#3743 = FACE_BOUND('',#3744,.F.);
#3744 = EDGE_LOOP('',(#3745,#3746,#3747,#3748));
#3745 = ORIENTED_EDGE('',*,*,#2168,.T.);
#3746 = ORIENTED_EDGE('',*,*,#2199,.T.);
#3747 = ORIENTED_EDGE('',*,*,#2230,.T.);
#3748 = ORIENTED_EDGE('',*,*,#2261,.T.);
#3749 = FACE_BOUND('',#3750,.F.);
#3750 = EDGE_LOOP('',(#3751,#3752,#3753,#3754));
#3751 = ORIENTED_EDGE('',*,*,#2292,.T.);
#3752 = ORIENTED_EDGE('',*,*,#2323,.T.);
#3753 = ORIENTED_EDGE('',*,*,#2354,.T.);
#3754 = ORIENTED_EDGE('',*,*,#2385,.T.);
#3755 = FACE_BOUND('',#3756,.F.);
#3756 = EDGE_LOOP('',(#3757,#3758,#3759,#3760));
#3757 = ORIENTED_EDGE('',*,*,#2416,.T.);
#3758 = ORIENTED_EDGE('',*,*,#2447,.T.);
#3759 = ORIENTED_EDGE('',*,*,#2478,.T.);
#3760 = ORIENTED_EDGE('',*,*,#2509,.T.);
#3761 = FACE_BOUND('',#3762,.F.);
#3762 = EDGE_LOOP('',(#3763,#3764,#3765,#3766));
#3763 = ORIENTED_EDGE('',*,*,#2540,.T.);
#3764 = ORIENTED_EDGE('',*,*,#2571,.T.);
#3765 = ORIENTED_EDGE('',*,*,#2602,.T.);
#3766 = ORIENTED_EDGE('',*,*,#2633,.T.);
#3767 = FACE_BOUND('',#3768,.F.);
#3768 = EDGE_LOOP('',(#3769));
#3769 = ORIENTED_EDGE('',*,*,#2664,.T.);
#3770 = FACE_BOUND('',#3771,.F.);
#3771 = EDGE_LOOP('',(#3772,#3773,#3774,#3775));
#3772 = ORIENTED_EDGE('',*,*,#2697,.T.);
#3773 = ORIENTED_EDGE('',*,*,#2728,.T.);
#3774 = ORIENTED_EDGE('',*,*,#2759,.T.);
#3775 = ORIENTED_EDGE('',*,*,#2790,.T.);
#3776 = FACE_BOUND('',#3777,.F.);
#3777 = EDGE_LOOP('',(#3778,#3779,#3780,#3781));
#3778 = ORIENTED_EDGE('',*,*,#2821,.T.);
#3779 = ORIENTED_EDGE('',*,*,#2852,.T.);
#3780 = ORIENTED_EDGE('',*,*,#2883,.T.);
#3781 = ORIENTED_EDGE('',*,*,#2914,.T.);
#3782 = FACE_BOUND('',#3783,.F.);
#3783 = EDGE_LOOP('',(#3784));
#3784 = ORIENTED_EDGE('',*,*,#2945,.T.);
#3785 = FACE_BOUND('',#3786,.F.);
#3786 = EDGE_LOOP('',(#3787));
#3787 = ORIENTED_EDGE('',*,*,#2978,.T.);
#3788 = FACE_BOUND('',#3789,.F.);
#3789 = EDGE_LOOP('',(#3790,#3791,#3792,#3793));
#3790 = ORIENTED_EDGE('',*,*,#3011,.T.);
#3791 = ORIENTED_EDGE('',*,*,#3042,.T.);
#3792 = ORIENTED_EDGE('',*,*,#3073,.T.);
#3793 = ORIENTED_EDGE('',*,*,#3104,.T.);
#3794 = FACE_BOUND('',#3795,.F.);
#3795 = EDGE_LOOP('',(#3796,#3797,#3798,#3799));
#3796 = ORIENTED_EDGE('',*,*,#3135,.T.);
#3797 = ORIENTED_EDGE('',*,*,#3166,.T.);
#3798 = ORIENTED_EDGE('',*,*,#3197,.T.);
#3799 = ORIENTED_EDGE('',*,*,#3228,.T.);
#3800 = FACE_BOUND('',#3801,.F.);
#3801 = EDGE_LOOP('',(#3802,#3803,#3804,#3805));
#3802 = ORIENTED_EDGE('',*,*,#3259,.T.);
#3803 = ORIENTED_EDGE('',*,*,#3290,.T.);
#3804 = ORIENTED_EDGE('',*,*,#3321,.T.);
#3805 = ORIENTED_EDGE('',*,*,#3352,.T.);
#3806 = FACE_BOUND('',#3807,.F.);
#3807 = EDGE_LOOP('',(#3808,#3809,#3810,#3811));
#3808 = ORIENTED_EDGE('',*,*,#3383,.T.);
#3809 = ORIENTED_EDGE('',*,*,#3414,.T.);
#3810 = ORIENTED_EDGE('',*,*,#3445,.T.);
#3811 = ORIENTED_EDGE('',*,*,#3476,.T.);
#3812 = PLANE('',#3813);
#3813 = AXIS2_PLACEMENT_3D('',#3814,#3815,#3816);
#3814 = CARTESIAN_POINT('',(0.,0.,1.51));
#3815 = DIRECTION('',(0.,0.,1.));
#3816 = DIRECTION('',(1.,0.,-0.));
#3817 = ( GEOMETRIC_REPRESENTATION_CONTEXT(3) 
GLOBAL_UNCERTAINTY_ASSIGNED_CONTEXT((#3821)) 
GLOBAL_UNIT_ASSIGNED_CONTEXT((#3818,#3819,#3820)) REPRESENTATION_CONTEXT
('Context #1','3D Context with UNIT and UNCERTAINTY') );
#3818 = ( LENGTH_UNIT() NAMED_UNIT(*) SI_UNIT(.MILLI.,.METRE.) );
#3819 = ( NAMED_UNIT(*) PLANE_ANGLE_UNIT() SI_UNIT($,.RADIAN.) );
#3820 = ( NAMED_UNIT(*) SI_UNIT($,.STERADIAN.) SOLID_ANGLE_UNIT() );
#3821 = UNCERTAINTY_MEASURE_WITH_UNIT(LENGTH_MEASURE(1.E-07),#3818,
  'distance_accuracy_value','confusion accuracy');
#3822 = CONTEXT_DEPENDENT_SHAPE_REPRESENTATION(#3823,#3825);
#3823 = ( REPRESENTATION_RELATIONSHIP('','',#32,#10) 
REPRESENTATION_RELATIONSHIP_WITH_TRANSFORMATION(#3824) 
SHAPE_REPRESENTATION_RELATIONSHIP() );
#3824 = ITEM_DEFINED_TRANSFORMATION('','',#11,#15);
#3825 = PRODUCT_DEFINITION_SHAPE('Placement','Placement of an item',
  #3826);
#3826 = NEXT_ASSEMBLY_USAGE_OCCURRENCE('1','=>[0:1:1:2]','',#5,#27,$);
#3827 = PRODUCT_RELATED_PRODUCT_CATEGORY('part',$,(#29));
#3828 = MECHANICAL_DESIGN_GEOMETRIC_PRESENTATION_REPRESENTATION('',(
    #3829),#3817);
#3829 = STYLED_ITEM('color',(#3830),#33);
#3830 = PRESENTATION_STYLE_ASSIGNMENT((#3831));
#3831 = SURFACE_STYLE_USAGE(.BOTH.,#3832);
#3832 = SURFACE_SIDE_STYLE('',(#3833));
#3833 = SURFACE_STYLE_FILL_AREA(#3834);
#3834 = FILL_AREA_STYLE('',(#3835));
#3835 = FILL_AREA_STYLE_COLOUR('',#3836);
#3836 = COLOUR_RGB('',0.313304153717,0.484529207832,0.410020903123);
ENDSEC;
END-ISO-10303-21;
