ISO-10303-21;
HEADER;
FILE_DESCRIPTION(('KiCad electronic assembly'),'2;1');
FILE_NAME('left_cover.step','2026-08-04T01:15:04',('Pcbnew'),('Kicad'),
  'Open CASCADE STEP processor 7.9','KiCad to STEP converter','Unknown'
  );
FILE_SCHEMA(('AUTOMOTIVE_DESIGN { 1 0 10303 214 1 1 1 1 }'));
ENDSEC;
DATA;
#1 = APPLICATION_PROTOCOL_DEFINITION('international standard',
  'automotive_design',2000,#2);
#2 = APPLICATION_CONTEXT(
  'core data for automotive mechanical design processes');
#3 = SHAPE_DEFINITION_REPRESENTATION(#4,#10);
#4 = PRODUCT_DEFINITION_SHAPE('','',#5);
#5 = PRODUCT_DEFINITION('design','',#6,#9);
#6 = PRODUCT_DEFINITION_FORMATION('','',#7);
#7 = PRODUCT('left_cover 1','left_cover 1','',(#8));
#8 = PRODUCT_CONTEXT('',#2,'mechanical');
#9 = PRODUCT_DEFINITION_CONTEXT('part definition',#2,'design');
#10 = SHAPE_REPRESENTATION('',(#11,#15,#19),#23);
#11 = AXIS2_PLACEMENT_3D('',#12,#13,#14);
#12 = CARTESIAN_POINT('',(0.,0.,0.));
#13 = DIRECTION('',(0.,0.,1.));
#14 = DIRECTION('',(1.,0.,-0.));
#15 = AXIS2_PLACEMENT_3D('',#16,#17,#18);
#16 = CARTESIAN_POINT('',(0.,0.,0.));
#17 = DIRECTION('',(0.,0.,1.));
#18 = DIRECTION('',(1.,0.,-0.));
#19 = AXIS2_PLACEMENT_3D('',#20,#21,#22);
#20 = CARTESIAN_POINT('',(0.,0.,0.));
#21 = DIRECTION('',(0.,0.,1.));
#22 = DIRECTION('',(1.,0.,-0.));
#23 = ( GEOMETRIC_REPRESENTATION_CONTEXT(3) 
GLOBAL_UNCERTAINTY_ASSIGNED_CONTEXT((#27)) GLOBAL_UNIT_ASSIGNED_CONTEXT(
(#24,#25,#26)) REPRESENTATION_CONTEXT('Context #1',
  '3D Context with UNIT and UNCERTAINTY') );
#24 = ( LENGTH_UNIT() NAMED_UNIT(*) SI_UNIT(.MILLI.,.METRE.) );
#25 = ( NAMED_UNIT(*) PLANE_ANGLE_UNIT() SI_UNIT($,.RADIAN.) );
#26 = ( NAMED_UNIT(*) SI_UNIT($,.STERADIAN.) SOLID_ANGLE_UNIT() );
#27 = UNCERTAINTY_MEASURE_WITH_UNIT(LENGTH_MEASURE(1.E-07),#24,
  'distance_accuracy_value','confusion accuracy');
#28 = PRODUCT_RELATED_PRODUCT_CATEGORY('part',$,(#7));
#29 = SHAPE_DEFINITION_REPRESENTATION(#30,#36);
#30 = PRODUCT_DEFINITION_SHAPE('','',#31);
#31 = PRODUCT_DEFINITION('design','',#32,#35);
#32 = PRODUCT_DEFINITION_FORMATION('','',#33);
#33 = PRODUCT('left_cover_silkscreen','left_cover_silkscreen','',(#34));
#34 = PRODUCT_CONTEXT('',#2,'mechanical');
#35 = PRODUCT_DEFINITION_CONTEXT('part definition',#2,'design');
#36 = SHAPE_REPRESENTATION('',(#11,#37,#151),#265);
#37 = SHELL_BASED_SURFACE_MODEL('',(#38));
#38 = OPEN_SHELL('',(#39));
#39 = ADVANCED_FACE('',(#40),#146,.T.);
#40 = FACE_BOUND('',#41,.F.);
#41 = EDGE_LOOP('',(#42,#52,#60,#68,#76,#84,#92,#100,#108,#116,#124,#132
    ,#140));
#42 = ORIENTED_EDGE('',*,*,#43,.T.);
#43 = EDGE_CURVE('',#44,#46,#48,.T.);
#44 = VERTEX_POINT('',#45);
#45 = CARTESIAN_POINT('',(111.790139,-79.527083,1.585));
#46 = VERTEX_POINT('',#47);
#47 = CARTESIAN_POINT('',(111.803669,-79.513553,1.585));
#48 = LINE('',#49,#50);
#49 = CARTESIAN_POINT('',(111.790139,-79.527083,1.585));
#50 = VECTOR('',#51,1.);
#51 = DIRECTION('',(0.707106781187,0.707106781187,0.));
#52 = ORIENTED_EDGE('',*,*,#53,.T.);
#53 = EDGE_CURVE('',#46,#54,#56,.T.);
#54 = VERTEX_POINT('',#55);
#55 = CARTESIAN_POINT('',(121.082214,-79.511681,1.585));
#56 = LINE('',#57,#58);
#57 = CARTESIAN_POINT('',(111.803669,-79.513553,1.585));
#58 = VECTOR('',#59,1.);
#59 = DIRECTION('',(0.999999979647,2.017557668692E-04,0.));
#60 = ORIENTED_EDGE('',*,*,#61,.T.);
#61 = EDGE_CURVE('',#54,#62,#64,.T.);
#62 = VERTEX_POINT('',#63);
#63 = CARTESIAN_POINT('',(121.082241,-79.56165,1.585));
#64 = LINE('',#65,#66);
#65 = CARTESIAN_POINT('',(121.082214,-79.511681,1.585));
#66 = VECTOR('',#67,1.);
#67 = DIRECTION('',(5.403349288839E-04,-0.999999854019,0.));
#68 = ORIENTED_EDGE('',*,*,#69,.T.);
#69 = EDGE_CURVE('',#62,#70,#72,.T.);
#70 = VERTEX_POINT('',#71);
#71 = CARTESIAN_POINT('',(111.838235,-79.56165,1.585));
#72 = LINE('',#73,#74);
#73 = CARTESIAN_POINT('',(121.082241,-79.56165,1.585));
#74 = VECTOR('',#75,1.);
#75 = DIRECTION('',(-1.,0.,0.));
#76 = ORIENTED_EDGE('',*,*,#77,.T.);
#77 = EDGE_CURVE('',#70,#78,#80,.T.);
#78 = VERTEX_POINT('',#79);
#79 = CARTESIAN_POINT('',(111.838235,-90.151651,1.585));
#80 = LINE('',#81,#82);
#81 = CARTESIAN_POINT('',(111.838235,-79.56165,1.585));
#82 = VECTOR('',#83,1.);
#83 = DIRECTION('',(0.,-1.,0.));
#84 = ORIENTED_EDGE('',*,*,#85,.T.);
#85 = EDGE_CURVE('',#78,#86,#88,.T.);
#86 = VERTEX_POINT('',#87);
#87 = CARTESIAN_POINT('',(121.208236,-90.151651,1.585));
#88 = LINE('',#89,#90);
#89 = CARTESIAN_POINT('',(111.838235,-90.151651,1.585));
#90 = VECTOR('',#91,1.);
#91 = DIRECTION('',(1.,0.,0.));
#92 = ORIENTED_EDGE('',*,*,#93,.T.);
#93 = EDGE_CURVE('',#86,#94,#96,.T.);
#94 = VERTEX_POINT('',#95);
#95 = CARTESIAN_POINT('',(121.208235,-89.091227,1.585));
#96 = LINE('',#97,#98);
#97 = CARTESIAN_POINT('',(121.208236,-90.151651,1.585));
#98 = VECTOR('',#99,1.);
#99 = DIRECTION('',(-9.430190164263E-07,1.,0.));
#100 = ORIENTED_EDGE('',*,*,#101,.T.);
#101 = EDGE_CURVE('',#94,#102,#104,.T.);
#102 = VERTEX_POINT('',#103);
#103 = CARTESIAN_POINT('',(121.256332,-89.165879,1.585));
#104 = LINE('',#105,#106);
#105 = CARTESIAN_POINT('',(121.208235,-89.091227,1.585));
#106 = VECTOR('',#107,1.);
#107 = DIRECTION('',(0.541605323593,-0.840632900531,0.));
#108 = ORIENTED_EDGE('',*,*,#109,.T.);
#109 = EDGE_CURVE('',#102,#110,#112,.T.);
#110 = VERTEX_POINT('',#111);
#111 = CARTESIAN_POINT('',(121.256333,-90.186218,1.585));
#112 = LINE('',#113,#114);
#113 = CARTESIAN_POINT('',(121.256332,-89.165879,1.585));
#114 = VECTOR('',#115,1.);
#115 = DIRECTION('',(9.800664264277E-07,-1.,0.));
#116 = ORIENTED_EDGE('',*,*,#117,.T.);
#117 = EDGE_CURVE('',#110,#118,#120,.T.);
#118 = VERTEX_POINT('',#119);
#119 = CARTESIAN_POINT('',(121.242803,-90.199748,1.585));
#120 = LINE('',#121,#122);
#121 = CARTESIAN_POINT('',(121.256333,-90.186218,1.585));
#122 = VECTOR('',#123,1.);
#123 = DIRECTION('',(-0.707106781187,-0.707106781187,0.));
#124 = ORIENTED_EDGE('',*,*,#125,.T.);
#125 = EDGE_CURVE('',#118,#126,#128,.T.);
#126 = VERTEX_POINT('',#127);
#127 = CARTESIAN_POINT('',(111.803668,-90.199748,1.585));
#128 = LINE('',#129,#130);
#129 = CARTESIAN_POINT('',(121.242803,-90.199748,1.585));
#130 = VECTOR('',#131,1.);
#131 = DIRECTION('',(-1.,0.,0.));
#132 = ORIENTED_EDGE('',*,*,#133,.T.);
#133 = EDGE_CURVE('',#126,#134,#136,.T.);
#134 = VERTEX_POINT('',#135);
#135 = CARTESIAN_POINT('',(111.790138,-90.186218,1.585));
#136 = LINE('',#137,#138);
#137 = CARTESIAN_POINT('',(111.803668,-90.199748,1.585));
#138 = VECTOR('',#139,1.);
#139 = DIRECTION('',(-0.707106781187,0.707106781187,0.));
#140 = ORIENTED_EDGE('',*,*,#141,.T.);
#141 = EDGE_CURVE('',#134,#44,#142,.T.);
#142 = LINE('',#143,#144);
#143 = CARTESIAN_POINT('',(111.790138,-90.186218,1.585));
#144 = VECTOR('',#145,1.);
#145 = DIRECTION('',(9.381624282601E-08,1.,0.));
#146 = PLANE('',#147);
#147 = AXIS2_PLACEMENT_3D('',#148,#149,#150);
#148 = CARTESIAN_POINT('',(0.,0.,1.585));
#149 = DIRECTION('',(0.,0.,1.));
#150 = DIRECTION('',(1.,0.,-0.));
#151 = SHELL_BASED_SURFACE_MODEL('',(#152));
#152 = OPEN_SHELL('',(#153));
#153 = ADVANCED_FACE('',(#154),#260,.T.);
#154 = FACE_BOUND('',#155,.F.);
#155 = EDGE_LOOP('',(#156,#166,#174,#182,#190,#198,#206,#214,#222,#230,
    #238,#246,#254));
#156 = ORIENTED_EDGE('',*,*,#157,.T.);
#157 = EDGE_CURVE('',#158,#160,#162,.T.);
#158 = VERTEX_POINT('',#159);
#159 = CARTESIAN_POINT('',(27.038507,-26.91915,1.585));
#160 = VERTEX_POINT('',#161);
#161 = CARTESIAN_POINT('',(27.116444,-26.871053,1.585));
#162 = LINE('',#163,#164);
#163 = CARTESIAN_POINT('',(27.038507,-26.91915,1.585));
#164 = VECTOR('',#165,1.);
#165 = DIRECTION('',(0.850995935715,0.525172274017,0.));
#166 = ORIENTED_EDGE('',*,*,#167,.T.);
#167 = EDGE_CURVE('',#160,#168,#170,.T.);
#168 = VERTEX_POINT('',#169);
#169 = CARTESIAN_POINT('',(37.472802,-26.871053,1.585));
#170 = LINE('',#171,#172);
#171 = CARTESIAN_POINT('',(27.116444,-26.871053,1.585));
#172 = VECTOR('',#173,1.);
#173 = DIRECTION('',(1.,0.,0.));
#174 = ORIENTED_EDGE('',*,*,#175,.T.);
#175 = EDGE_CURVE('',#168,#176,#178,.T.);
#176 = VERTEX_POINT('',#177);
#177 = CARTESIAN_POINT('',(37.486332,-26.884583,1.585));
#178 = LINE('',#179,#180);
#179 = CARTESIAN_POINT('',(37.472802,-26.871053,1.585));
#180 = VECTOR('',#181,1.);
#181 = DIRECTION('',(0.707106781186,-0.707106781187,0.));
#182 = ORIENTED_EDGE('',*,*,#183,.T.);
#183 = EDGE_CURVE('',#176,#184,#186,.T.);
#184 = VERTEX_POINT('',#185);
#185 = CARTESIAN_POINT('',(37.486332,-36.323718,1.585));
#186 = LINE('',#187,#188);
#187 = CARTESIAN_POINT('',(37.486332,-26.884583,1.585));
#188 = VECTOR('',#189,1.);
#189 = DIRECTION('',(0.,-1.,0.));
#190 = ORIENTED_EDGE('',*,*,#191,.T.);
#191 = EDGE_CURVE('',#184,#192,#194,.T.);
#192 = VERTEX_POINT('',#193);
#193 = CARTESIAN_POINT('',(37.472802,-36.337248,1.585));
#194 = LINE('',#195,#196);
#195 = CARTESIAN_POINT('',(37.486332,-36.323718,1.585));
#196 = VECTOR('',#197,1.);
#197 = DIRECTION('',(-0.707106781186,-0.707106781187,0.));
#198 = ORIENTED_EDGE('',*,*,#199,.T.);
#199 = EDGE_CURVE('',#192,#200,#202,.T.);
#200 = VERTEX_POINT('',#201);
#201 = CARTESIAN_POINT('',(26.813667,-36.337247,1.585));
#202 = LINE('',#203,#204);
#203 = CARTESIAN_POINT('',(37.472802,-36.337248,1.585));
#204 = VECTOR('',#205,1.);
#205 = DIRECTION('',(-1.,9.381624349262E-08,0.));
#206 = ORIENTED_EDGE('',*,*,#207,.T.);
#207 = EDGE_CURVE('',#200,#208,#210,.T.);
#208 = VERTEX_POINT('',#209);
#209 = CARTESIAN_POINT('',(26.800137,-36.323717,1.585));
#210 = LINE('',#211,#212);
#211 = CARTESIAN_POINT('',(26.813667,-36.337247,1.585));
#212 = VECTOR('',#213,1.);
#213 = DIRECTION('',(-0.707106781187,0.707106781186,0.));
#214 = ORIENTED_EDGE('',*,*,#215,.T.);
#215 = EDGE_CURVE('',#208,#216,#218,.T.);
#216 = VERTEX_POINT('',#217);
#217 = CARTESIAN_POINT('',(26.800137,-27.066248,1.585));
#218 = LINE('',#219,#220);
#219 = CARTESIAN_POINT('',(26.800137,-36.323717,1.585));
#220 = VECTOR('',#221,1.);
#221 = DIRECTION('',(0.,1.,0.));
#222 = ORIENTED_EDGE('',*,*,#223,.T.);
#223 = EDGE_CURVE('',#216,#224,#226,.T.);
#224 = VERTEX_POINT('',#225);
#225 = CARTESIAN_POINT('',(26.848234,-27.036568,1.585));
#226 = LINE('',#227,#228);
#227 = CARTESIAN_POINT('',(26.800137,-27.066248,1.585));
#228 = VECTOR('',#229,1.);
#229 = DIRECTION('',(0.85101128136,0.525147406923,0.));
#230 = ORIENTED_EDGE('',*,*,#231,.T.);
#231 = EDGE_CURVE('',#224,#232,#234,.T.);
#232 = VERTEX_POINT('',#233);
#233 = CARTESIAN_POINT('',(26.848234,-36.28915,1.585));
#234 = LINE('',#235,#236);
#235 = CARTESIAN_POINT('',(26.848234,-27.036568,1.585));
#236 = VECTOR('',#237,1.);
#237 = DIRECTION('',(0.,-1.,0.));
#238 = ORIENTED_EDGE('',*,*,#239,.T.);
#239 = EDGE_CURVE('',#232,#240,#242,.T.);
#240 = VERTEX_POINT('',#241);
#241 = CARTESIAN_POINT('',(37.438235,-36.28915,1.585));
#242 = LINE('',#243,#244);
#243 = CARTESIAN_POINT('',(26.848234,-36.28915,1.585));
#244 = VECTOR('',#245,1.);
#245 = DIRECTION('',(1.,0.,0.));
#246 = ORIENTED_EDGE('',*,*,#247,.T.);
#247 = EDGE_CURVE('',#240,#248,#250,.T.);
#248 = VERTEX_POINT('',#249);
#249 = CARTESIAN_POINT('',(37.438235,-26.91915,1.585));
#250 = LINE('',#251,#252);
#251 = CARTESIAN_POINT('',(37.438235,-36.28915,1.585));
#252 = VECTOR('',#253,1.);
#253 = DIRECTION('',(0.,1.,0.));
#254 = ORIENTED_EDGE('',*,*,#255,.T.);
#255 = EDGE_CURVE('',#248,#158,#256,.T.);
#256 = LINE('',#257,#258);
#257 = CARTESIAN_POINT('',(37.438235,-26.91915,1.585));
#258 = VECTOR('',#259,1.);
#259 = DIRECTION('',(-1.,0.,0.));
#260 = PLANE('',#261);
#261 = AXIS2_PLACEMENT_3D('',#262,#263,#264);
#262 = CARTESIAN_POINT('',(0.,0.,1.585));
#263 = DIRECTION('',(0.,0.,1.));
#264 = DIRECTION('',(1.,0.,-0.));
#265 = ( GEOMETRIC_REPRESENTATION_CONTEXT(3) 
GLOBAL_UNCERTAINTY_ASSIGNED_CONTEXT((#269)) GLOBAL_UNIT_ASSIGNED_CONTEXT
((#266,#267,#268)) REPRESENTATION_CONTEXT('Context #1',
  '3D Context with UNIT and UNCERTAINTY') );
#266 = ( LENGTH_UNIT() NAMED_UNIT(*) SI_UNIT(.MILLI.,.METRE.) );
#267 = ( NAMED_UNIT(*) PLANE_ANGLE_UNIT() SI_UNIT($,.RADIAN.) );
#268 = ( NAMED_UNIT(*) SI_UNIT($,.STERADIAN.) SOLID_ANGLE_UNIT() );
#269 = UNCERTAINTY_MEASURE_WITH_UNIT(LENGTH_MEASURE(1.E-07),#266,
  'distance_accuracy_value','confusion accuracy');
#270 = CONTEXT_DEPENDENT_SHAPE_REPRESENTATION(#271,#273);
#271 = ( REPRESENTATION_RELATIONSHIP('','',#36,#10) 
REPRESENTATION_RELATIONSHIP_WITH_TRANSFORMATION(#272) 
SHAPE_REPRESENTATION_RELATIONSHIP() );
#272 = ITEM_DEFINED_TRANSFORMATION('','',#11,#15);
#273 = PRODUCT_DEFINITION_SHAPE('Placement','Placement of an item',#274
  );
#274 = NEXT_ASSEMBLY_USAGE_OCCURRENCE('1','=>[0:1:1:2]','',#5,#31,$);
#275 = PRODUCT_RELATED_PRODUCT_CATEGORY('part',$,(#33));
#276 = SHAPE_DEFINITION_REPRESENTATION(#277,#283);
#277 = PRODUCT_DEFINITION_SHAPE('','',#278);
#278 = PRODUCT_DEFINITION('design','',#279,#282);
#279 = PRODUCT_DEFINITION_FORMATION('','',#280);
#280 = PRODUCT('left_cover_PCB','left_cover_PCB','',(#281));
#281 = PRODUCT_CONTEXT('',#2,'mechanical');
#282 = PRODUCT_DEFINITION_CONTEXT('part definition',#2,'design');
#283 = ADVANCED_BREP_SHAPE_REPRESENTATION('',(#11,#284),#4243);
#284 = MANIFOLD_SOLID_BREP('',#285);
#285 = CLOSED_SHELL('',(#286,#328,#359,#392,#423,#456,#487,#520,#551,
    #584,#615,#648,#679,#712,#743,#776,#807,#840,#871,#904,#935,#968,
    #999,#1032,#1063,#1096,#1129,#1160,#1193,#1224,#1257,#1288,#1321,
    #1352,#1385,#1416,#1449,#1471,#1511,#1542,#1573,#1595,#1635,#1666,
    #1697,#1719,#1752,#1792,#1823,#1854,#1876,#1916,#1947,#1978,#2000,
    #2040,#2071,#2102,#2124,#2164,#2195,#2226,#2248,#2288,#2319,#2350,
    #2372,#2405,#2445,#2476,#2507,#2529,#2569,#2600,#2631,#2653,#2686,
    #2719,#2759,#2790,#2821,#2843,#2883,#2914,#2945,#2967,#3007,#3038,
    #3069,#3091,#3131,#3162,#3193,#3215,#3255,#3286,#3317,#3339,#3372,
    #3412,#3443,#3474,#3496,#3536,#3567,#3598,#3620,#3660,#3691,#3722,
    #3744,#3777,#3817,#3848,#3879,#3901,#4072));
#286 = ADVANCED_FACE('',(#287),#323,.T.);
#287 = FACE_BOUND('',#288,.T.);
#288 = EDGE_LOOP('',(#289,#299,#308,#316));
#289 = ORIENTED_EDGE('',*,*,#290,.T.);
#290 = EDGE_CURVE('',#291,#293,#295,.T.);
#291 = VERTEX_POINT('',#292);
#292 = CARTESIAN_POINT('',(75.887007,-16.957044,0.));
#293 = VERTEX_POINT('',#294);
#294 = CARTESIAN_POINT('',(75.887007,-16.957044,1.51));
#295 = LINE('',#296,#297);
#296 = CARTESIAN_POINT('',(75.887007,-16.957044,0.));
#297 = VECTOR('',#298,1.);
#298 = DIRECTION('',(0.,0.,1.));
#299 = ORIENTED_EDGE('',*,*,#300,.T.);
#300 = EDGE_CURVE('',#293,#301,#303,.T.);
#301 = VERTEX_POINT('',#302);
#302 = CARTESIAN_POINT('',(76.887007,-17.957044,1.51));
#303 = CIRCLE('',#304,0.999999252925);
#304 = AXIS2_PLACEMENT_3D('',#305,#306,#307);
#305 = CARTESIAN_POINT('',(75.887007747075,-17.95704325292,1.51));
#306 = DIRECTION('',(0.,0.,-1.));
#307 = DIRECTION('',(-7.470757491648E-07,1.,0.));
#308 = ORIENTED_EDGE('',*,*,#309,.F.);
#309 = EDGE_CURVE('',#310,#301,#312,.T.);
#310 = VERTEX_POINT('',#311);
#311 = CARTESIAN_POINT('',(76.887007,-17.957044,0.));
#312 = LINE('',#313,#314);
#313 = CARTESIAN_POINT('',(76.887007,-17.957044,0.));
#314 = VECTOR('',#315,1.);
#315 = DIRECTION('',(0.,0.,1.));
#316 = ORIENTED_EDGE('',*,*,#317,.F.);
#317 = EDGE_CURVE('',#291,#310,#318,.T.);
#318 = CIRCLE('',#319,0.999999252925);
#319 = AXIS2_PLACEMENT_3D('',#320,#321,#322);
#320 = CARTESIAN_POINT('',(75.887007747075,-17.95704325292,0.));
#321 = DIRECTION('',(0.,0.,-1.));
#322 = DIRECTION('',(-7.470757491648E-07,1.,0.));
#323 = CYLINDRICAL_SURFACE('',#324,0.999999252925);
#324 = AXIS2_PLACEMENT_3D('',#325,#326,#327);
#325 = CARTESIAN_POINT('',(75.887007747075,-17.95704325292,0.));
#326 = DIRECTION('',(0.,0.,-1.));
#327 = DIRECTION('',(-7.470757491648E-07,1.,0.));
#328 = ADVANCED_FACE('',(#329),#354,.T.);
#329 = FACE_BOUND('',#330,.T.);
#330 = EDGE_LOOP('',(#331,#332,#340,#348));
#331 = ORIENTED_EDGE('',*,*,#309,.T.);
#332 = ORIENTED_EDGE('',*,*,#333,.T.);
#333 = EDGE_CURVE('',#301,#334,#336,.T.);
#334 = VERTEX_POINT('',#335);
#335 = CARTESIAN_POINT('',(76.887007,-20.757044,1.51));
#336 = LINE('',#337,#338);
#337 = CARTESIAN_POINT('',(76.887007,-17.957044,1.51));
#338 = VECTOR('',#339,1.);
#339 = DIRECTION('',(0.,-1.,0.));
#340 = ORIENTED_EDGE('',*,*,#341,.F.);
#341 = EDGE_CURVE('',#342,#334,#344,.T.);
#342 = VERTEX_POINT('',#343);
#343 = CARTESIAN_POINT('',(76.887007,-20.757044,0.));
#344 = LINE('',#345,#346);
#345 = CARTESIAN_POINT('',(76.887007,-20.757044,0.));
#346 = VECTOR('',#347,1.);
#347 = DIRECTION('',(0.,0.,1.));
#348 = ORIENTED_EDGE('',*,*,#349,.F.);
#349 = EDGE_CURVE('',#310,#342,#350,.T.);
#350 = LINE('',#351,#352);
#351 = CARTESIAN_POINT('',(76.887007,-17.957044,0.));
#352 = VECTOR('',#353,1.);
#353 = DIRECTION('',(0.,-1.,0.));
#354 = PLANE('',#355);
#355 = AXIS2_PLACEMENT_3D('',#356,#357,#358);
#356 = CARTESIAN_POINT('',(76.887007,-17.957044,0.));
#357 = DIRECTION('',(1.,0.,-0.));
#358 = DIRECTION('',(0.,-1.,0.));
#359 = ADVANCED_FACE('',(#360),#387,.F.);
#360 = FACE_BOUND('',#361,.T.);
#361 = EDGE_LOOP('',(#362,#363,#372,#380));
#362 = ORIENTED_EDGE('',*,*,#341,.T.);
#363 = ORIENTED_EDGE('',*,*,#364,.T.);
#364 = EDGE_CURVE('',#334,#365,#367,.T.);
#365 = VERTEX_POINT('',#366);
#366 = CARTESIAN_POINT('',(77.887007,-21.757044,1.51));
#367 = CIRCLE('',#368,0.999999252925);
#368 = AXIS2_PLACEMENT_3D('',#369,#370,#371);
#369 = CARTESIAN_POINT('',(77.887006252925,-20.75704474707,1.51));
#370 = DIRECTION('',(0.,0.,1.));
#371 = DIRECTION('',(-1.,7.470757314012E-07,0.));
#372 = ORIENTED_EDGE('',*,*,#373,.F.);
#373 = EDGE_CURVE('',#374,#365,#376,.T.);
#374 = VERTEX_POINT('',#375);
#375 = CARTESIAN_POINT('',(77.887007,-21.757044,0.));
#376 = LINE('',#377,#378);
#377 = CARTESIAN_POINT('',(77.887007,-21.757044,0.));
#378 = VECTOR('',#379,1.);
#379 = DIRECTION('',(0.,0.,1.));
#380 = ORIENTED_EDGE('',*,*,#381,.F.);
#381 = EDGE_CURVE('',#342,#374,#382,.T.);
#382 = CIRCLE('',#383,0.999999252925);
#383 = AXIS2_PLACEMENT_3D('',#384,#385,#386);
#384 = CARTESIAN_POINT('',(77.887006252925,-20.75704474707,0.));
#385 = DIRECTION('',(0.,0.,1.));
#386 = DIRECTION('',(-1.,7.470757314012E-07,0.));
#387 = CYLINDRICAL_SURFACE('',#388,0.999999252925);
#388 = AXIS2_PLACEMENT_3D('',#389,#390,#391);
#389 = CARTESIAN_POINT('',(77.887006252925,-20.75704474707,0.));
#390 = DIRECTION('',(-0.,-0.,-1.));
#391 = DIRECTION('',(-1.,7.470757314012E-07,0.));
#392 = ADVANCED_FACE('',(#393),#418,.T.);
#393 = FACE_BOUND('',#394,.T.);
#394 = EDGE_LOOP('',(#395,#396,#404,#412));
#395 = ORIENTED_EDGE('',*,*,#373,.T.);
#396 = ORIENTED_EDGE('',*,*,#397,.T.);
#397 = EDGE_CURVE('',#365,#398,#400,.T.);
#398 = VERTEX_POINT('',#399);
#399 = CARTESIAN_POINT('',(94.987007,-21.757044,1.51));
#400 = LINE('',#401,#402);
#401 = CARTESIAN_POINT('',(77.887007,-21.757044,1.51));
#402 = VECTOR('',#403,1.);
#403 = DIRECTION('',(1.,0.,0.));
#404 = ORIENTED_EDGE('',*,*,#405,.F.);
#405 = EDGE_CURVE('',#406,#398,#408,.T.);
#406 = VERTEX_POINT('',#407);
#407 = CARTESIAN_POINT('',(94.987007,-21.757044,0.));
#408 = LINE('',#409,#410);
#409 = CARTESIAN_POINT('',(94.987007,-21.757044,0.));
#410 = VECTOR('',#411,1.);
#411 = DIRECTION('',(0.,0.,1.));
#412 = ORIENTED_EDGE('',*,*,#413,.F.);
#413 = EDGE_CURVE('',#374,#406,#414,.T.);
#414 = LINE('',#415,#416);
#415 = CARTESIAN_POINT('',(77.887007,-21.757044,0.));
#416 = VECTOR('',#417,1.);
#417 = DIRECTION('',(1.,0.,0.));
#418 = PLANE('',#419);
#419 = AXIS2_PLACEMENT_3D('',#420,#421,#422);
#420 = CARTESIAN_POINT('',(77.887007,-21.757044,0.));
#421 = DIRECTION('',(0.,1.,0.));
#422 = DIRECTION('',(1.,0.,0.));
#423 = ADVANCED_FACE('',(#424),#451,.T.);
#424 = FACE_BOUND('',#425,.T.);
#425 = EDGE_LOOP('',(#426,#427,#436,#444));
#426 = ORIENTED_EDGE('',*,*,#405,.T.);
#427 = ORIENTED_EDGE('',*,*,#428,.T.);
#428 = EDGE_CURVE('',#398,#429,#431,.T.);
#429 = VERTEX_POINT('',#430);
#430 = CARTESIAN_POINT('',(95.987007,-22.757044,1.51));
#431 = CIRCLE('',#432,0.999999252925);
#432 = AXIS2_PLACEMENT_3D('',#433,#434,#435);
#433 = CARTESIAN_POINT('',(94.987007747075,-22.75704325292,1.51));
#434 = DIRECTION('',(0.,0.,-1.));
#435 = DIRECTION('',(-7.470757349539E-07,1.,0.));
#436 = ORIENTED_EDGE('',*,*,#437,.F.);
#437 = EDGE_CURVE('',#438,#429,#440,.T.);
#438 = VERTEX_POINT('',#439);
#439 = CARTESIAN_POINT('',(95.987007,-22.757044,0.));
#440 = LINE('',#441,#442);
#441 = CARTESIAN_POINT('',(95.987007,-22.757044,0.));
#442 = VECTOR('',#443,1.);
#443 = DIRECTION('',(0.,0.,1.));
#444 = ORIENTED_EDGE('',*,*,#445,.F.);
#445 = EDGE_CURVE('',#406,#438,#446,.T.);
#446 = CIRCLE('',#447,0.999999252925);
#447 = AXIS2_PLACEMENT_3D('',#448,#449,#450);
#448 = CARTESIAN_POINT('',(94.987007747075,-22.75704325292,0.));
#449 = DIRECTION('',(0.,0.,-1.));
#450 = DIRECTION('',(-7.470757349539E-07,1.,0.));
#451 = CYLINDRICAL_SURFACE('',#452,0.999999252925);
#452 = AXIS2_PLACEMENT_3D('',#453,#454,#455);
#453 = CARTESIAN_POINT('',(94.987007747075,-22.75704325292,0.));
#454 = DIRECTION('',(0.,0.,-1.));
#455 = DIRECTION('',(-7.470757349539E-07,1.,0.));
#456 = ADVANCED_FACE('',(#457),#482,.T.);
#457 = FACE_BOUND('',#458,.T.);
#458 = EDGE_LOOP('',(#459,#460,#468,#476));
#459 = ORIENTED_EDGE('',*,*,#437,.T.);
#460 = ORIENTED_EDGE('',*,*,#461,.T.);
#461 = EDGE_CURVE('',#429,#462,#464,.T.);
#462 = VERTEX_POINT('',#463);
#463 = CARTESIAN_POINT('',(95.987007,-23.557044,1.51));
#464 = LINE('',#465,#466);
#465 = CARTESIAN_POINT('',(95.987007,-22.757044,1.51));
#466 = VECTOR('',#467,1.);
#467 = DIRECTION('',(0.,-1.,0.));
#468 = ORIENTED_EDGE('',*,*,#469,.F.);
#469 = EDGE_CURVE('',#470,#462,#472,.T.);
#470 = VERTEX_POINT('',#471);
#471 = CARTESIAN_POINT('',(95.987007,-23.557044,0.));
#472 = LINE('',#473,#474);
#473 = CARTESIAN_POINT('',(95.987007,-23.557044,0.));
#474 = VECTOR('',#475,1.);
#475 = DIRECTION('',(0.,0.,1.));
#476 = ORIENTED_EDGE('',*,*,#477,.F.);
#477 = EDGE_CURVE('',#438,#470,#478,.T.);
#478 = LINE('',#479,#480);
#479 = CARTESIAN_POINT('',(95.987007,-22.757044,0.));
#480 = VECTOR('',#481,1.);
#481 = DIRECTION('',(0.,-1.,0.));
#482 = PLANE('',#483);
#483 = AXIS2_PLACEMENT_3D('',#484,#485,#486);
#484 = CARTESIAN_POINT('',(95.987007,-22.757044,0.));
#485 = DIRECTION('',(1.,0.,-0.));
#486 = DIRECTION('',(0.,-1.,0.));
#487 = ADVANCED_FACE('',(#488),#515,.F.);
#488 = FACE_BOUND('',#489,.T.);
#489 = EDGE_LOOP('',(#490,#491,#500,#508));
#490 = ORIENTED_EDGE('',*,*,#469,.T.);
#491 = ORIENTED_EDGE('',*,*,#492,.T.);
#492 = EDGE_CURVE('',#462,#493,#495,.T.);
#493 = VERTEX_POINT('',#494);
#494 = CARTESIAN_POINT('',(96.987007,-24.557044,1.51));
#495 = CIRCLE('',#496,0.999999252925);
#496 = AXIS2_PLACEMENT_3D('',#497,#498,#499);
#497 = CARTESIAN_POINT('',(96.987006252925,-23.55704474707,1.51));
#498 = DIRECTION('',(0.,0.,1.));
#499 = DIRECTION('',(-1.,7.470757527175E-07,0.));
#500 = ORIENTED_EDGE('',*,*,#501,.F.);
#501 = EDGE_CURVE('',#502,#493,#504,.T.);
#502 = VERTEX_POINT('',#503);
#503 = CARTESIAN_POINT('',(96.987007,-24.557044,0.));
#504 = LINE('',#505,#506);
#505 = CARTESIAN_POINT('',(96.987007,-24.557044,0.));
#506 = VECTOR('',#507,1.);
#507 = DIRECTION('',(0.,0.,1.));
#508 = ORIENTED_EDGE('',*,*,#509,.F.);
#509 = EDGE_CURVE('',#470,#502,#510,.T.);
#510 = CIRCLE('',#511,0.999999252925);
#511 = AXIS2_PLACEMENT_3D('',#512,#513,#514);
#512 = CARTESIAN_POINT('',(96.987006252925,-23.55704474707,0.));
#513 = DIRECTION('',(0.,0.,1.));
#514 = DIRECTION('',(-1.,7.470757527175E-07,0.));
#515 = CYLINDRICAL_SURFACE('',#516,0.999999252925);
#516 = AXIS2_PLACEMENT_3D('',#517,#518,#519);
#517 = CARTESIAN_POINT('',(96.987006252925,-23.55704474707,0.));
#518 = DIRECTION('',(-0.,-0.,-1.));
#519 = DIRECTION('',(-1.,7.470757527175E-07,0.));
#520 = ADVANCED_FACE('',(#521),#546,.T.);
#521 = FACE_BOUND('',#522,.T.);
#522 = EDGE_LOOP('',(#523,#524,#532,#540));
#523 = ORIENTED_EDGE('',*,*,#501,.T.);
#524 = ORIENTED_EDGE('',*,*,#525,.T.);
#525 = EDGE_CURVE('',#493,#526,#528,.T.);
#526 = VERTEX_POINT('',#527);
#527 = CARTESIAN_POINT('',(115.227312,-24.557044,1.51));
#528 = LINE('',#529,#530);
#529 = CARTESIAN_POINT('',(96.987007,-24.557044,1.51));
#530 = VECTOR('',#531,1.);
#531 = DIRECTION('',(1.,0.,0.));
#532 = ORIENTED_EDGE('',*,*,#533,.F.);
#533 = EDGE_CURVE('',#534,#526,#536,.T.);
#534 = VERTEX_POINT('',#535);
#535 = CARTESIAN_POINT('',(115.227312,-24.557044,0.));
#536 = LINE('',#537,#538);
#537 = CARTESIAN_POINT('',(115.227312,-24.557044,0.));
#538 = VECTOR('',#539,1.);
#539 = DIRECTION('',(0.,0.,1.));
#540 = ORIENTED_EDGE('',*,*,#541,.F.);
#541 = EDGE_CURVE('',#502,#534,#542,.T.);
#542 = LINE('',#543,#544);
#543 = CARTESIAN_POINT('',(96.987007,-24.557044,0.));
#544 = VECTOR('',#545,1.);
#545 = DIRECTION('',(1.,0.,0.));
#546 = PLANE('',#547);
#547 = AXIS2_PLACEMENT_3D('',#548,#549,#550);
#548 = CARTESIAN_POINT('',(96.987007,-24.557044,0.));
#549 = DIRECTION('',(0.,1.,0.));
#550 = DIRECTION('',(1.,0.,0.));
#551 = ADVANCED_FACE('',(#552),#579,.T.);
#552 = FACE_BOUND('',#553,.T.);
#553 = EDGE_LOOP('',(#554,#555,#564,#572));
#554 = ORIENTED_EDGE('',*,*,#533,.T.);
#555 = ORIENTED_EDGE('',*,*,#556,.T.);
#556 = EDGE_CURVE('',#526,#557,#559,.T.);
#557 = VERTEX_POINT('',#558);
#558 = CARTESIAN_POINT('',(115.934889,-24.850407,1.51));
#559 = CIRCLE('',#560,1.000008944217);
#560 = AXIS2_PLACEMENT_3D('',#561,#562,#563);
#561 = CARTESIAN_POINT('',(115.22730904123,-25.55705294421,1.51));
#562 = DIRECTION('',(0.,0.,-1.));
#563 = DIRECTION('',(2.958735703253E-06,0.999999999996,0.));
#564 = ORIENTED_EDGE('',*,*,#565,.F.);
#565 = EDGE_CURVE('',#566,#557,#568,.T.);
#566 = VERTEX_POINT('',#567);
#567 = CARTESIAN_POINT('',(115.934889,-24.850407,0.));
#568 = LINE('',#569,#570);
#569 = CARTESIAN_POINT('',(115.934889,-24.850407,0.));
#570 = VECTOR('',#571,1.);
#571 = DIRECTION('',(0.,0.,1.));
#572 = ORIENTED_EDGE('',*,*,#573,.F.);
#573 = EDGE_CURVE('',#534,#566,#574,.T.);
#574 = CIRCLE('',#575,1.000008944217);
#575 = AXIS2_PLACEMENT_3D('',#576,#577,#578);
#576 = CARTESIAN_POINT('',(115.22730904123,-25.55705294421,0.));
#577 = DIRECTION('',(0.,0.,-1.));
#578 = DIRECTION('',(2.958735703253E-06,0.999999999996,0.));
#579 = CYLINDRICAL_SURFACE('',#580,1.000008944217);
#580 = AXIS2_PLACEMENT_3D('',#581,#582,#583);
#581 = CARTESIAN_POINT('',(115.22730904123,-25.55705294421,0.));
#582 = DIRECTION('',(0.,0.,-1.));
#583 = DIRECTION('',(2.958735703253E-06,0.999999999996,0.));
#584 = ADVANCED_FACE('',(#585),#610,.T.);
#585 = FACE_BOUND('',#586,.T.);
#586 = EDGE_LOOP('',(#587,#588,#596,#604));
#587 = ORIENTED_EDGE('',*,*,#565,.T.);
#588 = ORIENTED_EDGE('',*,*,#589,.T.);
#589 = EDGE_CURVE('',#557,#590,#592,.T.);
#590 = VERTEX_POINT('',#591);
#591 = CARTESIAN_POINT('',(120.763923,-29.685867,1.51));
#592 = LINE('',#593,#594);
#593 = CARTESIAN_POINT('',(115.934889,-24.850407,1.51));
#594 = VECTOR('',#595,1.);
#595 = DIRECTION('',(0.706636463982,-0.707576785777,0.));
#596 = ORIENTED_EDGE('',*,*,#597,.F.);
#597 = EDGE_CURVE('',#598,#590,#600,.T.);
#598 = VERTEX_POINT('',#599);
#599 = CARTESIAN_POINT('',(120.763923,-29.685867,0.));
#600 = LINE('',#601,#602);
#601 = CARTESIAN_POINT('',(120.763923,-29.685867,0.));
#602 = VECTOR('',#603,1.);
#603 = DIRECTION('',(0.,0.,1.));
#604 = ORIENTED_EDGE('',*,*,#605,.F.);
#605 = EDGE_CURVE('',#566,#598,#606,.T.);
#606 = LINE('',#607,#608);
#607 = CARTESIAN_POINT('',(115.934889,-24.850407,0.));
#608 = VECTOR('',#609,1.);
#609 = DIRECTION('',(0.706636463982,-0.707576785777,0.));
#610 = PLANE('',#611);
#611 = AXIS2_PLACEMENT_3D('',#612,#613,#614);
#612 = CARTESIAN_POINT('',(115.934889,-24.850407,0.));
#613 = DIRECTION('',(0.707576785777,0.706636463982,-0.));
#614 = DIRECTION('',(0.706636463982,-0.707576785777,0.));
#615 = ADVANCED_FACE('',(#616),#643,.T.);
#616 = FACE_BOUND('',#617,.T.);
#617 = EDGE_LOOP('',(#618,#619,#628,#636));
#618 = ORIENTED_EDGE('',*,*,#597,.T.);
#619 = ORIENTED_EDGE('',*,*,#620,.T.);
#620 = EDGE_CURVE('',#590,#621,#623,.T.);
#621 = VERTEX_POINT('',#622);
#622 = CARTESIAN_POINT('',(121.056347,-30.391976,1.51));
#623 = CIRCLE('',#624,0.99984860078);
#624 = AXIS2_PLACEMENT_3D('',#625,#626,#627);
#625 = CARTESIAN_POINT('',(120.05649850767,-30.39244170386,1.51));
#626 = DIRECTION('',(0.,0.,-1.));
#627 = DIRECTION('',(0.707531612058,0.706681694923,0.));
#628 = ORIENTED_EDGE('',*,*,#629,.F.);
#629 = EDGE_CURVE('',#630,#621,#632,.T.);
#630 = VERTEX_POINT('',#631);
#631 = CARTESIAN_POINT('',(121.056347,-30.391976,0.));
#632 = LINE('',#633,#634);
#633 = CARTESIAN_POINT('',(121.056347,-30.391976,0.));
#634 = VECTOR('',#635,1.);
#635 = DIRECTION('',(0.,0.,1.));
#636 = ORIENTED_EDGE('',*,*,#637,.F.);
#637 = EDGE_CURVE('',#598,#630,#638,.T.);
#638 = CIRCLE('',#639,0.99984860078);
#639 = AXIS2_PLACEMENT_3D('',#640,#641,#642);
#640 = CARTESIAN_POINT('',(120.05649850767,-30.39244170386,0.));
#641 = DIRECTION('',(0.,0.,-1.));
#642 = DIRECTION('',(0.707531612058,0.706681694923,0.));
#643 = CYLINDRICAL_SURFACE('',#644,0.99984860078);
#644 = AXIS2_PLACEMENT_3D('',#645,#646,#647);
#645 = CARTESIAN_POINT('',(120.05649850767,-30.39244170386,0.));
#646 = DIRECTION('',(0.,0.,-1.));
#647 = DIRECTION('',(0.707531612058,0.706681694923,0.));
#648 = ADVANCED_FACE('',(#649),#674,.T.);
#649 = FACE_BOUND('',#650,.T.);
#650 = EDGE_LOOP('',(#651,#652,#660,#668));
#651 = ORIENTED_EDGE('',*,*,#629,.T.);
#652 = ORIENTED_EDGE('',*,*,#653,.T.);
#653 = EDGE_CURVE('',#621,#654,#656,.T.);
#654 = VERTEX_POINT('',#655);
#655 = CARTESIAN_POINT('',(121.087007,-88.61278,1.51));
#656 = LINE('',#657,#658);
#657 = CARTESIAN_POINT('',(121.056347,-30.391976,1.51));
#658 = VECTOR('',#659,1.);
#659 = DIRECTION('',(5.266158081331E-04,-0.999999861338,0.));
#660 = ORIENTED_EDGE('',*,*,#661,.F.);
#661 = EDGE_CURVE('',#662,#654,#664,.T.);
#662 = VERTEX_POINT('',#663);
#663 = CARTESIAN_POINT('',(121.087007,-88.61278,0.));
#664 = LINE('',#665,#666);
#665 = CARTESIAN_POINT('',(121.087007,-88.61278,0.));
#666 = VECTOR('',#667,1.);
#667 = DIRECTION('',(0.,0.,1.));
#668 = ORIENTED_EDGE('',*,*,#669,.F.);
#669 = EDGE_CURVE('',#630,#662,#670,.T.);
#670 = LINE('',#671,#672);
#671 = CARTESIAN_POINT('',(121.056347,-30.391976,0.));
#672 = VECTOR('',#673,1.);
#673 = DIRECTION('',(5.266158081331E-04,-0.999999861338,0.));
#674 = PLANE('',#675);
#675 = AXIS2_PLACEMENT_3D('',#676,#677,#678);
#676 = CARTESIAN_POINT('',(121.056347,-30.391976,0.));
#677 = DIRECTION('',(0.999999861338,5.266158081331E-04,-0.));
#678 = DIRECTION('',(5.266158081331E-04,-0.999999861338,0.));
#679 = ADVANCED_FACE('',(#680),#707,.F.);
#680 = FACE_BOUND('',#681,.T.);
#681 = EDGE_LOOP('',(#682,#683,#692,#700));
#682 = ORIENTED_EDGE('',*,*,#661,.T.);
#683 = ORIENTED_EDGE('',*,*,#684,.T.);
#684 = EDGE_CURVE('',#654,#685,#687,.T.);
#685 = VERTEX_POINT('',#686);
#686 = CARTESIAN_POINT('',(121.673655,-89.523352,1.51));
#687 = CIRCLE('',#688,1.000109647494);
#688 = AXIS2_PLACEMENT_3D('',#689,#690,#691);
#689 = CARTESIAN_POINT('',(122.08711664504,-88.61271004232,1.51));
#690 = DIRECTION('',(0.,0.,1.));
#691 = DIRECTION('',(-0.999999997553,-6.995000927309E-05,0.));
#692 = ORIENTED_EDGE('',*,*,#693,.F.);
#693 = EDGE_CURVE('',#694,#685,#696,.T.);
#694 = VERTEX_POINT('',#695);
#695 = CARTESIAN_POINT('',(121.673655,-89.523352,0.));
#696 = LINE('',#697,#698);
#697 = CARTESIAN_POINT('',(121.673655,-89.523352,0.));
#698 = VECTOR('',#699,1.);
#699 = DIRECTION('',(0.,0.,1.));
#700 = ORIENTED_EDGE('',*,*,#701,.F.);
#701 = EDGE_CURVE('',#662,#694,#702,.T.);
#702 = CIRCLE('',#703,1.000109647494);
#703 = AXIS2_PLACEMENT_3D('',#704,#705,#706);
#704 = CARTESIAN_POINT('',(122.08711664504,-88.61271004232,0.));
#705 = DIRECTION('',(0.,0.,1.));
#706 = DIRECTION('',(-0.999999997553,-6.995000927309E-05,0.));
#707 = CYLINDRICAL_SURFACE('',#708,1.000109647494);
#708 = AXIS2_PLACEMENT_3D('',#709,#710,#711);
#709 = CARTESIAN_POINT('',(122.08711664504,-88.61271004232,0.));
#710 = DIRECTION('',(-0.,-0.,-1.));
#711 = DIRECTION('',(-0.999999997553,-6.995000927309E-05,0.));
#712 = ADVANCED_FACE('',(#713),#738,.T.);
#713 = FACE_BOUND('',#714,.T.);
#714 = EDGE_LOOP('',(#715,#716,#724,#732));
#715 = ORIENTED_EDGE('',*,*,#693,.T.);
#716 = ORIENTED_EDGE('',*,*,#717,.T.);
#717 = EDGE_CURVE('',#685,#718,#720,.T.);
#718 = VERTEX_POINT('',#719);
#719 = CARTESIAN_POINT('',(135.369479,-95.740535,1.51));
#720 = LINE('',#721,#722);
#721 = CARTESIAN_POINT('',(121.673655,-89.523352,1.51));
#722 = VECTOR('',#723,1.);
#723 = DIRECTION('',(0.910571529769,-0.413351532202,0.));
#724 = ORIENTED_EDGE('',*,*,#725,.F.);
#725 = EDGE_CURVE('',#726,#718,#728,.T.);
#726 = VERTEX_POINT('',#727);
#727 = CARTESIAN_POINT('',(135.369479,-95.740535,0.));
#728 = LINE('',#729,#730);
#729 = CARTESIAN_POINT('',(135.369479,-95.740535,0.));
#730 = VECTOR('',#731,1.);
#731 = DIRECTION('',(0.,0.,1.));
#732 = ORIENTED_EDGE('',*,*,#733,.F.);
#733 = EDGE_CURVE('',#694,#726,#734,.T.);
#734 = LINE('',#735,#736);
#735 = CARTESIAN_POINT('',(121.673655,-89.523352,0.));
#736 = VECTOR('',#737,1.);
#737 = DIRECTION('',(0.910571529769,-0.413351532202,0.));
#738 = PLANE('',#739);
#739 = AXIS2_PLACEMENT_3D('',#740,#741,#742);
#740 = CARTESIAN_POINT('',(121.673655,-89.523352,0.));
#741 = DIRECTION('',(0.413351532202,0.910571529769,-0.));
#742 = DIRECTION('',(0.910571529769,-0.413351532202,0.));
#743 = ADVANCED_FACE('',(#744),#771,.T.);
#744 = FACE_BOUND('',#745,.T.);
#745 = EDGE_LOOP('',(#746,#747,#756,#764));
#746 = ORIENTED_EDGE('',*,*,#725,.T.);
#747 = ORIENTED_EDGE('',*,*,#748,.T.);
#748 = EDGE_CURVE('',#718,#749,#751,.T.);
#749 = VERTEX_POINT('',#750);
#750 = CARTESIAN_POINT('',(135.863527,-97.071375,1.51));
#751 = CIRCLE('',#752,0.99999793676);
#752 = AXIS2_PLACEMENT_3D('',#753,#754,#755);
#753 = CARTESIAN_POINT('',(134.95612998521,-96.65110540666,1.51));
#754 = DIRECTION('',(0.,0.,-1.));
#755 = DIRECTION('',(0.413349867627,0.910572285397,0.));
#756 = ORIENTED_EDGE('',*,*,#757,.F.);
#757 = EDGE_CURVE('',#758,#749,#760,.T.);
#758 = VERTEX_POINT('',#759);
#759 = CARTESIAN_POINT('',(135.863527,-97.071375,0.));
#760 = LINE('',#761,#762);
#761 = CARTESIAN_POINT('',(135.863527,-97.071375,0.));
#762 = VECTOR('',#763,1.);
#763 = DIRECTION('',(0.,0.,1.));
#764 = ORIENTED_EDGE('',*,*,#765,.F.);
#765 = EDGE_CURVE('',#726,#758,#766,.T.);
#766 = CIRCLE('',#767,0.99999793676);
#767 = AXIS2_PLACEMENT_3D('',#768,#769,#770);
#768 = CARTESIAN_POINT('',(134.95612998521,-96.65110540666,0.));
#769 = DIRECTION('',(0.,0.,-1.));
#770 = DIRECTION('',(0.413349867627,0.910572285397,0.));
#771 = CYLINDRICAL_SURFACE('',#772,0.99999793676);
#772 = AXIS2_PLACEMENT_3D('',#773,#774,#775);
#773 = CARTESIAN_POINT('',(134.95612998521,-96.65110540666,0.));
#774 = DIRECTION('',(0.,0.,-1.));
#775 = DIRECTION('',(0.413349867627,0.910572285397,0.));
#776 = ADVANCED_FACE('',(#777),#802,.T.);
#777 = FACE_BOUND('',#778,.T.);
#778 = EDGE_LOOP('',(#779,#780,#788,#796));
#779 = ORIENTED_EDGE('',*,*,#757,.T.);
#780 = ORIENTED_EDGE('',*,*,#781,.T.);
#781 = EDGE_CURVE('',#749,#782,#784,.T.);
#782 = VERTEX_POINT('',#783);
#783 = CARTESIAN_POINT('',(127.91631,-114.230139,1.51));
#784 = LINE('',#785,#786);
#785 = CARTESIAN_POINT('',(135.863527,-97.071375,1.51));
#786 = VECTOR('',#787,1.);
#787 = DIRECTION('',(-0.420269223058,-0.907399460078,0.));
#788 = ORIENTED_EDGE('',*,*,#789,.F.);
#789 = EDGE_CURVE('',#790,#782,#792,.T.);
#790 = VERTEX_POINT('',#791);
#791 = CARTESIAN_POINT('',(127.91631,-114.230139,0.));
#792 = LINE('',#793,#794);
#793 = CARTESIAN_POINT('',(127.91631,-114.230139,0.));
#794 = VECTOR('',#795,1.);
#795 = DIRECTION('',(0.,0.,1.));
#796 = ORIENTED_EDGE('',*,*,#797,.F.);
#797 = EDGE_CURVE('',#758,#790,#798,.T.);
#798 = LINE('',#799,#800);
#799 = CARTESIAN_POINT('',(135.863527,-97.071375,0.));
#800 = VECTOR('',#801,1.);
#801 = DIRECTION('',(-0.420269223058,-0.907399460078,0.));
#802 = PLANE('',#803);
#803 = AXIS2_PLACEMENT_3D('',#804,#805,#806);
#804 = CARTESIAN_POINT('',(135.863527,-97.071375,0.));
#805 = DIRECTION('',(0.907399460078,-0.420269223058,0.));
#806 = DIRECTION('',(-0.420269223058,-0.907399460078,0.));
#807 = ADVANCED_FACE('',(#808),#835,.T.);
#808 = FACE_BOUND('',#809,.T.);
#809 = EDGE_LOOP('',(#810,#811,#820,#828));
#810 = ORIENTED_EDGE('',*,*,#789,.T.);
#811 = ORIENTED_EDGE('',*,*,#812,.T.);
#812 = EDGE_CURVE('',#782,#813,#815,.T.);
#813 = VERTEX_POINT('',#814);
#814 = CARTESIAN_POINT('',(126.569441,-114.708127,1.51));
#815 = CIRCLE('',#816,1.000010808796);
#816 = AXIS2_PLACEMENT_3D('',#817,#818,#819);
#817 = CARTESIAN_POINT('',(127.00890547418,-113.8098549957,1.51));
#818 = DIRECTION('',(-0.,0.,-1.));
#819 = DIRECTION('',(0.907394717972,-0.420279461546,-0.));
#820 = ORIENTED_EDGE('',*,*,#821,.F.);
#821 = EDGE_CURVE('',#822,#813,#824,.T.);
#822 = VERTEX_POINT('',#823);
#823 = CARTESIAN_POINT('',(126.569441,-114.708127,0.));
#824 = LINE('',#825,#826);
#825 = CARTESIAN_POINT('',(126.569441,-114.708127,0.));
#826 = VECTOR('',#827,1.);
#827 = DIRECTION('',(0.,0.,1.));
#828 = ORIENTED_EDGE('',*,*,#829,.F.);
#829 = EDGE_CURVE('',#790,#822,#830,.T.);
#830 = CIRCLE('',#831,1.000010808796);
#831 = AXIS2_PLACEMENT_3D('',#832,#833,#834);
#832 = CARTESIAN_POINT('',(127.00890547418,-113.8098549957,0.));
#833 = DIRECTION('',(-0.,0.,-1.));
#834 = DIRECTION('',(0.907394717972,-0.420279461546,-0.));
#835 = CYLINDRICAL_SURFACE('',#836,1.000010808796);
#836 = AXIS2_PLACEMENT_3D('',#837,#838,#839);
#837 = CARTESIAN_POINT('',(127.00890547418,-113.8098549957,0.));
#838 = DIRECTION('',(-0.,0.,-1.));
#839 = DIRECTION('',(0.907394717972,-0.420279461546,-0.));
#840 = ADVANCED_FACE('',(#841),#866,.T.);
#841 = FACE_BOUND('',#842,.T.);
#842 = EDGE_LOOP('',(#843,#844,#852,#860));
#843 = ORIENTED_EDGE('',*,*,#821,.T.);
#844 = ORIENTED_EDGE('',*,*,#845,.T.);
#845 = EDGE_CURVE('',#813,#846,#848,.T.);
#846 = VERTEX_POINT('',#847);
#847 = CARTESIAN_POINT('',(109.012226,-106.118307,1.51));
#848 = LINE('',#849,#850);
#849 = CARTESIAN_POINT('',(126.569441,-114.708127,1.51));
#850 = VECTOR('',#851,1.);
#851 = DIRECTION('',(-0.898257290978,0.439469952563,0.));
#852 = ORIENTED_EDGE('',*,*,#853,.F.);
#853 = EDGE_CURVE('',#854,#846,#856,.T.);
#854 = VERTEX_POINT('',#855);
#855 = CARTESIAN_POINT('',(109.012226,-106.118307,0.));
#856 = LINE('',#857,#858);
#857 = CARTESIAN_POINT('',(109.012226,-106.118307,0.));
#858 = VECTOR('',#859,1.);
#859 = DIRECTION('',(0.,0.,1.));
#860 = ORIENTED_EDGE('',*,*,#861,.F.);
#861 = EDGE_CURVE('',#822,#854,#862,.T.);
#862 = LINE('',#863,#864);
#863 = CARTESIAN_POINT('',(126.569441,-114.708127,0.));
#864 = VECTOR('',#865,1.);
#865 = DIRECTION('',(-0.898257290978,0.439469952563,0.));
#866 = PLANE('',#867);
#867 = AXIS2_PLACEMENT_3D('',#868,#869,#870);
#868 = CARTESIAN_POINT('',(126.569441,-114.708127,0.));
#869 = DIRECTION('',(-0.439469952563,-0.898257290978,0.));
#870 = DIRECTION('',(-0.898257290978,0.439469952563,0.));
#871 = ADVANCED_FACE('',(#872),#899,.F.);
#872 = FACE_BOUND('',#873,.T.);
#873 = EDGE_LOOP('',(#874,#875,#884,#892));
#874 = ORIENTED_EDGE('',*,*,#853,.T.);
#875 = ORIENTED_EDGE('',*,*,#876,.T.);
#876 = EDGE_CURVE('',#846,#877,#879,.T.);
#877 = VERTEX_POINT('',#878);
#878 = CARTESIAN_POINT('',(108.749808,-106.032363,1.51));
#879 = CIRCLE('',#880,0.999179570954);
#880 = AXIS2_PLACEMENT_3D('',#881,#882,#883);
#881 = CARTESIAN_POINT('',(108.57301456766,-107.0157774077,1.51));
#882 = DIRECTION('',(0.,0.,1.));
#883 = DIRECTION('',(0.439572070029,0.898207323089,-0.));
#884 = ORIENTED_EDGE('',*,*,#885,.F.);
#885 = EDGE_CURVE('',#886,#877,#888,.T.);
#886 = VERTEX_POINT('',#887);
#887 = CARTESIAN_POINT('',(108.749808,-106.032363,0.));
#888 = LINE('',#889,#890);
#889 = CARTESIAN_POINT('',(108.749808,-106.032363,0.));
#890 = VECTOR('',#891,1.);
#891 = DIRECTION('',(0.,0.,1.));
#892 = ORIENTED_EDGE('',*,*,#893,.F.);
#893 = EDGE_CURVE('',#854,#886,#894,.T.);
#894 = CIRCLE('',#895,0.999179570954);
#895 = AXIS2_PLACEMENT_3D('',#896,#897,#898);
#896 = CARTESIAN_POINT('',(108.57301456766,-107.0157774077,0.));
#897 = DIRECTION('',(0.,0.,1.));
#898 = DIRECTION('',(0.439572070029,0.898207323089,-0.));
#899 = CYLINDRICAL_SURFACE('',#900,0.999179570954);
#900 = AXIS2_PLACEMENT_3D('',#901,#902,#903);
#901 = CARTESIAN_POINT('',(108.57301456766,-107.0157774077,0.));
#902 = DIRECTION('',(-0.,-0.,-1.));
#903 = DIRECTION('',(0.439572070029,0.898207323089,-0.));
#904 = ADVANCED_FACE('',(#905),#930,.T.);
#905 = FACE_BOUND('',#906,.T.);
#906 = EDGE_LOOP('',(#907,#908,#916,#924));
#907 = ORIENTED_EDGE('',*,*,#885,.T.);
#908 = ORIENTED_EDGE('',*,*,#909,.T.);
#909 = EDGE_CURVE('',#877,#910,#912,.T.);
#910 = VERTEX_POINT('',#911);
#911 = CARTESIAN_POINT('',(90.433856,-102.73743,1.51));
#912 = LINE('',#913,#914);
#913 = CARTESIAN_POINT('',(108.749808,-106.032363,1.51));
#914 = VECTOR('',#915,1.);
#915 = DIRECTION('',(-0.984201478703,0.177052109048,0.));
#916 = ORIENTED_EDGE('',*,*,#917,.F.);
#917 = EDGE_CURVE('',#918,#910,#920,.T.);
#918 = VERTEX_POINT('',#919);
#919 = CARTESIAN_POINT('',(90.433856,-102.73743,0.));
#920 = LINE('',#921,#922);
#921 = CARTESIAN_POINT('',(90.433856,-102.73743,0.));
#922 = VECTOR('',#923,1.);
#923 = DIRECTION('',(0.,0.,1.));
#924 = ORIENTED_EDGE('',*,*,#925,.F.);
#925 = EDGE_CURVE('',#886,#918,#926,.T.);
#926 = LINE('',#927,#928);
#927 = CARTESIAN_POINT('',(108.749808,-106.032363,0.));
#928 = VECTOR('',#929,1.);
#929 = DIRECTION('',(-0.984201478703,0.177052109048,0.));
#930 = PLANE('',#931);
#931 = AXIS2_PLACEMENT_3D('',#932,#933,#934);
#932 = CARTESIAN_POINT('',(108.749808,-106.032363,0.));
#933 = DIRECTION('',(-0.177052109048,-0.984201478703,0.));
#934 = DIRECTION('',(-0.984201478703,0.177052109048,0.));
#935 = ADVANCED_FACE('',(#936),#963,.T.);
#936 = FACE_BOUND('',#937,.T.);
#937 = EDGE_LOOP('',(#938,#939,#948,#956));
#938 = ORIENTED_EDGE('',*,*,#917,.T.);
#939 = ORIENTED_EDGE('',*,*,#940,.T.);
#940 = EDGE_CURVE('',#910,#941,#943,.T.);
#941 = VERTEX_POINT('',#942);
#942 = CARTESIAN_POINT('',(89.753415,-102.267724,1.51));
#943 = CIRCLE('',#944,1.000007456937);
#944 = AXIS2_PLACEMENT_3D('',#945,#946,#947);
#945 = CARTESIAN_POINT('',(90.610912742041,-101.7532217781,1.51));
#946 = DIRECTION('',(0.,0.,-1.));
#947 = DIRECTION('',(-0.177055421749,-0.984200882762,-0.));
#948 = ORIENTED_EDGE('',*,*,#949,.F.);
#949 = EDGE_CURVE('',#950,#941,#952,.T.);
#950 = VERTEX_POINT('',#951);
#951 = CARTESIAN_POINT('',(89.753415,-102.267724,0.));
#952 = LINE('',#953,#954);
#953 = CARTESIAN_POINT('',(89.753415,-102.267724,0.));
#954 = VECTOR('',#955,1.);
#955 = DIRECTION('',(0.,0.,1.));
#956 = ORIENTED_EDGE('',*,*,#957,.F.);
#957 = EDGE_CURVE('',#918,#950,#958,.T.);
#958 = CIRCLE('',#959,1.000007456937);
#959 = AXIS2_PLACEMENT_3D('',#960,#961,#962);
#960 = CARTESIAN_POINT('',(90.610912742041,-101.7532217781,0.));
#961 = DIRECTION('',(0.,0.,-1.));
#962 = DIRECTION('',(-0.177055421749,-0.984200882762,-0.));
#963 = CYLINDRICAL_SURFACE('',#964,1.000007456937);
#964 = AXIS2_PLACEMENT_3D('',#965,#966,#967);
#965 = CARTESIAN_POINT('',(90.610912742041,-101.7532217781,0.));
#966 = DIRECTION('',(0.,0.,-1.));
#967 = DIRECTION('',(-0.177055421749,-0.984200882762,-0.));
#968 = ADVANCED_FACE('',(#969),#994,.T.);
#969 = FACE_BOUND('',#970,.T.);
#970 = EDGE_LOOP('',(#971,#972,#980,#988));
#971 = ORIENTED_EDGE('',*,*,#949,.T.);
#972 = ORIENTED_EDGE('',*,*,#973,.T.);
#973 = EDGE_CURVE('',#941,#974,#976,.T.);
#974 = VERTEX_POINT('',#975);
#975 = CARTESIAN_POINT('',(83.67831,-92.142548,1.51));
#976 = LINE('',#977,#978);
#977 = CARTESIAN_POINT('',(89.753415,-102.267724,1.51));
#978 = VECTOR('',#979,1.);
#979 = DIRECTION('',(-0.514495718065,0.85749294813,0.));
#980 = ORIENTED_EDGE('',*,*,#981,.F.);
#981 = EDGE_CURVE('',#982,#974,#984,.T.);
#982 = VERTEX_POINT('',#983);
#983 = CARTESIAN_POINT('',(83.67831,-92.142548,0.));
#984 = LINE('',#985,#986);
#985 = CARTESIAN_POINT('',(83.67831,-92.142548,0.));
#986 = VECTOR('',#987,1.);
#987 = DIRECTION('',(0.,0.,1.));
#988 = ORIENTED_EDGE('',*,*,#989,.F.);
#989 = EDGE_CURVE('',#950,#982,#990,.T.);
#990 = LINE('',#991,#992);
#991 = CARTESIAN_POINT('',(89.753415,-102.267724,0.));
#992 = VECTOR('',#993,1.);
#993 = DIRECTION('',(-0.514495718065,0.85749294813,0.));
#994 = PLANE('',#995);
#995 = AXIS2_PLACEMENT_3D('',#996,#997,#998);
#996 = CARTESIAN_POINT('',(89.753415,-102.267724,0.));
#997 = DIRECTION('',(-0.85749294813,-0.514495718065,0.));
#998 = DIRECTION('',(-0.514495718065,0.85749294813,0.));
#999 = ADVANCED_FACE('',(#1000),#1027,.F.);
#1000 = FACE_BOUND('',#1001,.T.);
#1001 = EDGE_LOOP('',(#1002,#1003,#1012,#1020));
#1002 = ORIENTED_EDGE('',*,*,#981,.T.);
#1003 = ORIENTED_EDGE('',*,*,#1004,.T.);
#1004 = EDGE_CURVE('',#974,#1005,#1007,.T.);
#1005 = VERTEX_POINT('',#1006);
#1006 = CARTESIAN_POINT('',(82.820817,-91.657044,1.51));
#1007 = CIRCLE('',#1008,0.999999574965);
#1008 = AXIS2_PLACEMENT_3D('',#1009,#1010,#1011);
#1009 = CARTESIAN_POINT('',(82.820817461682,-92.65704357496,1.51));
#1010 = DIRECTION('',(0.,0.,1.));
#1011 = DIRECTION('',(0.857492902783,0.514495793644,-0.));
#1012 = ORIENTED_EDGE('',*,*,#1013,.F.);
#1013 = EDGE_CURVE('',#1014,#1005,#1016,.T.);
#1014 = VERTEX_POINT('',#1015);
#1015 = CARTESIAN_POINT('',(82.820817,-91.657044,0.));
#1016 = LINE('',#1017,#1018);
#1017 = CARTESIAN_POINT('',(82.820817,-91.657044,0.));
#1018 = VECTOR('',#1019,1.);
#1019 = DIRECTION('',(0.,0.,1.));
#1020 = ORIENTED_EDGE('',*,*,#1021,.F.);
#1021 = EDGE_CURVE('',#982,#1014,#1022,.T.);
#1022 = CIRCLE('',#1023,0.999999574965);
#1023 = AXIS2_PLACEMENT_3D('',#1024,#1025,#1026);
#1024 = CARTESIAN_POINT('',(82.820817461682,-92.65704357496,0.));
#1025 = DIRECTION('',(0.,0.,1.));
#1026 = DIRECTION('',(0.857492902783,0.514495793644,-0.));
#1027 = CYLINDRICAL_SURFACE('',#1028,0.999999574965);
#1028 = AXIS2_PLACEMENT_3D('',#1029,#1030,#1031);
#1029 = CARTESIAN_POINT('',(82.820817461682,-92.65704357496,0.));
#1030 = DIRECTION('',(-0.,-0.,-1.));
#1031 = DIRECTION('',(0.857492902783,0.514495793644,-0.));
#1032 = ADVANCED_FACE('',(#1033),#1058,.T.);
#1033 = FACE_BOUND('',#1034,.T.);
#1034 = EDGE_LOOP('',(#1035,#1036,#1044,#1052));
#1035 = ORIENTED_EDGE('',*,*,#1013,.T.);
#1036 = ORIENTED_EDGE('',*,*,#1037,.T.);
#1037 = EDGE_CURVE('',#1005,#1038,#1040,.T.);
#1038 = VERTEX_POINT('',#1039);
#1039 = CARTESIAN_POINT('',(39.887007,-91.657044,1.51));
#1040 = LINE('',#1041,#1042);
#1041 = CARTESIAN_POINT('',(82.820817,-91.657044,1.51));
#1042 = VECTOR('',#1043,1.);
#1043 = DIRECTION('',(-1.,0.,0.));
#1044 = ORIENTED_EDGE('',*,*,#1045,.F.);
#1045 = EDGE_CURVE('',#1046,#1038,#1048,.T.);
#1046 = VERTEX_POINT('',#1047);
#1047 = CARTESIAN_POINT('',(39.887007,-91.657044,0.));
#1048 = LINE('',#1049,#1050);
#1049 = CARTESIAN_POINT('',(39.887007,-91.657044,0.));
#1050 = VECTOR('',#1051,1.);
#1051 = DIRECTION('',(0.,0.,1.));
#1052 = ORIENTED_EDGE('',*,*,#1053,.F.);
#1053 = EDGE_CURVE('',#1014,#1046,#1054,.T.);
#1054 = LINE('',#1055,#1056);
#1055 = CARTESIAN_POINT('',(82.820817,-91.657044,0.));
#1056 = VECTOR('',#1057,1.);
#1057 = DIRECTION('',(-1.,0.,0.));
#1058 = PLANE('',#1059);
#1059 = AXIS2_PLACEMENT_3D('',#1060,#1061,#1062);
#1060 = CARTESIAN_POINT('',(82.820817,-91.657044,0.));
#1061 = DIRECTION('',(0.,-1.,0.));
#1062 = DIRECTION('',(-1.,0.,0.));
#1063 = ADVANCED_FACE('',(#1064),#1091,.F.);
#1064 = FACE_BOUND('',#1065,.T.);
#1065 = EDGE_LOOP('',(#1066,#1067,#1076,#1084));
#1066 = ORIENTED_EDGE('',*,*,#1045,.T.);
#1067 = ORIENTED_EDGE('',*,*,#1068,.T.);
#1068 = EDGE_CURVE('',#1038,#1069,#1071,.T.);
#1069 = VERTEX_POINT('',#1070);
#1070 = CARTESIAN_POINT('',(38.887007,-92.657044,1.51));
#1071 = CIRCLE('',#1072,0.999999252925);
#1072 = AXIS2_PLACEMENT_3D('',#1073,#1074,#1075);
#1073 = CARTESIAN_POINT('',(39.887006252925,-92.65704325292,1.51));
#1074 = DIRECTION('',(0.,0.,1.));
#1075 = DIRECTION('',(7.47075720743E-07,1.,-0.));
#1076 = ORIENTED_EDGE('',*,*,#1077,.F.);
#1077 = EDGE_CURVE('',#1078,#1069,#1080,.T.);
#1078 = VERTEX_POINT('',#1079);
#1079 = CARTESIAN_POINT('',(38.887007,-92.657044,0.));
#1080 = LINE('',#1081,#1082);
#1081 = CARTESIAN_POINT('',(38.887007,-92.657044,0.));
#1082 = VECTOR('',#1083,1.);
#1083 = DIRECTION('',(0.,0.,1.));
#1084 = ORIENTED_EDGE('',*,*,#1085,.F.);
#1085 = EDGE_CURVE('',#1046,#1078,#1086,.T.);
#1086 = CIRCLE('',#1087,0.999999252925);
#1087 = AXIS2_PLACEMENT_3D('',#1088,#1089,#1090);
#1088 = CARTESIAN_POINT('',(39.887006252925,-92.65704325292,0.));
#1089 = DIRECTION('',(0.,0.,1.));
#1090 = DIRECTION('',(7.47075720743E-07,1.,-0.));
#1091 = CYLINDRICAL_SURFACE('',#1092,0.999999252925);
#1092 = AXIS2_PLACEMENT_3D('',#1093,#1094,#1095);
#1093 = CARTESIAN_POINT('',(39.887006252925,-92.65704325292,0.));
#1094 = DIRECTION('',(-0.,-0.,-1.));
#1095 = DIRECTION('',(7.47075720743E-07,1.,-0.));
#1096 = ADVANCED_FACE('',(#1097),#1124,.T.);
#1097 = FACE_BOUND('',#1098,.T.);
#1098 = EDGE_LOOP('',(#1099,#1100,#1109,#1117));
#1099 = ORIENTED_EDGE('',*,*,#1077,.T.);
#1100 = ORIENTED_EDGE('',*,*,#1101,.T.);
#1101 = EDGE_CURVE('',#1069,#1102,#1104,.T.);
#1102 = VERTEX_POINT('',#1103);
#1103 = CARTESIAN_POINT('',(38.587007,-92.957044,1.51));
#1104 = CIRCLE('',#1105,0.300000117299);
#1105 = AXIS2_PLACEMENT_3D('',#1106,#1107,#1108);
#1106 = CARTESIAN_POINT('',(38.587006882701,-92.6570438827,1.51));
#1107 = DIRECTION('',(0.,0.,-1.));
#1108 = DIRECTION('',(1.,-3.909953616065E-07,0.));
#1109 = ORIENTED_EDGE('',*,*,#1110,.F.);
#1110 = EDGE_CURVE('',#1111,#1102,#1113,.T.);
#1111 = VERTEX_POINT('',#1112);
#1112 = CARTESIAN_POINT('',(38.587007,-92.957044,0.));
#1113 = LINE('',#1114,#1115);
#1114 = CARTESIAN_POINT('',(38.587007,-92.957044,0.));
#1115 = VECTOR('',#1116,1.);
#1116 = DIRECTION('',(0.,0.,1.));
#1117 = ORIENTED_EDGE('',*,*,#1118,.F.);
#1118 = EDGE_CURVE('',#1078,#1111,#1119,.T.);
#1119 = CIRCLE('',#1120,0.300000117299);
#1120 = AXIS2_PLACEMENT_3D('',#1121,#1122,#1123);
#1121 = CARTESIAN_POINT('',(38.587006882701,-92.6570438827,0.));
#1122 = DIRECTION('',(0.,0.,-1.));
#1123 = DIRECTION('',(1.,-3.909953616065E-07,0.));
#1124 = CYLINDRICAL_SURFACE('',#1125,0.300000117299);
#1125 = AXIS2_PLACEMENT_3D('',#1126,#1127,#1128);
#1126 = CARTESIAN_POINT('',(38.587006882701,-92.6570438827,0.));
#1127 = DIRECTION('',(0.,0.,-1.));
#1128 = DIRECTION('',(1.,-3.909953616065E-07,0.));
#1129 = ADVANCED_FACE('',(#1130),#1155,.T.);
#1130 = FACE_BOUND('',#1131,.T.);
#1131 = EDGE_LOOP('',(#1132,#1133,#1141,#1149));
#1132 = ORIENTED_EDGE('',*,*,#1110,.T.);
#1133 = ORIENTED_EDGE('',*,*,#1134,.T.);
#1134 = EDGE_CURVE('',#1102,#1135,#1137,.T.);
#1135 = VERTEX_POINT('',#1136);
#1136 = CARTESIAN_POINT('',(19.387007,-92.957044,1.51));
#1137 = LINE('',#1138,#1139);
#1138 = CARTESIAN_POINT('',(38.587007,-92.957044,1.51));
#1139 = VECTOR('',#1140,1.);
#1140 = DIRECTION('',(-1.,0.,0.));
#1141 = ORIENTED_EDGE('',*,*,#1142,.F.);
#1142 = EDGE_CURVE('',#1143,#1135,#1145,.T.);
#1143 = VERTEX_POINT('',#1144);
#1144 = CARTESIAN_POINT('',(19.387007,-92.957044,0.));
#1145 = LINE('',#1146,#1147);
#1146 = CARTESIAN_POINT('',(19.387007,-92.957044,0.));
#1147 = VECTOR('',#1148,1.);
#1148 = DIRECTION('',(0.,0.,1.));
#1149 = ORIENTED_EDGE('',*,*,#1150,.F.);
#1150 = EDGE_CURVE('',#1111,#1143,#1151,.T.);
#1151 = LINE('',#1152,#1153);
#1152 = CARTESIAN_POINT('',(38.587007,-92.957044,0.));
#1153 = VECTOR('',#1154,1.);
#1154 = DIRECTION('',(-1.,0.,0.));
#1155 = PLANE('',#1156);
#1156 = AXIS2_PLACEMENT_3D('',#1157,#1158,#1159);
#1157 = CARTESIAN_POINT('',(38.587007,-92.957044,0.));
#1158 = DIRECTION('',(0.,-1.,0.));
#1159 = DIRECTION('',(-1.,0.,0.));
#1160 = ADVANCED_FACE('',(#1161),#1188,.T.);
#1161 = FACE_BOUND('',#1162,.T.);
#1162 = EDGE_LOOP('',(#1163,#1164,#1173,#1181));
#1163 = ORIENTED_EDGE('',*,*,#1142,.T.);
#1164 = ORIENTED_EDGE('',*,*,#1165,.T.);
#1165 = EDGE_CURVE('',#1135,#1166,#1168,.T.);
#1166 = VERTEX_POINT('',#1167);
#1167 = CARTESIAN_POINT('',(18.387007,-91.957044,1.51));
#1168 = CIRCLE('',#1169,0.999999252925);
#1169 = AXIS2_PLACEMENT_3D('',#1170,#1171,#1172);
#1170 = CARTESIAN_POINT('',(19.387006252925,-91.95704474707,1.51));
#1171 = DIRECTION('',(0.,0.,-1.));
#1172 = DIRECTION('',(7.470757562702E-07,-1.,0.));
#1173 = ORIENTED_EDGE('',*,*,#1174,.F.);
#1174 = EDGE_CURVE('',#1175,#1166,#1177,.T.);
#1175 = VERTEX_POINT('',#1176);
#1176 = CARTESIAN_POINT('',(18.387007,-91.957044,0.));
#1177 = LINE('',#1178,#1179);
#1178 = CARTESIAN_POINT('',(18.387007,-91.957044,0.));
#1179 = VECTOR('',#1180,1.);
#1180 = DIRECTION('',(0.,0.,1.));
#1181 = ORIENTED_EDGE('',*,*,#1182,.F.);
#1182 = EDGE_CURVE('',#1143,#1175,#1183,.T.);
#1183 = CIRCLE('',#1184,0.999999252925);
#1184 = AXIS2_PLACEMENT_3D('',#1185,#1186,#1187);
#1185 = CARTESIAN_POINT('',(19.387006252925,-91.95704474707,0.));
#1186 = DIRECTION('',(0.,0.,-1.));
#1187 = DIRECTION('',(7.470757562702E-07,-1.,0.));
#1188 = CYLINDRICAL_SURFACE('',#1189,0.999999252925);
#1189 = AXIS2_PLACEMENT_3D('',#1190,#1191,#1192);
#1190 = CARTESIAN_POINT('',(19.387006252925,-91.95704474707,0.));
#1191 = DIRECTION('',(0.,0.,-1.));
#1192 = DIRECTION('',(7.470757562702E-07,-1.,0.));
#1193 = ADVANCED_FACE('',(#1194),#1219,.T.);
#1194 = FACE_BOUND('',#1195,.T.);
#1195 = EDGE_LOOP('',(#1196,#1197,#1205,#1213));
#1196 = ORIENTED_EDGE('',*,*,#1174,.T.);
#1197 = ORIENTED_EDGE('',*,*,#1198,.T.);
#1198 = EDGE_CURVE('',#1166,#1199,#1201,.T.);
#1199 = VERTEX_POINT('',#1200);
#1200 = CARTESIAN_POINT('',(18.412852,-32.799568,1.51));
#1201 = LINE('',#1202,#1203);
#1202 = CARTESIAN_POINT('',(18.387007,-91.957044,1.51));
#1203 = VECTOR('',#1204,1.);
#1204 = DIRECTION('',(4.36884723302E-04,0.999999904566,0.));
#1205 = ORIENTED_EDGE('',*,*,#1206,.F.);
#1206 = EDGE_CURVE('',#1207,#1199,#1209,.T.);
#1207 = VERTEX_POINT('',#1208);
#1208 = CARTESIAN_POINT('',(18.412852,-32.799568,0.));
#1209 = LINE('',#1210,#1211);
#1210 = CARTESIAN_POINT('',(18.412852,-32.799568,0.));
#1211 = VECTOR('',#1212,1.);
#1212 = DIRECTION('',(0.,0.,1.));
#1213 = ORIENTED_EDGE('',*,*,#1214,.F.);
#1214 = EDGE_CURVE('',#1175,#1207,#1215,.T.);
#1215 = LINE('',#1216,#1217);
#1216 = CARTESIAN_POINT('',(18.387007,-91.957044,0.));
#1217 = VECTOR('',#1218,1.);
#1218 = DIRECTION('',(4.36884723302E-04,0.999999904566,0.));
#1219 = PLANE('',#1220);
#1220 = AXIS2_PLACEMENT_3D('',#1221,#1222,#1223);
#1221 = CARTESIAN_POINT('',(18.387007,-91.957044,0.));
#1222 = DIRECTION('',(-0.999999904566,4.36884723302E-04,0.));
#1223 = DIRECTION('',(4.36884723302E-04,0.999999904566,0.));
#1224 = ADVANCED_FACE('',(#1225),#1252,.T.);
#1225 = FACE_BOUND('',#1226,.T.);
#1226 = EDGE_LOOP('',(#1227,#1228,#1237,#1245));
#1227 = ORIENTED_EDGE('',*,*,#1206,.T.);
#1228 = ORIENTED_EDGE('',*,*,#1229,.T.);
#1229 = EDGE_CURVE('',#1199,#1230,#1232,.T.);
#1230 = VERTEX_POINT('',#1231);
#1231 = CARTESIAN_POINT('',(18.863236,-31.964151,1.51));
#1232 = CIRCLE('',#1233,1.000030012982);
#1233 = AXIS2_PLACEMENT_3D('',#1234,#1235,#1236);
#1234 = CARTESIAN_POINT('',(19.412882012844,-32.79958459247,1.51));
#1235 = DIRECTION('',(0.,0.,-1.));
#1236 = DIRECTION('',(-0.999999999862,1.659197305278E-05,0.));
#1237 = ORIENTED_EDGE('',*,*,#1238,.F.);
#1238 = EDGE_CURVE('',#1239,#1230,#1241,.T.);
#1239 = VERTEX_POINT('',#1240);
#1240 = CARTESIAN_POINT('',(18.863236,-31.964151,0.));
#1241 = LINE('',#1242,#1243);
#1242 = CARTESIAN_POINT('',(18.863236,-31.964151,0.));
#1243 = VECTOR('',#1244,1.);
#1244 = DIRECTION('',(0.,0.,1.));
#1245 = ORIENTED_EDGE('',*,*,#1246,.F.);
#1246 = EDGE_CURVE('',#1207,#1239,#1247,.T.);
#1247 = CIRCLE('',#1248,1.000030012982);
#1248 = AXIS2_PLACEMENT_3D('',#1249,#1250,#1251);
#1249 = CARTESIAN_POINT('',(19.412882012844,-32.79958459247,0.));
#1250 = DIRECTION('',(0.,0.,-1.));
#1251 = DIRECTION('',(-0.999999999862,1.659197305278E-05,0.));
#1252 = CYLINDRICAL_SURFACE('',#1253,1.000030012982);
#1253 = AXIS2_PLACEMENT_3D('',#1254,#1255,#1256);
#1254 = CARTESIAN_POINT('',(19.412882012844,-32.79958459247,0.));
#1255 = DIRECTION('',(0.,0.,-1.));
#1256 = DIRECTION('',(-0.999999999862,1.659197305278E-05,0.));
#1257 = ADVANCED_FACE('',(#1258),#1283,.T.);
#1258 = FACE_BOUND('',#1259,.T.);
#1259 = EDGE_LOOP('',(#1260,#1261,#1269,#1277));
#1260 = ORIENTED_EDGE('',*,*,#1238,.T.);
#1261 = ORIENTED_EDGE('',*,*,#1262,.T.);
#1262 = EDGE_CURVE('',#1230,#1263,#1265,.T.);
#1263 = VERTEX_POINT('',#1264);
#1264 = CARTESIAN_POINT('',(35.136841,-21.921627,1.51));
#1265 = LINE('',#1266,#1267);
#1266 = CARTESIAN_POINT('',(18.863236,-31.964151,1.51));
#1267 = VECTOR('',#1268,1.);
#1268 = DIRECTION('',(0.851004148069,0.52515896638,0.));
#1269 = ORIENTED_EDGE('',*,*,#1270,.F.);
#1270 = EDGE_CURVE('',#1271,#1263,#1273,.T.);
#1271 = VERTEX_POINT('',#1272);
#1272 = CARTESIAN_POINT('',(35.136841,-21.921627,0.));
#1273 = LINE('',#1274,#1275);
#1274 = CARTESIAN_POINT('',(35.136841,-21.921627,0.));
#1275 = VECTOR('',#1276,1.);
#1276 = DIRECTION('',(0.,0.,1.));
#1277 = ORIENTED_EDGE('',*,*,#1278,.F.);
#1278 = EDGE_CURVE('',#1239,#1271,#1279,.T.);
#1279 = LINE('',#1280,#1281);
#1280 = CARTESIAN_POINT('',(18.863236,-31.964151,0.));
#1281 = VECTOR('',#1282,1.);
#1282 = DIRECTION('',(0.851004148069,0.52515896638,0.));
#1283 = PLANE('',#1284);
#1284 = AXIS2_PLACEMENT_3D('',#1285,#1286,#1287);
#1285 = CARTESIAN_POINT('',(18.863236,-31.964151,0.));
#1286 = DIRECTION('',(-0.52515896638,0.851004148069,0.));
#1287 = DIRECTION('',(0.851004148069,0.52515896638,0.));
#1288 = ADVANCED_FACE('',(#1289),#1316,.T.);
#1289 = FACE_BOUND('',#1290,.T.);
#1290 = EDGE_LOOP('',(#1291,#1292,#1301,#1309));
#1291 = ORIENTED_EDGE('',*,*,#1270,.T.);
#1292 = ORIENTED_EDGE('',*,*,#1293,.T.);
#1293 = EDGE_CURVE('',#1263,#1294,#1296,.T.);
#1294 = VERTEX_POINT('',#1295);
#1295 = CARTESIAN_POINT('',(35.686457,-21.757044,1.51));
#1296 = CIRCLE('',#1297,0.999996301817);
#1297 = AXIS2_PLACEMENT_3D('',#1298,#1299,#1300);
#1298 = CARTESIAN_POINT('',(35.686456519063,-22.75704030181,1.51));
#1299 = DIRECTION('',(0.,0.,-1.));
#1300 = DIRECTION('',(-0.549617551649,0.83541639134,0.));
#1301 = ORIENTED_EDGE('',*,*,#1302,.F.);
#1302 = EDGE_CURVE('',#1303,#1294,#1305,.T.);
#1303 = VERTEX_POINT('',#1304);
#1304 = CARTESIAN_POINT('',(35.686457,-21.757044,0.));
#1305 = LINE('',#1306,#1307);
#1306 = CARTESIAN_POINT('',(35.686457,-21.757044,0.));
#1307 = VECTOR('',#1308,1.);
#1308 = DIRECTION('',(0.,0.,1.));
#1309 = ORIENTED_EDGE('',*,*,#1310,.F.);
#1310 = EDGE_CURVE('',#1271,#1303,#1311,.T.);
#1311 = CIRCLE('',#1312,0.999996301817);
#1312 = AXIS2_PLACEMENT_3D('',#1313,#1314,#1315);
#1313 = CARTESIAN_POINT('',(35.686456519063,-22.75704030181,0.));
#1314 = DIRECTION('',(0.,0.,-1.));
#1315 = DIRECTION('',(-0.549617551649,0.83541639134,0.));
#1316 = CYLINDRICAL_SURFACE('',#1317,0.999996301817);
#1317 = AXIS2_PLACEMENT_3D('',#1318,#1319,#1320);
#1318 = CARTESIAN_POINT('',(35.686456519063,-22.75704030181,0.));
#1319 = DIRECTION('',(0.,0.,-1.));
#1320 = DIRECTION('',(-0.549617551649,0.83541639134,0.));
#1321 = ADVANCED_FACE('',(#1322),#1347,.T.);
#1322 = FACE_BOUND('',#1323,.T.);
#1323 = EDGE_LOOP('',(#1324,#1325,#1333,#1341));
#1324 = ORIENTED_EDGE('',*,*,#1302,.T.);
#1325 = ORIENTED_EDGE('',*,*,#1326,.T.);
#1326 = EDGE_CURVE('',#1294,#1327,#1329,.T.);
#1327 = VERTEX_POINT('',#1328);
#1328 = CARTESIAN_POINT('',(55.387007,-21.757044,1.51));
#1329 = LINE('',#1330,#1331);
#1330 = CARTESIAN_POINT('',(35.686457,-21.757044,1.51));
#1331 = VECTOR('',#1332,1.);
#1332 = DIRECTION('',(1.,0.,0.));
#1333 = ORIENTED_EDGE('',*,*,#1334,.F.);
#1334 = EDGE_CURVE('',#1335,#1327,#1337,.T.);
#1335 = VERTEX_POINT('',#1336);
#1336 = CARTESIAN_POINT('',(55.387007,-21.757044,0.));
#1337 = LINE('',#1338,#1339);
#1338 = CARTESIAN_POINT('',(55.387007,-21.757044,0.));
#1339 = VECTOR('',#1340,1.);
#1340 = DIRECTION('',(0.,0.,1.));
#1341 = ORIENTED_EDGE('',*,*,#1342,.F.);
#1342 = EDGE_CURVE('',#1303,#1335,#1343,.T.);
#1343 = LINE('',#1344,#1345);
#1344 = CARTESIAN_POINT('',(35.686457,-21.757044,0.));
#1345 = VECTOR('',#1346,1.);
#1346 = DIRECTION('',(1.,0.,0.));
#1347 = PLANE('',#1348);
#1348 = AXIS2_PLACEMENT_3D('',#1349,#1350,#1351);
#1349 = CARTESIAN_POINT('',(35.686457,-21.757044,0.));
#1350 = DIRECTION('',(0.,1.,0.));
#1351 = DIRECTION('',(1.,0.,0.));
#1352 = ADVANCED_FACE('',(#1353),#1380,.F.);
#1353 = FACE_BOUND('',#1354,.T.);
#1354 = EDGE_LOOP('',(#1355,#1356,#1365,#1373));
#1355 = ORIENTED_EDGE('',*,*,#1334,.T.);
#1356 = ORIENTED_EDGE('',*,*,#1357,.T.);
#1357 = EDGE_CURVE('',#1327,#1358,#1360,.T.);
#1358 = VERTEX_POINT('',#1359);
#1359 = CARTESIAN_POINT('',(56.387007,-20.757044,1.51));
#1360 = CIRCLE('',#1361,0.999999252925);
#1361 = AXIS2_PLACEMENT_3D('',#1362,#1363,#1364);
#1362 = CARTESIAN_POINT('',(55.387007747075,-20.75704474707,1.51));
#1363 = DIRECTION('',(0.,0.,1.));
#1364 = DIRECTION('',(-7.470757491648E-07,-1.,0.));
#1365 = ORIENTED_EDGE('',*,*,#1366,.F.);
#1366 = EDGE_CURVE('',#1367,#1358,#1369,.T.);
#1367 = VERTEX_POINT('',#1368);
#1368 = CARTESIAN_POINT('',(56.387007,-20.757044,0.));
#1369 = LINE('',#1370,#1371);
#1370 = CARTESIAN_POINT('',(56.387007,-20.757044,0.));
#1371 = VECTOR('',#1372,1.);
#1372 = DIRECTION('',(0.,0.,1.));
#1373 = ORIENTED_EDGE('',*,*,#1374,.F.);
#1374 = EDGE_CURVE('',#1335,#1367,#1375,.T.);
#1375 = CIRCLE('',#1376,0.999999252925);
#1376 = AXIS2_PLACEMENT_3D('',#1377,#1378,#1379);
#1377 = CARTESIAN_POINT('',(55.387007747075,-20.75704474707,0.));
#1378 = DIRECTION('',(0.,0.,1.));
#1379 = DIRECTION('',(-7.470757491648E-07,-1.,0.));
#1380 = CYLINDRICAL_SURFACE('',#1381,0.999999252925);
#1381 = AXIS2_PLACEMENT_3D('',#1382,#1383,#1384);
#1382 = CARTESIAN_POINT('',(55.387007747075,-20.75704474707,0.));
#1383 = DIRECTION('',(-0.,-0.,-1.));
#1384 = DIRECTION('',(-7.470757491648E-07,-1.,0.));
#1385 = ADVANCED_FACE('',(#1386),#1411,.T.);
#1386 = FACE_BOUND('',#1387,.T.);
#1387 = EDGE_LOOP('',(#1388,#1389,#1397,#1405));
#1388 = ORIENTED_EDGE('',*,*,#1366,.T.);
#1389 = ORIENTED_EDGE('',*,*,#1390,.T.);
#1390 = EDGE_CURVE('',#1358,#1391,#1393,.T.);
#1391 = VERTEX_POINT('',#1392);
#1392 = CARTESIAN_POINT('',(56.387007,-17.957044,1.51));
#1393 = LINE('',#1394,#1395);
#1394 = CARTESIAN_POINT('',(56.387007,-20.757044,1.51));
#1395 = VECTOR('',#1396,1.);
#1396 = DIRECTION('',(0.,1.,0.));
#1397 = ORIENTED_EDGE('',*,*,#1398,.F.);
#1398 = EDGE_CURVE('',#1399,#1391,#1401,.T.);
#1399 = VERTEX_POINT('',#1400);
#1400 = CARTESIAN_POINT('',(56.387007,-17.957044,0.));
#1401 = LINE('',#1402,#1403);
#1402 = CARTESIAN_POINT('',(56.387007,-17.957044,0.));
#1403 = VECTOR('',#1404,1.);
#1404 = DIRECTION('',(0.,0.,1.));
#1405 = ORIENTED_EDGE('',*,*,#1406,.F.);
#1406 = EDGE_CURVE('',#1367,#1399,#1407,.T.);
#1407 = LINE('',#1408,#1409);
#1408 = CARTESIAN_POINT('',(56.387007,-20.757044,0.));
#1409 = VECTOR('',#1410,1.);
#1410 = DIRECTION('',(0.,1.,0.));
#1411 = PLANE('',#1412);
#1412 = AXIS2_PLACEMENT_3D('',#1413,#1414,#1415);
#1413 = CARTESIAN_POINT('',(56.387007,-20.757044,0.));
#1414 = DIRECTION('',(-1.,0.,0.));
#1415 = DIRECTION('',(0.,1.,0.));
#1416 = ADVANCED_FACE('',(#1417),#1444,.T.);
#1417 = FACE_BOUND('',#1418,.T.);
#1418 = EDGE_LOOP('',(#1419,#1420,#1429,#1437));
#1419 = ORIENTED_EDGE('',*,*,#1398,.T.);
#1420 = ORIENTED_EDGE('',*,*,#1421,.T.);
#1421 = EDGE_CURVE('',#1391,#1422,#1424,.T.);
#1422 = VERTEX_POINT('',#1423);
#1423 = CARTESIAN_POINT('',(57.387007,-16.957044,1.51));
#1424 = CIRCLE('',#1425,0.999999252925);
#1425 = AXIS2_PLACEMENT_3D('',#1426,#1427,#1428);
#1426 = CARTESIAN_POINT('',(57.387006252925,-17.95704325292,1.51));
#1427 = DIRECTION('',(0.,0.,-1.));
#1428 = DIRECTION('',(-1.,-7.470757314012E-07,-0.));
#1429 = ORIENTED_EDGE('',*,*,#1430,.F.);
#1430 = EDGE_CURVE('',#1431,#1422,#1433,.T.);
#1431 = VERTEX_POINT('',#1432);
#1432 = CARTESIAN_POINT('',(57.387007,-16.957044,0.));
#1433 = LINE('',#1434,#1435);
#1434 = CARTESIAN_POINT('',(57.387007,-16.957044,0.));
#1435 = VECTOR('',#1436,1.);
#1436 = DIRECTION('',(0.,0.,1.));
#1437 = ORIENTED_EDGE('',*,*,#1438,.F.);
#1438 = EDGE_CURVE('',#1399,#1431,#1439,.T.);
#1439 = CIRCLE('',#1440,0.999999252925);
#1440 = AXIS2_PLACEMENT_3D('',#1441,#1442,#1443);
#1441 = CARTESIAN_POINT('',(57.387006252925,-17.95704325292,0.));
#1442 = DIRECTION('',(0.,0.,-1.));
#1443 = DIRECTION('',(-1.,-7.470757314012E-07,-0.));
#1444 = CYLINDRICAL_SURFACE('',#1445,0.999999252925);
#1445 = AXIS2_PLACEMENT_3D('',#1446,#1447,#1448);
#1446 = CARTESIAN_POINT('',(57.387006252925,-17.95704325292,0.));
#1447 = DIRECTION('',(0.,0.,-1.));
#1448 = DIRECTION('',(-1.,-7.470757314012E-07,-0.));
#1449 = ADVANCED_FACE('',(#1450),#1466,.T.);
#1450 = FACE_BOUND('',#1451,.T.);
#1451 = EDGE_LOOP('',(#1452,#1453,#1459,#1460));
#1452 = ORIENTED_EDGE('',*,*,#1430,.T.);
#1453 = ORIENTED_EDGE('',*,*,#1454,.T.);
#1454 = EDGE_CURVE('',#1422,#293,#1455,.T.);
#1455 = LINE('',#1456,#1457);
#1456 = CARTESIAN_POINT('',(57.387007,-16.957044,1.51));
#1457 = VECTOR('',#1458,1.);
#1458 = DIRECTION('',(1.,0.,0.));
#1459 = ORIENTED_EDGE('',*,*,#290,.F.);
#1460 = ORIENTED_EDGE('',*,*,#1461,.F.);
#1461 = EDGE_CURVE('',#1431,#291,#1462,.T.);
#1462 = LINE('',#1463,#1464);
#1463 = CARTESIAN_POINT('',(57.387007,-16.957044,0.));
#1464 = VECTOR('',#1465,1.);
#1465 = DIRECTION('',(1.,0.,0.));
#1466 = PLANE('',#1467);
#1467 = AXIS2_PLACEMENT_3D('',#1468,#1469,#1470);
#1468 = CARTESIAN_POINT('',(57.387007,-16.957044,0.));
#1469 = DIRECTION('',(0.,1.,0.));
#1470 = DIRECTION('',(1.,0.,0.));
#1471 = ADVANCED_FACE('',(#1472),#1506,.T.);
#1472 = FACE_BOUND('',#1473,.T.);
#1473 = EDGE_LOOP('',(#1474,#1484,#1492,#1500));
#1474 = ORIENTED_EDGE('',*,*,#1475,.T.);
#1475 = EDGE_CURVE('',#1476,#1478,#1480,.T.);
#1476 = VERTEX_POINT('',#1477);
#1477 = CARTESIAN_POINT('',(112.694811,-103.885827,0.));
#1478 = VERTEX_POINT('',#1479);
#1479 = CARTESIAN_POINT('',(112.694811,-103.885827,1.51));
#1480 = LINE('',#1481,#1482);
#1481 = CARTESIAN_POINT('',(112.694811,-103.885827,0.));
#1482 = VECTOR('',#1483,1.);
#1483 = DIRECTION('',(0.,0.,1.));
#1484 = ORIENTED_EDGE('',*,*,#1485,.T.);
#1485 = EDGE_CURVE('',#1478,#1486,#1488,.T.);
#1486 = VERTEX_POINT('',#1487);
#1487 = CARTESIAN_POINT('',(125.38312,-109.802482,1.51));
#1488 = LINE('',#1489,#1490);
#1489 = CARTESIAN_POINT('',(112.694811,-103.885827,1.51));
#1490 = VECTOR('',#1491,1.);
#1491 = DIRECTION('',(0.906307804977,-0.422618223268,0.));
#1492 = ORIENTED_EDGE('',*,*,#1493,.F.);
#1493 = EDGE_CURVE('',#1494,#1486,#1496,.T.);
#1494 = VERTEX_POINT('',#1495);
#1495 = CARTESIAN_POINT('',(125.38312,-109.802482,0.));
#1496 = LINE('',#1497,#1498);
#1497 = CARTESIAN_POINT('',(125.38312,-109.802482,0.));
#1498 = VECTOR('',#1499,1.);
#1499 = DIRECTION('',(0.,0.,1.));
#1500 = ORIENTED_EDGE('',*,*,#1501,.F.);
#1501 = EDGE_CURVE('',#1476,#1494,#1502,.T.);
#1502 = LINE('',#1503,#1504);
#1503 = CARTESIAN_POINT('',(112.694811,-103.885827,0.));
#1504 = VECTOR('',#1505,1.);
#1505 = DIRECTION('',(0.906307804977,-0.422618223268,0.));
#1506 = PLANE('',#1507);
#1507 = AXIS2_PLACEMENT_3D('',#1508,#1509,#1510);
#1508 = CARTESIAN_POINT('',(112.694811,-103.885827,0.));
#1509 = DIRECTION('',(0.422618223268,0.906307804977,-0.));
#1510 = DIRECTION('',(0.906307804977,-0.422618223268,0.));
#1511 = ADVANCED_FACE('',(#1512),#1537,.T.);
#1512 = FACE_BOUND('',#1513,.T.);
#1513 = EDGE_LOOP('',(#1514,#1515,#1523,#1531));
#1514 = ORIENTED_EDGE('',*,*,#1493,.T.);
#1515 = ORIENTED_EDGE('',*,*,#1516,.T.);
#1516 = EDGE_CURVE('',#1486,#1517,#1519,.T.);
#1517 = VERTEX_POINT('',#1518);
#1518 = CARTESIAN_POINT('',(131.299775,-97.114173,1.51));
#1519 = LINE('',#1520,#1521);
#1520 = CARTESIAN_POINT('',(125.38312,-109.802482,1.51));
#1521 = VECTOR('',#1522,1.);
#1522 = DIRECTION('',(0.422618223268,0.906307804977,0.));
#1523 = ORIENTED_EDGE('',*,*,#1524,.F.);
#1524 = EDGE_CURVE('',#1525,#1517,#1527,.T.);
#1525 = VERTEX_POINT('',#1526);
#1526 = CARTESIAN_POINT('',(131.299775,-97.114173,0.));
#1527 = LINE('',#1528,#1529);
#1528 = CARTESIAN_POINT('',(131.299775,-97.114173,0.));
#1529 = VECTOR('',#1530,1.);
#1530 = DIRECTION('',(0.,0.,1.));
#1531 = ORIENTED_EDGE('',*,*,#1532,.F.);
#1532 = EDGE_CURVE('',#1494,#1525,#1533,.T.);
#1533 = LINE('',#1534,#1535);
#1534 = CARTESIAN_POINT('',(125.38312,-109.802482,0.));
#1535 = VECTOR('',#1536,1.);
#1536 = DIRECTION('',(0.422618223268,0.906307804977,0.));
#1537 = PLANE('',#1538);
#1538 = AXIS2_PLACEMENT_3D('',#1539,#1540,#1541);
#1539 = CARTESIAN_POINT('',(125.38312,-109.802482,0.));
#1540 = DIRECTION('',(-0.906307804977,0.422618223268,0.));
#1541 = DIRECTION('',(0.422618223268,0.906307804977,0.));
#1542 = ADVANCED_FACE('',(#1543),#1568,.T.);
#1543 = FACE_BOUND('',#1544,.T.);
#1544 = EDGE_LOOP('',(#1545,#1546,#1554,#1562));
#1545 = ORIENTED_EDGE('',*,*,#1524,.T.);
#1546 = ORIENTED_EDGE('',*,*,#1547,.T.);
#1547 = EDGE_CURVE('',#1517,#1548,#1550,.T.);
#1548 = VERTEX_POINT('',#1549);
#1549 = CARTESIAN_POINT('',(118.611466,-91.197518,1.51));
#1550 = LINE('',#1551,#1552);
#1551 = CARTESIAN_POINT('',(131.299775,-97.114173,1.51));
#1552 = VECTOR('',#1553,1.);
#1553 = DIRECTION('',(-0.906307804977,0.422618223268,0.));
#1554 = ORIENTED_EDGE('',*,*,#1555,.F.);
#1555 = EDGE_CURVE('',#1556,#1548,#1558,.T.);
#1556 = VERTEX_POINT('',#1557);
#1557 = CARTESIAN_POINT('',(118.611466,-91.197518,0.));
#1558 = LINE('',#1559,#1560);
#1559 = CARTESIAN_POINT('',(118.611466,-91.197518,0.));
#1560 = VECTOR('',#1561,1.);
#1561 = DIRECTION('',(0.,0.,1.));
#1562 = ORIENTED_EDGE('',*,*,#1563,.F.);
#1563 = EDGE_CURVE('',#1525,#1556,#1564,.T.);
#1564 = LINE('',#1565,#1566);
#1565 = CARTESIAN_POINT('',(131.299775,-97.114173,0.));
#1566 = VECTOR('',#1567,1.);
#1567 = DIRECTION('',(-0.906307804977,0.422618223268,0.));
#1568 = PLANE('',#1569);
#1569 = AXIS2_PLACEMENT_3D('',#1570,#1571,#1572);
#1570 = CARTESIAN_POINT('',(131.299775,-97.114173,0.));
#1571 = DIRECTION('',(-0.422618223268,-0.906307804977,0.));
#1572 = DIRECTION('',(-0.906307804977,0.422618223268,0.));
#1573 = ADVANCED_FACE('',(#1574),#1590,.T.);
#1574 = FACE_BOUND('',#1575,.T.);
#1575 = EDGE_LOOP('',(#1576,#1577,#1583,#1584));
#1576 = ORIENTED_EDGE('',*,*,#1555,.T.);
#1577 = ORIENTED_EDGE('',*,*,#1578,.T.);
#1578 = EDGE_CURVE('',#1548,#1478,#1579,.T.);
#1579 = LINE('',#1580,#1581);
#1580 = CARTESIAN_POINT('',(118.611466,-91.197518,1.51));
#1581 = VECTOR('',#1582,1.);
#1582 = DIRECTION('',(-0.422618223268,-0.906307804977,0.));
#1583 = ORIENTED_EDGE('',*,*,#1475,.F.);
#1584 = ORIENTED_EDGE('',*,*,#1585,.F.);
#1585 = EDGE_CURVE('',#1556,#1476,#1586,.T.);
#1586 = LINE('',#1587,#1588);
#1587 = CARTESIAN_POINT('',(118.611466,-91.197518,0.));
#1588 = VECTOR('',#1589,1.);
#1589 = DIRECTION('',(-0.422618223268,-0.906307804977,0.));
#1590 = PLANE('',#1591);
#1591 = AXIS2_PLACEMENT_3D('',#1592,#1593,#1594);
#1592 = CARTESIAN_POINT('',(118.611466,-91.197518,0.));
#1593 = DIRECTION('',(0.906307804977,-0.422618223268,0.));
#1594 = DIRECTION('',(-0.422618223268,-0.906307804977,0.));
#1595 = ADVANCED_FACE('',(#1596),#1630,.T.);
#1596 = FACE_BOUND('',#1597,.T.);
#1597 = EDGE_LOOP('',(#1598,#1608,#1616,#1624));
#1598 = ORIENTED_EDGE('',*,*,#1599,.T.);
#1599 = EDGE_CURVE('',#1600,#1602,#1604,.T.);
#1600 = VERTEX_POINT('',#1601);
#1601 = CARTESIAN_POINT('',(93.503785,-99.750967,0.));
#1602 = VERTEX_POINT('',#1603);
#1603 = CARTESIAN_POINT('',(93.503785,-99.750967,1.51));
#1604 = LINE('',#1605,#1606);
#1605 = CARTESIAN_POINT('',(93.503785,-99.750967,0.));
#1606 = VECTOR('',#1607,1.);
#1607 = DIRECTION('',(0.,0.,1.));
#1608 = ORIENTED_EDGE('',*,*,#1609,.T.);
#1609 = EDGE_CURVE('',#1602,#1610,#1612,.T.);
#1610 = VERTEX_POINT('',#1611);
#1611 = CARTESIAN_POINT('',(107.291094,-102.182042,1.51));
#1612 = LINE('',#1613,#1614);
#1613 = CARTESIAN_POINT('',(93.503785,-99.750967,1.51));
#1614 = VECTOR('',#1615,1.);
#1615 = DIRECTION('',(0.984807747736,-0.173648207589,0.));
#1616 = ORIENTED_EDGE('',*,*,#1617,.F.);
#1617 = EDGE_CURVE('',#1618,#1610,#1620,.T.);
#1618 = VERTEX_POINT('',#1619);
#1619 = CARTESIAN_POINT('',(107.291094,-102.182042,0.));
#1620 = LINE('',#1621,#1622);
#1621 = CARTESIAN_POINT('',(107.291094,-102.182042,0.));
#1622 = VECTOR('',#1623,1.);
#1623 = DIRECTION('',(0.,0.,1.));
#1624 = ORIENTED_EDGE('',*,*,#1625,.F.);
#1625 = EDGE_CURVE('',#1600,#1618,#1626,.T.);
#1626 = LINE('',#1627,#1628);
#1627 = CARTESIAN_POINT('',(93.503785,-99.750967,0.));
#1628 = VECTOR('',#1629,1.);
#1629 = DIRECTION('',(0.984807747736,-0.173648207589,0.));
#1630 = PLANE('',#1631);
#1631 = AXIS2_PLACEMENT_3D('',#1632,#1633,#1634);
#1632 = CARTESIAN_POINT('',(93.503785,-99.750967,0.));
#1633 = DIRECTION('',(0.173648207589,0.984807747736,-0.));
#1634 = DIRECTION('',(0.984807747736,-0.173648207589,0.));
#1635 = ADVANCED_FACE('',(#1636),#1661,.T.);
#1636 = FACE_BOUND('',#1637,.T.);
#1637 = EDGE_LOOP('',(#1638,#1639,#1647,#1655));
#1638 = ORIENTED_EDGE('',*,*,#1617,.T.);
#1639 = ORIENTED_EDGE('',*,*,#1640,.T.);
#1640 = EDGE_CURVE('',#1610,#1641,#1643,.T.);
#1641 = VERTEX_POINT('',#1642);
#1642 = CARTESIAN_POINT('',(109.722169,-88.394733,1.51));
#1643 = LINE('',#1644,#1645);
#1644 = CARTESIAN_POINT('',(107.291094,-102.182042,1.51));
#1645 = VECTOR('',#1646,1.);
#1646 = DIRECTION('',(0.173648207589,0.984807747736,0.));
#1647 = ORIENTED_EDGE('',*,*,#1648,.F.);
#1648 = EDGE_CURVE('',#1649,#1641,#1651,.T.);
#1649 = VERTEX_POINT('',#1650);
#1650 = CARTESIAN_POINT('',(109.722169,-88.394733,0.));
#1651 = LINE('',#1652,#1653);
#1652 = CARTESIAN_POINT('',(109.722169,-88.394733,0.));
#1653 = VECTOR('',#1654,1.);
#1654 = DIRECTION('',(0.,0.,1.));
#1655 = ORIENTED_EDGE('',*,*,#1656,.F.);
#1656 = EDGE_CURVE('',#1618,#1649,#1657,.T.);
#1657 = LINE('',#1658,#1659);
#1658 = CARTESIAN_POINT('',(107.291094,-102.182042,0.));
#1659 = VECTOR('',#1660,1.);
#1660 = DIRECTION('',(0.173648207589,0.984807747736,0.));
#1661 = PLANE('',#1662);
#1662 = AXIS2_PLACEMENT_3D('',#1663,#1664,#1665);
#1663 = CARTESIAN_POINT('',(107.291094,-102.182042,0.));
#1664 = DIRECTION('',(-0.984807747736,0.173648207589,0.));
#1665 = DIRECTION('',(0.173648207589,0.984807747736,0.));
#1666 = ADVANCED_FACE('',(#1667),#1692,.T.);
#1667 = FACE_BOUND('',#1668,.T.);
#1668 = EDGE_LOOP('',(#1669,#1670,#1678,#1686));
#1669 = ORIENTED_EDGE('',*,*,#1648,.T.);
#1670 = ORIENTED_EDGE('',*,*,#1671,.T.);
#1671 = EDGE_CURVE('',#1641,#1672,#1674,.T.);
#1672 = VERTEX_POINT('',#1673);
#1673 = CARTESIAN_POINT('',(95.93486,-85.963658,1.51));
#1674 = LINE('',#1675,#1676);
#1675 = CARTESIAN_POINT('',(109.722169,-88.394733,1.51));
#1676 = VECTOR('',#1677,1.);
#1677 = DIRECTION('',(-0.984807747736,0.173648207589,0.));
#1678 = ORIENTED_EDGE('',*,*,#1679,.F.);
#1679 = EDGE_CURVE('',#1680,#1672,#1682,.T.);
#1680 = VERTEX_POINT('',#1681);
#1681 = CARTESIAN_POINT('',(95.93486,-85.963658,0.));
#1682 = LINE('',#1683,#1684);
#1683 = CARTESIAN_POINT('',(95.93486,-85.963658,0.));
#1684 = VECTOR('',#1685,1.);
#1685 = DIRECTION('',(0.,0.,1.));
#1686 = ORIENTED_EDGE('',*,*,#1687,.F.);
#1687 = EDGE_CURVE('',#1649,#1680,#1688,.T.);
#1688 = LINE('',#1689,#1690);
#1689 = CARTESIAN_POINT('',(109.722169,-88.394733,0.));
#1690 = VECTOR('',#1691,1.);
#1691 = DIRECTION('',(-0.984807747736,0.173648207589,0.));
#1692 = PLANE('',#1693);
#1693 = AXIS2_PLACEMENT_3D('',#1694,#1695,#1696);
#1694 = CARTESIAN_POINT('',(109.722169,-88.394733,0.));
#1695 = DIRECTION('',(-0.173648207589,-0.984807747736,0.));
#1696 = DIRECTION('',(-0.984807747736,0.173648207589,0.));
#1697 = ADVANCED_FACE('',(#1698),#1714,.T.);
#1698 = FACE_BOUND('',#1699,.T.);
#1699 = EDGE_LOOP('',(#1700,#1701,#1707,#1708));
#1700 = ORIENTED_EDGE('',*,*,#1679,.T.);
#1701 = ORIENTED_EDGE('',*,*,#1702,.T.);
#1702 = EDGE_CURVE('',#1672,#1602,#1703,.T.);
#1703 = LINE('',#1704,#1705);
#1704 = CARTESIAN_POINT('',(95.93486,-85.963658,1.51));
#1705 = VECTOR('',#1706,1.);
#1706 = DIRECTION('',(-0.173648207589,-0.984807747736,0.));
#1707 = ORIENTED_EDGE('',*,*,#1599,.F.);
#1708 = ORIENTED_EDGE('',*,*,#1709,.F.);
#1709 = EDGE_CURVE('',#1680,#1600,#1710,.T.);
#1710 = LINE('',#1711,#1712);
#1711 = CARTESIAN_POINT('',(95.93486,-85.963658,0.));
#1712 = VECTOR('',#1713,1.);
#1713 = DIRECTION('',(-0.173648207589,-0.984807747736,0.));
#1714 = PLANE('',#1715);
#1715 = AXIS2_PLACEMENT_3D('',#1716,#1717,#1718);
#1716 = CARTESIAN_POINT('',(95.93486,-85.963658,0.));
#1717 = DIRECTION('',(0.984807747736,-0.173648207589,0.));
#1718 = DIRECTION('',(-0.173648207589,-0.984807747736,0.));
#1719 = ADVANCED_FACE('',(#1720),#1747,.F.);
#1720 = FACE_BOUND('',#1721,.T.);
#1721 = EDGE_LOOP('',(#1722,#1732,#1739,#1740));
#1722 = ORIENTED_EDGE('',*,*,#1723,.T.);
#1723 = EDGE_CURVE('',#1724,#1726,#1728,.T.);
#1724 = VERTEX_POINT('',#1725);
#1725 = CARTESIAN_POINT('',(89.063236,-90.664151,0.));
#1726 = VERTEX_POINT('',#1727);
#1727 = CARTESIAN_POINT('',(89.063236,-90.664151,1.51));
#1728 = LINE('',#1729,#1730);
#1729 = CARTESIAN_POINT('',(89.063236,-90.664151,0.));
#1730 = VECTOR('',#1731,1.);
#1731 = DIRECTION('',(0.,0.,1.));
#1732 = ORIENTED_EDGE('',*,*,#1733,.T.);
#1733 = EDGE_CURVE('',#1726,#1726,#1734,.T.);
#1734 = CIRCLE('',#1735,2.);
#1735 = AXIS2_PLACEMENT_3D('',#1736,#1737,#1738);
#1736 = CARTESIAN_POINT('',(87.063236,-90.664151,1.51));
#1737 = DIRECTION('',(0.,0.,1.));
#1738 = DIRECTION('',(1.,0.,-0.));
#1739 = ORIENTED_EDGE('',*,*,#1723,.F.);
#1740 = ORIENTED_EDGE('',*,*,#1741,.F.);
#1741 = EDGE_CURVE('',#1724,#1724,#1742,.T.);
#1742 = CIRCLE('',#1743,2.);
#1743 = AXIS2_PLACEMENT_3D('',#1744,#1745,#1746);
#1744 = CARTESIAN_POINT('',(87.063236,-90.664151,0.));
#1745 = DIRECTION('',(0.,0.,1.));
#1746 = DIRECTION('',(1.,0.,-0.));
#1747 = CYLINDRICAL_SURFACE('',#1748,2.);
#1748 = AXIS2_PLACEMENT_3D('',#1749,#1750,#1751);
#1749 = CARTESIAN_POINT('',(87.063236,-90.664151,0.));
#1750 = DIRECTION('',(-0.,-0.,-1.));
#1751 = DIRECTION('',(1.,0.,-0.));
#1752 = ADVANCED_FACE('',(#1753),#1787,.T.);
#1753 = FACE_BOUND('',#1754,.T.);
#1754 = EDGE_LOOP('',(#1755,#1765,#1773,#1781));
#1755 = ORIENTED_EDGE('',*,*,#1756,.T.);
#1756 = EDGE_CURVE('',#1757,#1759,#1761,.T.);
#1757 = VERTEX_POINT('',#1758);
#1758 = CARTESIAN_POINT('',(39.98,-91.649999,0.));
#1759 = VERTEX_POINT('',#1760);
#1760 = CARTESIAN_POINT('',(39.98,-91.649999,1.51));
#1761 = LINE('',#1762,#1763);
#1762 = CARTESIAN_POINT('',(39.98,-91.649999,0.));
#1763 = VECTOR('',#1764,1.);
#1764 = DIRECTION('',(0.,0.,1.));
#1765 = ORIENTED_EDGE('',*,*,#1766,.T.);
#1766 = EDGE_CURVE('',#1759,#1767,#1769,.T.);
#1767 = VERTEX_POINT('',#1768);
#1768 = CARTESIAN_POINT('',(56.42,-91.649999,1.51));
#1769 = LINE('',#1770,#1771);
#1770 = CARTESIAN_POINT('',(39.98,-91.649999,1.51));
#1771 = VECTOR('',#1772,1.);
#1772 = DIRECTION('',(1.,0.,0.));
#1773 = ORIENTED_EDGE('',*,*,#1774,.F.);
#1774 = EDGE_CURVE('',#1775,#1767,#1777,.T.);
#1775 = VERTEX_POINT('',#1776);
#1776 = CARTESIAN_POINT('',(56.42,-91.649999,0.));
#1777 = LINE('',#1778,#1779);
#1778 = CARTESIAN_POINT('',(56.42,-91.649999,0.));
#1779 = VECTOR('',#1780,1.);
#1780 = DIRECTION('',(0.,0.,1.));
#1781 = ORIENTED_EDGE('',*,*,#1782,.F.);
#1782 = EDGE_CURVE('',#1757,#1775,#1783,.T.);
#1783 = LINE('',#1784,#1785);
#1784 = CARTESIAN_POINT('',(39.98,-91.649999,0.));
#1785 = VECTOR('',#1786,1.);
#1786 = DIRECTION('',(1.,0.,0.));
#1787 = PLANE('',#1788);
#1788 = AXIS2_PLACEMENT_3D('',#1789,#1790,#1791);
#1789 = CARTESIAN_POINT('',(39.98,-91.649999,0.));
#1790 = DIRECTION('',(0.,1.,0.));
#1791 = DIRECTION('',(1.,0.,0.));
#1792 = ADVANCED_FACE('',(#1793),#1818,.T.);
#1793 = FACE_BOUND('',#1794,.T.);
#1794 = EDGE_LOOP('',(#1795,#1796,#1804,#1812));
#1795 = ORIENTED_EDGE('',*,*,#1774,.T.);
#1796 = ORIENTED_EDGE('',*,*,#1797,.T.);
#1797 = EDGE_CURVE('',#1767,#1798,#1800,.T.);
#1798 = VERTEX_POINT('',#1799);
#1799 = CARTESIAN_POINT('',(56.42,-81.21,1.51));
#1800 = LINE('',#1801,#1802);
#1801 = CARTESIAN_POINT('',(56.42,-91.649999,1.51));
#1802 = VECTOR('',#1803,1.);
#1803 = DIRECTION('',(0.,1.,0.));
#1804 = ORIENTED_EDGE('',*,*,#1805,.F.);
#1805 = EDGE_CURVE('',#1806,#1798,#1808,.T.);
#1806 = VERTEX_POINT('',#1807);
#1807 = CARTESIAN_POINT('',(56.42,-81.21,0.));
#1808 = LINE('',#1809,#1810);
#1809 = CARTESIAN_POINT('',(56.42,-81.21,0.));
#1810 = VECTOR('',#1811,1.);
#1811 = DIRECTION('',(0.,0.,1.));
#1812 = ORIENTED_EDGE('',*,*,#1813,.F.);
#1813 = EDGE_CURVE('',#1775,#1806,#1814,.T.);
#1814 = LINE('',#1815,#1816);
#1815 = CARTESIAN_POINT('',(56.42,-91.649999,0.));
#1816 = VECTOR('',#1817,1.);
#1817 = DIRECTION('',(0.,1.,0.));
#1818 = PLANE('',#1819);
#1819 = AXIS2_PLACEMENT_3D('',#1820,#1821,#1822);
#1820 = CARTESIAN_POINT('',(56.42,-91.649999,0.));
#1821 = DIRECTION('',(-1.,0.,0.));
#1822 = DIRECTION('',(0.,1.,0.));
#1823 = ADVANCED_FACE('',(#1824),#1849,.T.);
#1824 = FACE_BOUND('',#1825,.T.);
#1825 = EDGE_LOOP('',(#1826,#1827,#1835,#1843));
#1826 = ORIENTED_EDGE('',*,*,#1805,.T.);
#1827 = ORIENTED_EDGE('',*,*,#1828,.T.);
#1828 = EDGE_CURVE('',#1798,#1829,#1831,.T.);
#1829 = VERTEX_POINT('',#1830);
#1830 = CARTESIAN_POINT('',(39.98,-81.21,1.51));
#1831 = LINE('',#1832,#1833);
#1832 = CARTESIAN_POINT('',(56.42,-81.21,1.51));
#1833 = VECTOR('',#1834,1.);
#1834 = DIRECTION('',(-1.,0.,0.));
#1835 = ORIENTED_EDGE('',*,*,#1836,.F.);
#1836 = EDGE_CURVE('',#1837,#1829,#1839,.T.);
#1837 = VERTEX_POINT('',#1838);
#1838 = CARTESIAN_POINT('',(39.98,-81.21,0.));
#1839 = LINE('',#1840,#1841);
#1840 = CARTESIAN_POINT('',(39.98,-81.21,0.));
#1841 = VECTOR('',#1842,1.);
#1842 = DIRECTION('',(0.,0.,1.));
#1843 = ORIENTED_EDGE('',*,*,#1844,.F.);
#1844 = EDGE_CURVE('',#1806,#1837,#1845,.T.);
#1845 = LINE('',#1846,#1847);
#1846 = CARTESIAN_POINT('',(56.42,-81.21,0.));
#1847 = VECTOR('',#1848,1.);
#1848 = DIRECTION('',(-1.,0.,0.));
#1849 = PLANE('',#1850);
#1850 = AXIS2_PLACEMENT_3D('',#1851,#1852,#1853);
#1851 = CARTESIAN_POINT('',(56.42,-81.21,0.));
#1852 = DIRECTION('',(0.,-1.,0.));
#1853 = DIRECTION('',(-1.,0.,0.));
#1854 = ADVANCED_FACE('',(#1855),#1871,.T.);
#1855 = FACE_BOUND('',#1856,.T.);
#1856 = EDGE_LOOP('',(#1857,#1858,#1864,#1865));
#1857 = ORIENTED_EDGE('',*,*,#1836,.T.);
#1858 = ORIENTED_EDGE('',*,*,#1859,.T.);
#1859 = EDGE_CURVE('',#1829,#1759,#1860,.T.);
#1860 = LINE('',#1861,#1862);
#1861 = CARTESIAN_POINT('',(39.98,-81.21,1.51));
#1862 = VECTOR('',#1863,1.);
#1863 = DIRECTION('',(0.,-1.,0.));
#1864 = ORIENTED_EDGE('',*,*,#1756,.F.);
#1865 = ORIENTED_EDGE('',*,*,#1866,.F.);
#1866 = EDGE_CURVE('',#1837,#1757,#1867,.T.);
#1867 = LINE('',#1868,#1869);
#1868 = CARTESIAN_POINT('',(39.98,-81.21,0.));
#1869 = VECTOR('',#1870,1.);
#1870 = DIRECTION('',(0.,-1.,0.));
#1871 = PLANE('',#1872);
#1872 = AXIS2_PLACEMENT_3D('',#1873,#1874,#1875);
#1873 = CARTESIAN_POINT('',(39.98,-81.21,0.));
#1874 = DIRECTION('',(1.,0.,-0.));
#1875 = DIRECTION('',(0.,-1.,0.));
#1876 = ADVANCED_FACE('',(#1877),#1911,.T.);
#1877 = FACE_BOUND('',#1878,.T.);
#1878 = EDGE_LOOP('',(#1879,#1889,#1897,#1905));
#1879 = ORIENTED_EDGE('',*,*,#1880,.T.);
#1880 = EDGE_CURVE('',#1881,#1883,#1885,.T.);
#1881 = VERTEX_POINT('',#1882);
#1882 = CARTESIAN_POINT('',(22.031986,-89.164151,0.));
#1883 = VERTEX_POINT('',#1884);
#1884 = CARTESIAN_POINT('',(22.031986,-89.164151,1.51));
#1885 = LINE('',#1886,#1887);
#1886 = CARTESIAN_POINT('',(22.031986,-89.164151,0.));
#1887 = VECTOR('',#1888,1.);
#1888 = DIRECTION('',(0.,0.,1.));
#1889 = ORIENTED_EDGE('',*,*,#1890,.T.);
#1890 = EDGE_CURVE('',#1883,#1891,#1893,.T.);
#1891 = VERTEX_POINT('',#1892);
#1892 = CARTESIAN_POINT('',(36.031986,-89.164151,1.51));
#1893 = LINE('',#1894,#1895);
#1894 = CARTESIAN_POINT('',(22.031986,-89.164151,1.51));
#1895 = VECTOR('',#1896,1.);
#1896 = DIRECTION('',(1.,0.,0.));
#1897 = ORIENTED_EDGE('',*,*,#1898,.F.);
#1898 = EDGE_CURVE('',#1899,#1891,#1901,.T.);
#1899 = VERTEX_POINT('',#1900);
#1900 = CARTESIAN_POINT('',(36.031986,-89.164151,0.));
#1901 = LINE('',#1902,#1903);
#1902 = CARTESIAN_POINT('',(36.031986,-89.164151,0.));
#1903 = VECTOR('',#1904,1.);
#1904 = DIRECTION('',(0.,0.,1.));
#1905 = ORIENTED_EDGE('',*,*,#1906,.F.);
#1906 = EDGE_CURVE('',#1881,#1899,#1907,.T.);
#1907 = LINE('',#1908,#1909);
#1908 = CARTESIAN_POINT('',(22.031986,-89.164151,0.));
#1909 = VECTOR('',#1910,1.);
#1910 = DIRECTION('',(1.,0.,0.));
#1911 = PLANE('',#1912);
#1912 = AXIS2_PLACEMENT_3D('',#1913,#1914,#1915);
#1913 = CARTESIAN_POINT('',(22.031986,-89.164151,0.));
#1914 = DIRECTION('',(0.,1.,0.));
#1915 = DIRECTION('',(1.,0.,0.));
#1916 = ADVANCED_FACE('',(#1917),#1942,.T.);
#1917 = FACE_BOUND('',#1918,.T.);
#1918 = EDGE_LOOP('',(#1919,#1920,#1928,#1936));
#1919 = ORIENTED_EDGE('',*,*,#1898,.T.);
#1920 = ORIENTED_EDGE('',*,*,#1921,.T.);
#1921 = EDGE_CURVE('',#1891,#1922,#1924,.T.);
#1922 = VERTEX_POINT('',#1923);
#1923 = CARTESIAN_POINT('',(36.031986,-75.164151,1.51));
#1924 = LINE('',#1925,#1926);
#1925 = CARTESIAN_POINT('',(36.031986,-89.164151,1.51));
#1926 = VECTOR('',#1927,1.);
#1927 = DIRECTION('',(0.,1.,0.));
#1928 = ORIENTED_EDGE('',*,*,#1929,.F.);
#1929 = EDGE_CURVE('',#1930,#1922,#1932,.T.);
#1930 = VERTEX_POINT('',#1931);
#1931 = CARTESIAN_POINT('',(36.031986,-75.164151,0.));
#1932 = LINE('',#1933,#1934);
#1933 = CARTESIAN_POINT('',(36.031986,-75.164151,0.));
#1934 = VECTOR('',#1935,1.);
#1935 = DIRECTION('',(0.,0.,1.));
#1936 = ORIENTED_EDGE('',*,*,#1937,.F.);
#1937 = EDGE_CURVE('',#1899,#1930,#1938,.T.);
#1938 = LINE('',#1939,#1940);
#1939 = CARTESIAN_POINT('',(36.031986,-89.164151,0.));
#1940 = VECTOR('',#1941,1.);
#1941 = DIRECTION('',(0.,1.,0.));
#1942 = PLANE('',#1943);
#1943 = AXIS2_PLACEMENT_3D('',#1944,#1945,#1946);
#1944 = CARTESIAN_POINT('',(36.031986,-89.164151,0.));
#1945 = DIRECTION('',(-1.,0.,0.));
#1946 = DIRECTION('',(0.,1.,0.));
#1947 = ADVANCED_FACE('',(#1948),#1973,.T.);
#1948 = FACE_BOUND('',#1949,.T.);
#1949 = EDGE_LOOP('',(#1950,#1951,#1959,#1967));
#1950 = ORIENTED_EDGE('',*,*,#1929,.T.);
#1951 = ORIENTED_EDGE('',*,*,#1952,.T.);
#1952 = EDGE_CURVE('',#1922,#1953,#1955,.T.);
#1953 = VERTEX_POINT('',#1954);
#1954 = CARTESIAN_POINT('',(22.031986,-75.164151,1.51));
#1955 = LINE('',#1956,#1957);
#1956 = CARTESIAN_POINT('',(36.031986,-75.164151,1.51));
#1957 = VECTOR('',#1958,1.);
#1958 = DIRECTION('',(-1.,0.,0.));
#1959 = ORIENTED_EDGE('',*,*,#1960,.F.);
#1960 = EDGE_CURVE('',#1961,#1953,#1963,.T.);
#1961 = VERTEX_POINT('',#1962);
#1962 = CARTESIAN_POINT('',(22.031986,-75.164151,0.));
#1963 = LINE('',#1964,#1965);
#1964 = CARTESIAN_POINT('',(22.031986,-75.164151,0.));
#1965 = VECTOR('',#1966,1.);
#1966 = DIRECTION('',(0.,0.,1.));
#1967 = ORIENTED_EDGE('',*,*,#1968,.F.);
#1968 = EDGE_CURVE('',#1930,#1961,#1969,.T.);
#1969 = LINE('',#1970,#1971);
#1970 = CARTESIAN_POINT('',(36.031986,-75.164151,0.));
#1971 = VECTOR('',#1972,1.);
#1972 = DIRECTION('',(-1.,0.,0.));
#1973 = PLANE('',#1974);
#1974 = AXIS2_PLACEMENT_3D('',#1975,#1976,#1977);
#1975 = CARTESIAN_POINT('',(36.031986,-75.164151,0.));
#1976 = DIRECTION('',(0.,-1.,0.));
#1977 = DIRECTION('',(-1.,0.,0.));
#1978 = ADVANCED_FACE('',(#1979),#1995,.T.);
#1979 = FACE_BOUND('',#1980,.T.);
#1980 = EDGE_LOOP('',(#1981,#1982,#1988,#1989));
#1981 = ORIENTED_EDGE('',*,*,#1960,.T.);
#1982 = ORIENTED_EDGE('',*,*,#1983,.T.);
#1983 = EDGE_CURVE('',#1953,#1883,#1984,.T.);
#1984 = LINE('',#1985,#1986);
#1985 = CARTESIAN_POINT('',(22.031986,-75.164151,1.51));
#1986 = VECTOR('',#1987,1.);
#1987 = DIRECTION('',(0.,-1.,0.));
#1988 = ORIENTED_EDGE('',*,*,#1880,.F.);
#1989 = ORIENTED_EDGE('',*,*,#1990,.F.);
#1990 = EDGE_CURVE('',#1961,#1881,#1991,.T.);
#1991 = LINE('',#1992,#1993);
#1992 = CARTESIAN_POINT('',(22.031986,-75.164151,0.));
#1993 = VECTOR('',#1994,1.);
#1994 = DIRECTION('',(0.,-1.,0.));
#1995 = PLANE('',#1996);
#1996 = AXIS2_PLACEMENT_3D('',#1997,#1998,#1999);
#1997 = CARTESIAN_POINT('',(22.031986,-75.164151,0.));
#1998 = DIRECTION('',(1.,0.,-0.));
#1999 = DIRECTION('',(0.,-1.,0.));
#2000 = ADVANCED_FACE('',(#2001),#2035,.T.);
#2001 = FACE_BOUND('',#2002,.T.);
#2002 = EDGE_LOOP('',(#2003,#2013,#2021,#2029));
#2003 = ORIENTED_EDGE('',*,*,#2004,.T.);
#2004 = EDGE_CURVE('',#2005,#2007,#2009,.T.);
#2005 = VERTEX_POINT('',#2006);
#2006 = CARTESIAN_POINT('',(98.031986,-79.448651,0.));
#2007 = VERTEX_POINT('',#2008);
#2008 = CARTESIAN_POINT('',(98.031986,-79.448651,1.51));
#2009 = LINE('',#2010,#2011);
#2010 = CARTESIAN_POINT('',(98.031986,-79.448651,0.));
#2011 = VECTOR('',#2012,1.);
#2012 = DIRECTION('',(0.,0.,1.));
#2013 = ORIENTED_EDGE('',*,*,#2014,.T.);
#2014 = EDGE_CURVE('',#2007,#2015,#2017,.T.);
#2015 = VERTEX_POINT('',#2016);
#2016 = CARTESIAN_POINT('',(112.031986,-79.448651,1.51));
#2017 = LINE('',#2018,#2019);
#2018 = CARTESIAN_POINT('',(98.031986,-79.448651,1.51));
#2019 = VECTOR('',#2020,1.);
#2020 = DIRECTION('',(1.,0.,0.));
#2021 = ORIENTED_EDGE('',*,*,#2022,.F.);
#2022 = EDGE_CURVE('',#2023,#2015,#2025,.T.);
#2023 = VERTEX_POINT('',#2024);
#2024 = CARTESIAN_POINT('',(112.031986,-79.448651,0.));
#2025 = LINE('',#2026,#2027);
#2026 = CARTESIAN_POINT('',(112.031986,-79.448651,0.));
#2027 = VECTOR('',#2028,1.);
#2028 = DIRECTION('',(0.,0.,1.));
#2029 = ORIENTED_EDGE('',*,*,#2030,.F.);
#2030 = EDGE_CURVE('',#2005,#2023,#2031,.T.);
#2031 = LINE('',#2032,#2033);
#2032 = CARTESIAN_POINT('',(98.031986,-79.448651,0.));
#2033 = VECTOR('',#2034,1.);
#2034 = DIRECTION('',(1.,0.,0.));
#2035 = PLANE('',#2036);
#2036 = AXIS2_PLACEMENT_3D('',#2037,#2038,#2039);
#2037 = CARTESIAN_POINT('',(98.031986,-79.448651,0.));
#2038 = DIRECTION('',(0.,1.,0.));
#2039 = DIRECTION('',(1.,0.,0.));
#2040 = ADVANCED_FACE('',(#2041),#2066,.T.);
#2041 = FACE_BOUND('',#2042,.T.);
#2042 = EDGE_LOOP('',(#2043,#2044,#2052,#2060));
#2043 = ORIENTED_EDGE('',*,*,#2022,.T.);
#2044 = ORIENTED_EDGE('',*,*,#2045,.T.);
#2045 = EDGE_CURVE('',#2015,#2046,#2048,.T.);
#2046 = VERTEX_POINT('',#2047);
#2047 = CARTESIAN_POINT('',(112.031986,-65.448651,1.51));
#2048 = LINE('',#2049,#2050);
#2049 = CARTESIAN_POINT('',(112.031986,-79.448651,1.51));
#2050 = VECTOR('',#2051,1.);
#2051 = DIRECTION('',(0.,1.,0.));
#2052 = ORIENTED_EDGE('',*,*,#2053,.F.);
#2053 = EDGE_CURVE('',#2054,#2046,#2056,.T.);
#2054 = VERTEX_POINT('',#2055);
#2055 = CARTESIAN_POINT('',(112.031986,-65.448651,0.));
#2056 = LINE('',#2057,#2058);
#2057 = CARTESIAN_POINT('',(112.031986,-65.448651,0.));
#2058 = VECTOR('',#2059,1.);
#2059 = DIRECTION('',(0.,0.,1.));
#2060 = ORIENTED_EDGE('',*,*,#2061,.F.);
#2061 = EDGE_CURVE('',#2023,#2054,#2062,.T.);
#2062 = LINE('',#2063,#2064);
#2063 = CARTESIAN_POINT('',(112.031986,-79.448651,0.));
#2064 = VECTOR('',#2065,1.);
#2065 = DIRECTION('',(0.,1.,0.));
#2066 = PLANE('',#2067);
#2067 = AXIS2_PLACEMENT_3D('',#2068,#2069,#2070);
#2068 = CARTESIAN_POINT('',(112.031986,-79.448651,0.));
#2069 = DIRECTION('',(-1.,0.,0.));
#2070 = DIRECTION('',(0.,1.,0.));
#2071 = ADVANCED_FACE('',(#2072),#2097,.T.);
#2072 = FACE_BOUND('',#2073,.T.);
#2073 = EDGE_LOOP('',(#2074,#2075,#2083,#2091));
#2074 = ORIENTED_EDGE('',*,*,#2053,.T.);
#2075 = ORIENTED_EDGE('',*,*,#2076,.T.);
#2076 = EDGE_CURVE('',#2046,#2077,#2079,.T.);
#2077 = VERTEX_POINT('',#2078);
#2078 = CARTESIAN_POINT('',(98.031986,-65.448651,1.51));
#2079 = LINE('',#2080,#2081);
#2080 = CARTESIAN_POINT('',(112.031986,-65.448651,1.51));
#2081 = VECTOR('',#2082,1.);
#2082 = DIRECTION('',(-1.,0.,0.));
#2083 = ORIENTED_EDGE('',*,*,#2084,.F.);
#2084 = EDGE_CURVE('',#2085,#2077,#2087,.T.);
#2085 = VERTEX_POINT('',#2086);
#2086 = CARTESIAN_POINT('',(98.031986,-65.448651,0.));
#2087 = LINE('',#2088,#2089);
#2088 = CARTESIAN_POINT('',(98.031986,-65.448651,0.));
#2089 = VECTOR('',#2090,1.);
#2090 = DIRECTION('',(0.,0.,1.));
#2091 = ORIENTED_EDGE('',*,*,#2092,.F.);
#2092 = EDGE_CURVE('',#2054,#2085,#2093,.T.);
#2093 = LINE('',#2094,#2095);
#2094 = CARTESIAN_POINT('',(112.031986,-65.448651,0.));
#2095 = VECTOR('',#2096,1.);
#2096 = DIRECTION('',(-1.,0.,0.));
#2097 = PLANE('',#2098);
#2098 = AXIS2_PLACEMENT_3D('',#2099,#2100,#2101);
#2099 = CARTESIAN_POINT('',(112.031986,-65.448651,0.));
#2100 = DIRECTION('',(0.,-1.,0.));
#2101 = DIRECTION('',(-1.,0.,0.));
#2102 = ADVANCED_FACE('',(#2103),#2119,.T.);
#2103 = FACE_BOUND('',#2104,.T.);
#2104 = EDGE_LOOP('',(#2105,#2106,#2112,#2113));
#2105 = ORIENTED_EDGE('',*,*,#2084,.T.);
#2106 = ORIENTED_EDGE('',*,*,#2107,.T.);
#2107 = EDGE_CURVE('',#2077,#2007,#2108,.T.);
#2108 = LINE('',#2109,#2110);
#2109 = CARTESIAN_POINT('',(98.031986,-65.448651,1.51));
#2110 = VECTOR('',#2111,1.);
#2111 = DIRECTION('',(0.,-1.,0.));
#2112 = ORIENTED_EDGE('',*,*,#2004,.F.);
#2113 = ORIENTED_EDGE('',*,*,#2114,.F.);
#2114 = EDGE_CURVE('',#2085,#2005,#2115,.T.);
#2115 = LINE('',#2116,#2117);
#2116 = CARTESIAN_POINT('',(98.031986,-65.448651,0.));
#2117 = VECTOR('',#2118,1.);
#2118 = DIRECTION('',(0.,-1.,0.));
#2119 = PLANE('',#2120);
#2120 = AXIS2_PLACEMENT_3D('',#2121,#2122,#2123);
#2121 = CARTESIAN_POINT('',(98.031986,-65.448651,0.));
#2122 = DIRECTION('',(1.,0.,-0.));
#2123 = DIRECTION('',(0.,-1.,0.));
#2124 = ADVANCED_FACE('',(#2125),#2159,.T.);
#2125 = FACE_BOUND('',#2126,.T.);
#2126 = EDGE_LOOP('',(#2127,#2137,#2145,#2153));
#2127 = ORIENTED_EDGE('',*,*,#2128,.T.);
#2128 = EDGE_CURVE('',#2129,#2131,#2133,.T.);
#2129 = VERTEX_POINT('',#2130);
#2130 = CARTESIAN_POINT('',(41.031986,-76.591151,0.));
#2131 = VERTEX_POINT('',#2132);
#2132 = CARTESIAN_POINT('',(41.031986,-76.591151,1.51));
#2133 = LINE('',#2134,#2135);
#2134 = CARTESIAN_POINT('',(41.031986,-76.591151,0.));
#2135 = VECTOR('',#2136,1.);
#2136 = DIRECTION('',(0.,0.,1.));
#2137 = ORIENTED_EDGE('',*,*,#2138,.T.);
#2138 = EDGE_CURVE('',#2131,#2139,#2141,.T.);
#2139 = VERTEX_POINT('',#2140);
#2140 = CARTESIAN_POINT('',(55.031986,-76.591151,1.51));
#2141 = LINE('',#2142,#2143);
#2142 = CARTESIAN_POINT('',(41.031986,-76.591151,1.51));
#2143 = VECTOR('',#2144,1.);
#2144 = DIRECTION('',(1.,0.,0.));
#2145 = ORIENTED_EDGE('',*,*,#2146,.F.);
#2146 = EDGE_CURVE('',#2147,#2139,#2149,.T.);
#2147 = VERTEX_POINT('',#2148);
#2148 = CARTESIAN_POINT('',(55.031986,-76.591151,0.));
#2149 = LINE('',#2150,#2151);
#2150 = CARTESIAN_POINT('',(55.031986,-76.591151,0.));
#2151 = VECTOR('',#2152,1.);
#2152 = DIRECTION('',(0.,0.,1.));
#2153 = ORIENTED_EDGE('',*,*,#2154,.F.);
#2154 = EDGE_CURVE('',#2129,#2147,#2155,.T.);
#2155 = LINE('',#2156,#2157);
#2156 = CARTESIAN_POINT('',(41.031986,-76.591151,0.));
#2157 = VECTOR('',#2158,1.);
#2158 = DIRECTION('',(1.,0.,0.));
#2159 = PLANE('',#2160);
#2160 = AXIS2_PLACEMENT_3D('',#2161,#2162,#2163);
#2161 = CARTESIAN_POINT('',(41.031986,-76.591151,0.));
#2162 = DIRECTION('',(0.,1.,0.));
#2163 = DIRECTION('',(1.,0.,0.));
#2164 = ADVANCED_FACE('',(#2165),#2190,.T.);
#2165 = FACE_BOUND('',#2166,.T.);
#2166 = EDGE_LOOP('',(#2167,#2168,#2176,#2184));
#2167 = ORIENTED_EDGE('',*,*,#2146,.T.);
#2168 = ORIENTED_EDGE('',*,*,#2169,.T.);
#2169 = EDGE_CURVE('',#2139,#2170,#2172,.T.);
#2170 = VERTEX_POINT('',#2171);
#2171 = CARTESIAN_POINT('',(55.031986,-62.591151,1.51));
#2172 = LINE('',#2173,#2174);
#2173 = CARTESIAN_POINT('',(55.031986,-76.591151,1.51));
#2174 = VECTOR('',#2175,1.);
#2175 = DIRECTION('',(0.,1.,0.));
#2176 = ORIENTED_EDGE('',*,*,#2177,.F.);
#2177 = EDGE_CURVE('',#2178,#2170,#2180,.T.);
#2178 = VERTEX_POINT('',#2179);
#2179 = CARTESIAN_POINT('',(55.031986,-62.591151,0.));
#2180 = LINE('',#2181,#2182);
#2181 = CARTESIAN_POINT('',(55.031986,-62.591151,0.));
#2182 = VECTOR('',#2183,1.);
#2183 = DIRECTION('',(0.,0.,1.));
#2184 = ORIENTED_EDGE('',*,*,#2185,.F.);
#2185 = EDGE_CURVE('',#2147,#2178,#2186,.T.);
#2186 = LINE('',#2187,#2188);
#2187 = CARTESIAN_POINT('',(55.031986,-76.591151,0.));
#2188 = VECTOR('',#2189,1.);
#2189 = DIRECTION('',(0.,1.,0.));
#2190 = PLANE('',#2191);
#2191 = AXIS2_PLACEMENT_3D('',#2192,#2193,#2194);
#2192 = CARTESIAN_POINT('',(55.031986,-76.591151,0.));
#2193 = DIRECTION('',(-1.,0.,0.));
#2194 = DIRECTION('',(0.,1.,0.));
#2195 = ADVANCED_FACE('',(#2196),#2221,.T.);
#2196 = FACE_BOUND('',#2197,.T.);
#2197 = EDGE_LOOP('',(#2198,#2199,#2207,#2215));
#2198 = ORIENTED_EDGE('',*,*,#2177,.T.);
#2199 = ORIENTED_EDGE('',*,*,#2200,.T.);
#2200 = EDGE_CURVE('',#2170,#2201,#2203,.T.);
#2201 = VERTEX_POINT('',#2202);
#2202 = CARTESIAN_POINT('',(41.031986,-62.591151,1.51));
#2203 = LINE('',#2204,#2205);
#2204 = CARTESIAN_POINT('',(55.031986,-62.591151,1.51));
#2205 = VECTOR('',#2206,1.);
#2206 = DIRECTION('',(-1.,0.,0.));
#2207 = ORIENTED_EDGE('',*,*,#2208,.F.);
#2208 = EDGE_CURVE('',#2209,#2201,#2211,.T.);
#2209 = VERTEX_POINT('',#2210);
#2210 = CARTESIAN_POINT('',(41.031986,-62.591151,0.));
#2211 = LINE('',#2212,#2213);
#2212 = CARTESIAN_POINT('',(41.031986,-62.591151,0.));
#2213 = VECTOR('',#2214,1.);
#2214 = DIRECTION('',(0.,0.,1.));
#2215 = ORIENTED_EDGE('',*,*,#2216,.F.);
#2216 = EDGE_CURVE('',#2178,#2209,#2217,.T.);
#2217 = LINE('',#2218,#2219);
#2218 = CARTESIAN_POINT('',(55.031986,-62.591151,0.));
#2219 = VECTOR('',#2220,1.);
#2220 = DIRECTION('',(-1.,0.,0.));
#2221 = PLANE('',#2222);
#2222 = AXIS2_PLACEMENT_3D('',#2223,#2224,#2225);
#2223 = CARTESIAN_POINT('',(55.031986,-62.591151,0.));
#2224 = DIRECTION('',(0.,-1.,0.));
#2225 = DIRECTION('',(-1.,0.,0.));
#2226 = ADVANCED_FACE('',(#2227),#2243,.T.);
#2227 = FACE_BOUND('',#2228,.T.);
#2228 = EDGE_LOOP('',(#2229,#2230,#2236,#2237));
#2229 = ORIENTED_EDGE('',*,*,#2208,.T.);
#2230 = ORIENTED_EDGE('',*,*,#2231,.T.);
#2231 = EDGE_CURVE('',#2201,#2131,#2232,.T.);
#2232 = LINE('',#2233,#2234);
#2233 = CARTESIAN_POINT('',(41.031986,-62.591151,1.51));
#2234 = VECTOR('',#2235,1.);
#2235 = DIRECTION('',(0.,-1.,0.));
#2236 = ORIENTED_EDGE('',*,*,#2128,.F.);
#2237 = ORIENTED_EDGE('',*,*,#2238,.F.);
#2238 = EDGE_CURVE('',#2209,#2129,#2239,.T.);
#2239 = LINE('',#2240,#2241);
#2240 = CARTESIAN_POINT('',(41.031986,-62.591151,0.));
#2241 = VECTOR('',#2242,1.);
#2242 = DIRECTION('',(0.,-1.,0.));
#2243 = PLANE('',#2244);
#2244 = AXIS2_PLACEMENT_3D('',#2245,#2246,#2247);
#2245 = CARTESIAN_POINT('',(41.031986,-62.591151,0.));
#2246 = DIRECTION('',(1.,0.,-0.));
#2247 = DIRECTION('',(0.,-1.,0.));
#2248 = ADVANCED_FACE('',(#2249),#2283,.T.);
#2249 = FACE_BOUND('',#2250,.T.);
#2250 = EDGE_LOOP('',(#2251,#2261,#2269,#2277));
#2251 = ORIENTED_EDGE('',*,*,#2252,.T.);
#2252 = EDGE_CURVE('',#2253,#2255,#2257,.T.);
#2253 = VERTEX_POINT('',#2254);
#2254 = CARTESIAN_POINT('',(79.031986,-76.591151,0.));
#2255 = VERTEX_POINT('',#2256);
#2256 = CARTESIAN_POINT('',(79.031986,-76.591151,1.51));
#2257 = LINE('',#2258,#2259);
#2258 = CARTESIAN_POINT('',(79.031986,-76.591151,0.));
#2259 = VECTOR('',#2260,1.);
#2260 = DIRECTION('',(0.,0.,1.));
#2261 = ORIENTED_EDGE('',*,*,#2262,.T.);
#2262 = EDGE_CURVE('',#2255,#2263,#2265,.T.);
#2263 = VERTEX_POINT('',#2264);
#2264 = CARTESIAN_POINT('',(93.031986,-76.591151,1.51));
#2265 = LINE('',#2266,#2267);
#2266 = CARTESIAN_POINT('',(79.031986,-76.591151,1.51));
#2267 = VECTOR('',#2268,1.);
#2268 = DIRECTION('',(1.,0.,0.));
#2269 = ORIENTED_EDGE('',*,*,#2270,.F.);
#2270 = EDGE_CURVE('',#2271,#2263,#2273,.T.);
#2271 = VERTEX_POINT('',#2272);
#2272 = CARTESIAN_POINT('',(93.031986,-76.591151,0.));
#2273 = LINE('',#2274,#2275);
#2274 = CARTESIAN_POINT('',(93.031986,-76.591151,0.));
#2275 = VECTOR('',#2276,1.);
#2276 = DIRECTION('',(0.,0.,1.));
#2277 = ORIENTED_EDGE('',*,*,#2278,.F.);
#2278 = EDGE_CURVE('',#2253,#2271,#2279,.T.);
#2279 = LINE('',#2280,#2281);
#2280 = CARTESIAN_POINT('',(79.031986,-76.591151,0.));
#2281 = VECTOR('',#2282,1.);
#2282 = DIRECTION('',(1.,0.,0.));
#2283 = PLANE('',#2284);
#2284 = AXIS2_PLACEMENT_3D('',#2285,#2286,#2287);
#2285 = CARTESIAN_POINT('',(79.031986,-76.591151,0.));
#2286 = DIRECTION('',(0.,1.,0.));
#2287 = DIRECTION('',(1.,0.,0.));
#2288 = ADVANCED_FACE('',(#2289),#2314,.T.);
#2289 = FACE_BOUND('',#2290,.T.);
#2290 = EDGE_LOOP('',(#2291,#2292,#2300,#2308));
#2291 = ORIENTED_EDGE('',*,*,#2270,.T.);
#2292 = ORIENTED_EDGE('',*,*,#2293,.T.);
#2293 = EDGE_CURVE('',#2263,#2294,#2296,.T.);
#2294 = VERTEX_POINT('',#2295);
#2295 = CARTESIAN_POINT('',(93.031986,-62.591151,1.51));
#2296 = LINE('',#2297,#2298);
#2297 = CARTESIAN_POINT('',(93.031986,-76.591151,1.51));
#2298 = VECTOR('',#2299,1.);
#2299 = DIRECTION('',(0.,1.,0.));
#2300 = ORIENTED_EDGE('',*,*,#2301,.F.);
#2301 = EDGE_CURVE('',#2302,#2294,#2304,.T.);
#2302 = VERTEX_POINT('',#2303);
#2303 = CARTESIAN_POINT('',(93.031986,-62.591151,0.));
#2304 = LINE('',#2305,#2306);
#2305 = CARTESIAN_POINT('',(93.031986,-62.591151,0.));
#2306 = VECTOR('',#2307,1.);
#2307 = DIRECTION('',(0.,0.,1.));
#2308 = ORIENTED_EDGE('',*,*,#2309,.F.);
#2309 = EDGE_CURVE('',#2271,#2302,#2310,.T.);
#2310 = LINE('',#2311,#2312);
#2311 = CARTESIAN_POINT('',(93.031986,-76.591151,0.));
#2312 = VECTOR('',#2313,1.);
#2313 = DIRECTION('',(0.,1.,0.));
#2314 = PLANE('',#2315);
#2315 = AXIS2_PLACEMENT_3D('',#2316,#2317,#2318);
#2316 = CARTESIAN_POINT('',(93.031986,-76.591151,0.));
#2317 = DIRECTION('',(-1.,0.,0.));
#2318 = DIRECTION('',(0.,1.,0.));
#2319 = ADVANCED_FACE('',(#2320),#2345,.T.);
#2320 = FACE_BOUND('',#2321,.T.);
#2321 = EDGE_LOOP('',(#2322,#2323,#2331,#2339));
#2322 = ORIENTED_EDGE('',*,*,#2301,.T.);
#2323 = ORIENTED_EDGE('',*,*,#2324,.T.);
#2324 = EDGE_CURVE('',#2294,#2325,#2327,.T.);
#2325 = VERTEX_POINT('',#2326);
#2326 = CARTESIAN_POINT('',(79.031986,-62.591151,1.51));
#2327 = LINE('',#2328,#2329);
#2328 = CARTESIAN_POINT('',(93.031986,-62.591151,1.51));
#2329 = VECTOR('',#2330,1.);
#2330 = DIRECTION('',(-1.,0.,0.));
#2331 = ORIENTED_EDGE('',*,*,#2332,.F.);
#2332 = EDGE_CURVE('',#2333,#2325,#2335,.T.);
#2333 = VERTEX_POINT('',#2334);
#2334 = CARTESIAN_POINT('',(79.031986,-62.591151,0.));
#2335 = LINE('',#2336,#2337);
#2336 = CARTESIAN_POINT('',(79.031986,-62.591151,0.));
#2337 = VECTOR('',#2338,1.);
#2338 = DIRECTION('',(0.,0.,1.));
#2339 = ORIENTED_EDGE('',*,*,#2340,.F.);
#2340 = EDGE_CURVE('',#2302,#2333,#2341,.T.);
#2341 = LINE('',#2342,#2343);
#2342 = CARTESIAN_POINT('',(93.031986,-62.591151,0.));
#2343 = VECTOR('',#2344,1.);
#2344 = DIRECTION('',(-1.,0.,0.));
#2345 = PLANE('',#2346);
#2346 = AXIS2_PLACEMENT_3D('',#2347,#2348,#2349);
#2347 = CARTESIAN_POINT('',(93.031986,-62.591151,0.));
#2348 = DIRECTION('',(0.,-1.,0.));
#2349 = DIRECTION('',(-1.,0.,0.));
#2350 = ADVANCED_FACE('',(#2351),#2367,.T.);
#2351 = FACE_BOUND('',#2352,.T.);
#2352 = EDGE_LOOP('',(#2353,#2354,#2360,#2361));
#2353 = ORIENTED_EDGE('',*,*,#2332,.T.);
#2354 = ORIENTED_EDGE('',*,*,#2355,.T.);
#2355 = EDGE_CURVE('',#2325,#2255,#2356,.T.);
#2356 = LINE('',#2357,#2358);
#2357 = CARTESIAN_POINT('',(79.031986,-62.591151,1.51));
#2358 = VECTOR('',#2359,1.);
#2359 = DIRECTION('',(0.,-1.,0.));
#2360 = ORIENTED_EDGE('',*,*,#2252,.F.);
#2361 = ORIENTED_EDGE('',*,*,#2362,.F.);
#2362 = EDGE_CURVE('',#2333,#2253,#2363,.T.);
#2363 = LINE('',#2364,#2365);
#2364 = CARTESIAN_POINT('',(79.031986,-62.591151,0.));
#2365 = VECTOR('',#2366,1.);
#2366 = DIRECTION('',(0.,-1.,0.));
#2367 = PLANE('',#2368);
#2368 = AXIS2_PLACEMENT_3D('',#2369,#2370,#2371);
#2369 = CARTESIAN_POINT('',(79.031986,-62.591151,0.));
#2370 = DIRECTION('',(1.,0.,-0.));
#2371 = DIRECTION('',(0.,-1.,0.));
#2372 = ADVANCED_FACE('',(#2373),#2400,.F.);
#2373 = FACE_BOUND('',#2374,.T.);
#2374 = EDGE_LOOP('',(#2375,#2385,#2392,#2393));
#2375 = ORIENTED_EDGE('',*,*,#2376,.T.);
#2376 = EDGE_CURVE('',#2377,#2379,#2381,.T.);
#2377 = VERTEX_POINT('',#2378);
#2378 = CARTESIAN_POINT('',(59.663236,-73.464151,0.));
#2379 = VERTEX_POINT('',#2380);
#2380 = CARTESIAN_POINT('',(59.663236,-73.464151,1.51));
#2381 = LINE('',#2382,#2383);
#2382 = CARTESIAN_POINT('',(59.663236,-73.464151,0.));
#2383 = VECTOR('',#2384,1.);
#2384 = DIRECTION('',(0.,0.,1.));
#2385 = ORIENTED_EDGE('',*,*,#2386,.T.);
#2386 = EDGE_CURVE('',#2379,#2379,#2387,.T.);
#2387 = CIRCLE('',#2388,2.);
#2388 = AXIS2_PLACEMENT_3D('',#2389,#2390,#2391);
#2389 = CARTESIAN_POINT('',(57.663236,-73.464151,1.51));
#2390 = DIRECTION('',(0.,0.,1.));
#2391 = DIRECTION('',(1.,0.,-0.));
#2392 = ORIENTED_EDGE('',*,*,#2376,.F.);
#2393 = ORIENTED_EDGE('',*,*,#2394,.F.);
#2394 = EDGE_CURVE('',#2377,#2377,#2395,.T.);
#2395 = CIRCLE('',#2396,2.);
#2396 = AXIS2_PLACEMENT_3D('',#2397,#2398,#2399);
#2397 = CARTESIAN_POINT('',(57.663236,-73.464151,0.));
#2398 = DIRECTION('',(0.,0.,1.));
#2399 = DIRECTION('',(1.,0.,-0.));
#2400 = CYLINDRICAL_SURFACE('',#2401,2.);
#2401 = AXIS2_PLACEMENT_3D('',#2402,#2403,#2404);
#2402 = CARTESIAN_POINT('',(57.663236,-73.464151,0.));
#2403 = DIRECTION('',(-0.,-0.,-1.));
#2404 = DIRECTION('',(1.,0.,-0.));
#2405 = ADVANCED_FACE('',(#2406),#2440,.T.);
#2406 = FACE_BOUND('',#2407,.T.);
#2407 = EDGE_LOOP('',(#2408,#2418,#2426,#2434));
#2408 = ORIENTED_EDGE('',*,*,#2409,.T.);
#2409 = EDGE_CURVE('',#2410,#2412,#2414,.T.);
#2410 = VERTEX_POINT('',#2411);
#2411 = CARTESIAN_POINT('',(60.031986,-71.828651,0.));
#2412 = VERTEX_POINT('',#2413);
#2413 = CARTESIAN_POINT('',(60.031986,-71.828651,1.51));
#2414 = LINE('',#2415,#2416);
#2415 = CARTESIAN_POINT('',(60.031986,-71.828651,0.));
#2416 = VECTOR('',#2417,1.);
#2417 = DIRECTION('',(0.,0.,1.));
#2418 = ORIENTED_EDGE('',*,*,#2419,.T.);
#2419 = EDGE_CURVE('',#2412,#2420,#2422,.T.);
#2420 = VERTEX_POINT('',#2421);
#2421 = CARTESIAN_POINT('',(74.031986,-71.828651,1.51));
#2422 = LINE('',#2423,#2424);
#2423 = CARTESIAN_POINT('',(60.031986,-71.828651,1.51));
#2424 = VECTOR('',#2425,1.);
#2425 = DIRECTION('',(1.,0.,0.));
#2426 = ORIENTED_EDGE('',*,*,#2427,.F.);
#2427 = EDGE_CURVE('',#2428,#2420,#2430,.T.);
#2428 = VERTEX_POINT('',#2429);
#2429 = CARTESIAN_POINT('',(74.031986,-71.828651,0.));
#2430 = LINE('',#2431,#2432);
#2431 = CARTESIAN_POINT('',(74.031986,-71.828651,0.));
#2432 = VECTOR('',#2433,1.);
#2433 = DIRECTION('',(0.,0.,1.));
#2434 = ORIENTED_EDGE('',*,*,#2435,.F.);
#2435 = EDGE_CURVE('',#2410,#2428,#2436,.T.);
#2436 = LINE('',#2437,#2438);
#2437 = CARTESIAN_POINT('',(60.031986,-71.828651,0.));
#2438 = VECTOR('',#2439,1.);
#2439 = DIRECTION('',(1.,0.,0.));
#2440 = PLANE('',#2441);
#2441 = AXIS2_PLACEMENT_3D('',#2442,#2443,#2444);
#2442 = CARTESIAN_POINT('',(60.031986,-71.828651,0.));
#2443 = DIRECTION('',(0.,1.,0.));
#2444 = DIRECTION('',(1.,0.,0.));
#2445 = ADVANCED_FACE('',(#2446),#2471,.T.);
#2446 = FACE_BOUND('',#2447,.T.);
#2447 = EDGE_LOOP('',(#2448,#2449,#2457,#2465));
#2448 = ORIENTED_EDGE('',*,*,#2427,.T.);
#2449 = ORIENTED_EDGE('',*,*,#2450,.T.);
#2450 = EDGE_CURVE('',#2420,#2451,#2453,.T.);
#2451 = VERTEX_POINT('',#2452);
#2452 = CARTESIAN_POINT('',(74.031986,-57.828651,1.51));
#2453 = LINE('',#2454,#2455);
#2454 = CARTESIAN_POINT('',(74.031986,-71.828651,1.51));
#2455 = VECTOR('',#2456,1.);
#2456 = DIRECTION('',(0.,1.,0.));
#2457 = ORIENTED_EDGE('',*,*,#2458,.F.);
#2458 = EDGE_CURVE('',#2459,#2451,#2461,.T.);
#2459 = VERTEX_POINT('',#2460);
#2460 = CARTESIAN_POINT('',(74.031986,-57.828651,0.));
#2461 = LINE('',#2462,#2463);
#2462 = CARTESIAN_POINT('',(74.031986,-57.828651,0.));
#2463 = VECTOR('',#2464,1.);
#2464 = DIRECTION('',(0.,0.,1.));
#2465 = ORIENTED_EDGE('',*,*,#2466,.F.);
#2466 = EDGE_CURVE('',#2428,#2459,#2467,.T.);
#2467 = LINE('',#2468,#2469);
#2468 = CARTESIAN_POINT('',(74.031986,-71.828651,0.));
#2469 = VECTOR('',#2470,1.);
#2470 = DIRECTION('',(0.,1.,0.));
#2471 = PLANE('',#2472);
#2472 = AXIS2_PLACEMENT_3D('',#2473,#2474,#2475);
#2473 = CARTESIAN_POINT('',(74.031986,-71.828651,0.));
#2474 = DIRECTION('',(-1.,0.,0.));
#2475 = DIRECTION('',(0.,1.,0.));
#2476 = ADVANCED_FACE('',(#2477),#2502,.T.);
#2477 = FACE_BOUND('',#2478,.T.);
#2478 = EDGE_LOOP('',(#2479,#2480,#2488,#2496));
#2479 = ORIENTED_EDGE('',*,*,#2458,.T.);
#2480 = ORIENTED_EDGE('',*,*,#2481,.T.);
#2481 = EDGE_CURVE('',#2451,#2482,#2484,.T.);
#2482 = VERTEX_POINT('',#2483);
#2483 = CARTESIAN_POINT('',(60.031986,-57.828651,1.51));
#2484 = LINE('',#2485,#2486);
#2485 = CARTESIAN_POINT('',(74.031986,-57.828651,1.51));
#2486 = VECTOR('',#2487,1.);
#2487 = DIRECTION('',(-1.,0.,0.));
#2488 = ORIENTED_EDGE('',*,*,#2489,.F.);
#2489 = EDGE_CURVE('',#2490,#2482,#2492,.T.);
#2490 = VERTEX_POINT('',#2491);
#2491 = CARTESIAN_POINT('',(60.031986,-57.828651,0.));
#2492 = LINE('',#2493,#2494);
#2493 = CARTESIAN_POINT('',(60.031986,-57.828651,0.));
#2494 = VECTOR('',#2495,1.);
#2495 = DIRECTION('',(0.,0.,1.));
#2496 = ORIENTED_EDGE('',*,*,#2497,.F.);
#2497 = EDGE_CURVE('',#2459,#2490,#2498,.T.);
#2498 = LINE('',#2499,#2500);
#2499 = CARTESIAN_POINT('',(74.031986,-57.828651,0.));
#2500 = VECTOR('',#2501,1.);
#2501 = DIRECTION('',(-1.,0.,0.));
#2502 = PLANE('',#2503);
#2503 = AXIS2_PLACEMENT_3D('',#2504,#2505,#2506);
#2504 = CARTESIAN_POINT('',(74.031986,-57.828651,0.));
#2505 = DIRECTION('',(0.,-1.,0.));
#2506 = DIRECTION('',(-1.,0.,0.));
#2507 = ADVANCED_FACE('',(#2508),#2524,.T.);
#2508 = FACE_BOUND('',#2509,.T.);
#2509 = EDGE_LOOP('',(#2510,#2511,#2517,#2518));
#2510 = ORIENTED_EDGE('',*,*,#2489,.T.);
#2511 = ORIENTED_EDGE('',*,*,#2512,.T.);
#2512 = EDGE_CURVE('',#2482,#2412,#2513,.T.);
#2513 = LINE('',#2514,#2515);
#2514 = CARTESIAN_POINT('',(60.031986,-57.828651,1.51));
#2515 = VECTOR('',#2516,1.);
#2516 = DIRECTION('',(0.,-1.,0.));
#2517 = ORIENTED_EDGE('',*,*,#2409,.F.);
#2518 = ORIENTED_EDGE('',*,*,#2519,.F.);
#2519 = EDGE_CURVE('',#2490,#2410,#2520,.T.);
#2520 = LINE('',#2521,#2522);
#2521 = CARTESIAN_POINT('',(60.031986,-57.828651,0.));
#2522 = VECTOR('',#2523,1.);
#2523 = DIRECTION('',(0.,-1.,0.));
#2524 = PLANE('',#2525);
#2525 = AXIS2_PLACEMENT_3D('',#2526,#2527,#2528);
#2526 = CARTESIAN_POINT('',(60.031986,-57.828651,0.));
#2527 = DIRECTION('',(1.,0.,-0.));
#2528 = DIRECTION('',(0.,-1.,0.));
#2529 = ADVANCED_FACE('',(#2530),#2564,.T.);
#2530 = FACE_BOUND('',#2531,.T.);
#2531 = EDGE_LOOP('',(#2532,#2542,#2550,#2558));
#2532 = ORIENTED_EDGE('',*,*,#2533,.T.);
#2533 = EDGE_CURVE('',#2534,#2536,#2538,.T.);
#2534 = VERTEX_POINT('',#2535);
#2535 = CARTESIAN_POINT('',(22.031986,-70.114151,0.));
#2536 = VERTEX_POINT('',#2537);
#2537 = CARTESIAN_POINT('',(22.031986,-70.114151,1.51));
#2538 = LINE('',#2539,#2540);
#2539 = CARTESIAN_POINT('',(22.031986,-70.114151,0.));
#2540 = VECTOR('',#2541,1.);
#2541 = DIRECTION('',(0.,0.,1.));
#2542 = ORIENTED_EDGE('',*,*,#2543,.T.);
#2543 = EDGE_CURVE('',#2536,#2544,#2546,.T.);
#2544 = VERTEX_POINT('',#2545);
#2545 = CARTESIAN_POINT('',(36.031986,-70.114151,1.51));
#2546 = LINE('',#2547,#2548);
#2547 = CARTESIAN_POINT('',(22.031986,-70.114151,1.51));
#2548 = VECTOR('',#2549,1.);
#2549 = DIRECTION('',(1.,0.,0.));
#2550 = ORIENTED_EDGE('',*,*,#2551,.F.);
#2551 = EDGE_CURVE('',#2552,#2544,#2554,.T.);
#2552 = VERTEX_POINT('',#2553);
#2553 = CARTESIAN_POINT('',(36.031986,-70.114151,0.));
#2554 = LINE('',#2555,#2556);
#2555 = CARTESIAN_POINT('',(36.031986,-70.114151,0.));
#2556 = VECTOR('',#2557,1.);
#2557 = DIRECTION('',(0.,0.,1.));
#2558 = ORIENTED_EDGE('',*,*,#2559,.F.);
#2559 = EDGE_CURVE('',#2534,#2552,#2560,.T.);
#2560 = LINE('',#2561,#2562);
#2561 = CARTESIAN_POINT('',(22.031986,-70.114151,0.));
#2562 = VECTOR('',#2563,1.);
#2563 = DIRECTION('',(1.,0.,0.));
#2564 = PLANE('',#2565);
#2565 = AXIS2_PLACEMENT_3D('',#2566,#2567,#2568);
#2566 = CARTESIAN_POINT('',(22.031986,-70.114151,0.));
#2567 = DIRECTION('',(0.,1.,0.));
#2568 = DIRECTION('',(1.,0.,0.));
#2569 = ADVANCED_FACE('',(#2570),#2595,.T.);
#2570 = FACE_BOUND('',#2571,.T.);
#2571 = EDGE_LOOP('',(#2572,#2573,#2581,#2589));
#2572 = ORIENTED_EDGE('',*,*,#2551,.T.);
#2573 = ORIENTED_EDGE('',*,*,#2574,.T.);
#2574 = EDGE_CURVE('',#2544,#2575,#2577,.T.);
#2575 = VERTEX_POINT('',#2576);
#2576 = CARTESIAN_POINT('',(36.031986,-56.114151,1.51));
#2577 = LINE('',#2578,#2579);
#2578 = CARTESIAN_POINT('',(36.031986,-70.114151,1.51));
#2579 = VECTOR('',#2580,1.);
#2580 = DIRECTION('',(0.,1.,0.));
#2581 = ORIENTED_EDGE('',*,*,#2582,.F.);
#2582 = EDGE_CURVE('',#2583,#2575,#2585,.T.);
#2583 = VERTEX_POINT('',#2584);
#2584 = CARTESIAN_POINT('',(36.031986,-56.114151,0.));
#2585 = LINE('',#2586,#2587);
#2586 = CARTESIAN_POINT('',(36.031986,-56.114151,0.));
#2587 = VECTOR('',#2588,1.);
#2588 = DIRECTION('',(0.,0.,1.));
#2589 = ORIENTED_EDGE('',*,*,#2590,.F.);
#2590 = EDGE_CURVE('',#2552,#2583,#2591,.T.);
#2591 = LINE('',#2592,#2593);
#2592 = CARTESIAN_POINT('',(36.031986,-70.114151,0.));
#2593 = VECTOR('',#2594,1.);
#2594 = DIRECTION('',(0.,1.,0.));
#2595 = PLANE('',#2596);
#2596 = AXIS2_PLACEMENT_3D('',#2597,#2598,#2599);
#2597 = CARTESIAN_POINT('',(36.031986,-70.114151,0.));
#2598 = DIRECTION('',(-1.,0.,0.));
#2599 = DIRECTION('',(0.,1.,0.));
#2600 = ADVANCED_FACE('',(#2601),#2626,.T.);
#2601 = FACE_BOUND('',#2602,.T.);
#2602 = EDGE_LOOP('',(#2603,#2604,#2612,#2620));
#2603 = ORIENTED_EDGE('',*,*,#2582,.T.);
#2604 = ORIENTED_EDGE('',*,*,#2605,.T.);
#2605 = EDGE_CURVE('',#2575,#2606,#2608,.T.);
#2606 = VERTEX_POINT('',#2607);
#2607 = CARTESIAN_POINT('',(22.031986,-56.114151,1.51));
#2608 = LINE('',#2609,#2610);
#2609 = CARTESIAN_POINT('',(36.031986,-56.114151,1.51));
#2610 = VECTOR('',#2611,1.);
#2611 = DIRECTION('',(-1.,0.,0.));
#2612 = ORIENTED_EDGE('',*,*,#2613,.F.);
#2613 = EDGE_CURVE('',#2614,#2606,#2616,.T.);
#2614 = VERTEX_POINT('',#2615);
#2615 = CARTESIAN_POINT('',(22.031986,-56.114151,0.));
#2616 = LINE('',#2617,#2618);
#2617 = CARTESIAN_POINT('',(22.031986,-56.114151,0.));
#2618 = VECTOR('',#2619,1.);
#2619 = DIRECTION('',(0.,0.,1.));
#2620 = ORIENTED_EDGE('',*,*,#2621,.F.);
#2621 = EDGE_CURVE('',#2583,#2614,#2622,.T.);
#2622 = LINE('',#2623,#2624);
#2623 = CARTESIAN_POINT('',(36.031986,-56.114151,0.));
#2624 = VECTOR('',#2625,1.);
#2625 = DIRECTION('',(-1.,0.,0.));
#2626 = PLANE('',#2627);
#2627 = AXIS2_PLACEMENT_3D('',#2628,#2629,#2630);
#2628 = CARTESIAN_POINT('',(36.031986,-56.114151,0.));
#2629 = DIRECTION('',(0.,-1.,0.));
#2630 = DIRECTION('',(-1.,0.,0.));
#2631 = ADVANCED_FACE('',(#2632),#2648,.T.);
#2632 = FACE_BOUND('',#2633,.T.);
#2633 = EDGE_LOOP('',(#2634,#2635,#2641,#2642));
#2634 = ORIENTED_EDGE('',*,*,#2613,.T.);
#2635 = ORIENTED_EDGE('',*,*,#2636,.T.);
#2636 = EDGE_CURVE('',#2606,#2536,#2637,.T.);
#2637 = LINE('',#2638,#2639);
#2638 = CARTESIAN_POINT('',(22.031986,-56.114151,1.51));
#2639 = VECTOR('',#2640,1.);
#2640 = DIRECTION('',(0.,-1.,0.));
#2641 = ORIENTED_EDGE('',*,*,#2533,.F.);
#2642 = ORIENTED_EDGE('',*,*,#2643,.F.);
#2643 = EDGE_CURVE('',#2614,#2534,#2644,.T.);
#2644 = LINE('',#2645,#2646);
#2645 = CARTESIAN_POINT('',(22.031986,-56.114151,0.));
#2646 = VECTOR('',#2647,1.);
#2647 = DIRECTION('',(0.,-1.,0.));
#2648 = PLANE('',#2649);
#2649 = AXIS2_PLACEMENT_3D('',#2650,#2651,#2652);
#2650 = CARTESIAN_POINT('',(22.031986,-56.114151,0.));
#2651 = DIRECTION('',(1.,0.,-0.));
#2652 = DIRECTION('',(0.,-1.,0.));
#2653 = ADVANCED_FACE('',(#2654),#2681,.F.);
#2654 = FACE_BOUND('',#2655,.T.);
#2655 = EDGE_LOOP('',(#2656,#2666,#2673,#2674));
#2656 = ORIENTED_EDGE('',*,*,#2657,.T.);
#2657 = EDGE_CURVE('',#2658,#2660,#2662,.T.);
#2658 = VERTEX_POINT('',#2659);
#2659 = CARTESIAN_POINT('',(97.587007,-63.457044,0.));
#2660 = VERTEX_POINT('',#2661);
#2661 = CARTESIAN_POINT('',(97.587007,-63.457044,1.51));
#2662 = LINE('',#2663,#2664);
#2663 = CARTESIAN_POINT('',(97.587007,-63.457044,0.));
#2664 = VECTOR('',#2665,1.);
#2665 = DIRECTION('',(0.,0.,1.));
#2666 = ORIENTED_EDGE('',*,*,#2667,.T.);
#2667 = EDGE_CURVE('',#2660,#2660,#2668,.T.);
#2668 = CIRCLE('',#2669,2.);
#2669 = AXIS2_PLACEMENT_3D('',#2670,#2671,#2672);
#2670 = CARTESIAN_POINT('',(95.587007,-63.457044,1.51));
#2671 = DIRECTION('',(0.,0.,1.));
#2672 = DIRECTION('',(1.,0.,-0.));
#2673 = ORIENTED_EDGE('',*,*,#2657,.F.);
#2674 = ORIENTED_EDGE('',*,*,#2675,.F.);
#2675 = EDGE_CURVE('',#2658,#2658,#2676,.T.);
#2676 = CIRCLE('',#2677,2.);
#2677 = AXIS2_PLACEMENT_3D('',#2678,#2679,#2680);
#2678 = CARTESIAN_POINT('',(95.587007,-63.457044,0.));
#2679 = DIRECTION('',(0.,0.,1.));
#2680 = DIRECTION('',(1.,0.,-0.));
#2681 = CYLINDRICAL_SURFACE('',#2682,2.);
#2682 = AXIS2_PLACEMENT_3D('',#2683,#2684,#2685);
#2683 = CARTESIAN_POINT('',(95.587007,-63.457044,0.));
#2684 = DIRECTION('',(-0.,-0.,-1.));
#2685 = DIRECTION('',(1.,0.,-0.));
#2686 = ADVANCED_FACE('',(#2687),#2714,.F.);
#2687 = FACE_BOUND('',#2688,.T.);
#2688 = EDGE_LOOP('',(#2689,#2699,#2706,#2707));
#2689 = ORIENTED_EDGE('',*,*,#2690,.T.);
#2690 = EDGE_CURVE('',#2691,#2693,#2695,.T.);
#2691 = VERTEX_POINT('',#2692);
#2692 = CARTESIAN_POINT('',(41.063236,-60.064151,0.));
#2693 = VERTEX_POINT('',#2694);
#2694 = CARTESIAN_POINT('',(41.063236,-60.064151,1.51));
#2695 = LINE('',#2696,#2697);
#2696 = CARTESIAN_POINT('',(41.063236,-60.064151,0.));
#2697 = VECTOR('',#2698,1.);
#2698 = DIRECTION('',(0.,0.,1.));
#2699 = ORIENTED_EDGE('',*,*,#2700,.T.);
#2700 = EDGE_CURVE('',#2693,#2693,#2701,.T.);
#2701 = CIRCLE('',#2702,2.);
#2702 = AXIS2_PLACEMENT_3D('',#2703,#2704,#2705);
#2703 = CARTESIAN_POINT('',(39.063236,-60.064151,1.51));
#2704 = DIRECTION('',(0.,0.,1.));
#2705 = DIRECTION('',(1.,0.,-0.));
#2706 = ORIENTED_EDGE('',*,*,#2690,.F.);
#2707 = ORIENTED_EDGE('',*,*,#2708,.F.);
#2708 = EDGE_CURVE('',#2691,#2691,#2709,.T.);
#2709 = CIRCLE('',#2710,2.);
#2710 = AXIS2_PLACEMENT_3D('',#2711,#2712,#2713);
#2711 = CARTESIAN_POINT('',(39.063236,-60.064151,0.));
#2712 = DIRECTION('',(0.,0.,1.));
#2713 = DIRECTION('',(1.,0.,-0.));
#2714 = CYLINDRICAL_SURFACE('',#2715,2.);
#2715 = AXIS2_PLACEMENT_3D('',#2716,#2717,#2718);
#2716 = CARTESIAN_POINT('',(39.063236,-60.064151,0.));
#2717 = DIRECTION('',(-0.,-0.,-1.));
#2718 = DIRECTION('',(1.,0.,-0.));
#2719 = ADVANCED_FACE('',(#2720),#2754,.T.);
#2720 = FACE_BOUND('',#2721,.T.);
#2721 = EDGE_LOOP('',(#2722,#2732,#2740,#2748));
#2722 = ORIENTED_EDGE('',*,*,#2723,.T.);
#2723 = EDGE_CURVE('',#2724,#2726,#2728,.T.);
#2724 = VERTEX_POINT('',#2725);
#2725 = CARTESIAN_POINT('',(98.031986,-60.398651,0.));
#2726 = VERTEX_POINT('',#2727);
#2727 = CARTESIAN_POINT('',(98.031986,-60.398651,1.51));
#2728 = LINE('',#2729,#2730);
#2729 = CARTESIAN_POINT('',(98.031986,-60.398651,0.));
#2730 = VECTOR('',#2731,1.);
#2731 = DIRECTION('',(0.,0.,1.));
#2732 = ORIENTED_EDGE('',*,*,#2733,.T.);
#2733 = EDGE_CURVE('',#2726,#2734,#2736,.T.);
#2734 = VERTEX_POINT('',#2735);
#2735 = CARTESIAN_POINT('',(112.031986,-60.398651,1.51));
#2736 = LINE('',#2737,#2738);
#2737 = CARTESIAN_POINT('',(98.031986,-60.398651,1.51));
#2738 = VECTOR('',#2739,1.);
#2739 = DIRECTION('',(1.,0.,0.));
#2740 = ORIENTED_EDGE('',*,*,#2741,.F.);
#2741 = EDGE_CURVE('',#2742,#2734,#2744,.T.);
#2742 = VERTEX_POINT('',#2743);
#2743 = CARTESIAN_POINT('',(112.031986,-60.398651,0.));
#2744 = LINE('',#2745,#2746);
#2745 = CARTESIAN_POINT('',(112.031986,-60.398651,0.));
#2746 = VECTOR('',#2747,1.);
#2747 = DIRECTION('',(0.,0.,1.));
#2748 = ORIENTED_EDGE('',*,*,#2749,.F.);
#2749 = EDGE_CURVE('',#2724,#2742,#2750,.T.);
#2750 = LINE('',#2751,#2752);
#2751 = CARTESIAN_POINT('',(98.031986,-60.398651,0.));
#2752 = VECTOR('',#2753,1.);
#2753 = DIRECTION('',(1.,0.,0.));
#2754 = PLANE('',#2755);
#2755 = AXIS2_PLACEMENT_3D('',#2756,#2757,#2758);
#2756 = CARTESIAN_POINT('',(98.031986,-60.398651,0.));
#2757 = DIRECTION('',(0.,1.,0.));
#2758 = DIRECTION('',(1.,0.,0.));
#2759 = ADVANCED_FACE('',(#2760),#2785,.T.);
#2760 = FACE_BOUND('',#2761,.T.);
#2761 = EDGE_LOOP('',(#2762,#2763,#2771,#2779));
#2762 = ORIENTED_EDGE('',*,*,#2741,.T.);
#2763 = ORIENTED_EDGE('',*,*,#2764,.T.);
#2764 = EDGE_CURVE('',#2734,#2765,#2767,.T.);
#2765 = VERTEX_POINT('',#2766);
#2766 = CARTESIAN_POINT('',(112.031986,-46.398651,1.51));
#2767 = LINE('',#2768,#2769);
#2768 = CARTESIAN_POINT('',(112.031986,-60.398651,1.51));
#2769 = VECTOR('',#2770,1.);
#2770 = DIRECTION('',(0.,1.,0.));
#2771 = ORIENTED_EDGE('',*,*,#2772,.F.);
#2772 = EDGE_CURVE('',#2773,#2765,#2775,.T.);
#2773 = VERTEX_POINT('',#2774);
#2774 = CARTESIAN_POINT('',(112.031986,-46.398651,0.));
#2775 = LINE('',#2776,#2777);
#2776 = CARTESIAN_POINT('',(112.031986,-46.398651,0.));
#2777 = VECTOR('',#2778,1.);
#2778 = DIRECTION('',(0.,0.,1.));
#2779 = ORIENTED_EDGE('',*,*,#2780,.F.);
#2780 = EDGE_CURVE('',#2742,#2773,#2781,.T.);
#2781 = LINE('',#2782,#2783);
#2782 = CARTESIAN_POINT('',(112.031986,-60.398651,0.));
#2783 = VECTOR('',#2784,1.);
#2784 = DIRECTION('',(0.,1.,0.));
#2785 = PLANE('',#2786);
#2786 = AXIS2_PLACEMENT_3D('',#2787,#2788,#2789);
#2787 = CARTESIAN_POINT('',(112.031986,-60.398651,0.));
#2788 = DIRECTION('',(-1.,0.,0.));
#2789 = DIRECTION('',(0.,1.,0.));
#2790 = ADVANCED_FACE('',(#2791),#2816,.T.);
#2791 = FACE_BOUND('',#2792,.T.);
#2792 = EDGE_LOOP('',(#2793,#2794,#2802,#2810));
#2793 = ORIENTED_EDGE('',*,*,#2772,.T.);
#2794 = ORIENTED_EDGE('',*,*,#2795,.T.);
#2795 = EDGE_CURVE('',#2765,#2796,#2798,.T.);
#2796 = VERTEX_POINT('',#2797);
#2797 = CARTESIAN_POINT('',(98.031986,-46.398651,1.51));
#2798 = LINE('',#2799,#2800);
#2799 = CARTESIAN_POINT('',(112.031986,-46.398651,1.51));
#2800 = VECTOR('',#2801,1.);
#2801 = DIRECTION('',(-1.,0.,0.));
#2802 = ORIENTED_EDGE('',*,*,#2803,.F.);
#2803 = EDGE_CURVE('',#2804,#2796,#2806,.T.);
#2804 = VERTEX_POINT('',#2805);
#2805 = CARTESIAN_POINT('',(98.031986,-46.398651,0.));
#2806 = LINE('',#2807,#2808);
#2807 = CARTESIAN_POINT('',(98.031986,-46.398651,0.));
#2808 = VECTOR('',#2809,1.);
#2809 = DIRECTION('',(0.,0.,1.));
#2810 = ORIENTED_EDGE('',*,*,#2811,.F.);
#2811 = EDGE_CURVE('',#2773,#2804,#2812,.T.);
#2812 = LINE('',#2813,#2814);
#2813 = CARTESIAN_POINT('',(112.031986,-46.398651,0.));
#2814 = VECTOR('',#2815,1.);
#2815 = DIRECTION('',(-1.,0.,0.));
#2816 = PLANE('',#2817);
#2817 = AXIS2_PLACEMENT_3D('',#2818,#2819,#2820);
#2818 = CARTESIAN_POINT('',(112.031986,-46.398651,0.));
#2819 = DIRECTION('',(0.,-1.,0.));
#2820 = DIRECTION('',(-1.,0.,0.));
#2821 = ADVANCED_FACE('',(#2822),#2838,.T.);
#2822 = FACE_BOUND('',#2823,.T.);
#2823 = EDGE_LOOP('',(#2824,#2825,#2831,#2832));
#2824 = ORIENTED_EDGE('',*,*,#2803,.T.);
#2825 = ORIENTED_EDGE('',*,*,#2826,.T.);
#2826 = EDGE_CURVE('',#2796,#2726,#2827,.T.);
#2827 = LINE('',#2828,#2829);
#2828 = CARTESIAN_POINT('',(98.031986,-46.398651,1.51));
#2829 = VECTOR('',#2830,1.);
#2830 = DIRECTION('',(0.,-1.,0.));
#2831 = ORIENTED_EDGE('',*,*,#2723,.F.);
#2832 = ORIENTED_EDGE('',*,*,#2833,.F.);
#2833 = EDGE_CURVE('',#2804,#2724,#2834,.T.);
#2834 = LINE('',#2835,#2836);
#2835 = CARTESIAN_POINT('',(98.031986,-46.398651,0.));
#2836 = VECTOR('',#2837,1.);
#2837 = DIRECTION('',(0.,-1.,0.));
#2838 = PLANE('',#2839);
#2839 = AXIS2_PLACEMENT_3D('',#2840,#2841,#2842);
#2840 = CARTESIAN_POINT('',(98.031986,-46.398651,0.));
#2841 = DIRECTION('',(1.,0.,-0.));
#2842 = DIRECTION('',(0.,-1.,0.));
#2843 = ADVANCED_FACE('',(#2844),#2878,.T.);
#2844 = FACE_BOUND('',#2845,.T.);
#2845 = EDGE_LOOP('',(#2846,#2856,#2864,#2872));
#2846 = ORIENTED_EDGE('',*,*,#2847,.T.);
#2847 = EDGE_CURVE('',#2848,#2850,#2852,.T.);
#2848 = VERTEX_POINT('',#2849);
#2849 = CARTESIAN_POINT('',(41.031986,-57.541151,0.));
#2850 = VERTEX_POINT('',#2851);
#2851 = CARTESIAN_POINT('',(41.031986,-57.541151,1.51));
#2852 = LINE('',#2853,#2854);
#2853 = CARTESIAN_POINT('',(41.031986,-57.541151,0.));
#2854 = VECTOR('',#2855,1.);
#2855 = DIRECTION('',(0.,0.,1.));
#2856 = ORIENTED_EDGE('',*,*,#2857,.T.);
#2857 = EDGE_CURVE('',#2850,#2858,#2860,.T.);
#2858 = VERTEX_POINT('',#2859);
#2859 = CARTESIAN_POINT('',(55.031986,-57.541151,1.51));
#2860 = LINE('',#2861,#2862);
#2861 = CARTESIAN_POINT('',(41.031986,-57.541151,1.51));
#2862 = VECTOR('',#2863,1.);
#2863 = DIRECTION('',(1.,0.,0.));
#2864 = ORIENTED_EDGE('',*,*,#2865,.F.);
#2865 = EDGE_CURVE('',#2866,#2858,#2868,.T.);
#2866 = VERTEX_POINT('',#2867);
#2867 = CARTESIAN_POINT('',(55.031986,-57.541151,0.));
#2868 = LINE('',#2869,#2870);
#2869 = CARTESIAN_POINT('',(55.031986,-57.541151,0.));
#2870 = VECTOR('',#2871,1.);
#2871 = DIRECTION('',(0.,0.,1.));
#2872 = ORIENTED_EDGE('',*,*,#2873,.F.);
#2873 = EDGE_CURVE('',#2848,#2866,#2874,.T.);
#2874 = LINE('',#2875,#2876);
#2875 = CARTESIAN_POINT('',(41.031986,-57.541151,0.));
#2876 = VECTOR('',#2877,1.);
#2877 = DIRECTION('',(1.,0.,0.));
#2878 = PLANE('',#2879);
#2879 = AXIS2_PLACEMENT_3D('',#2880,#2881,#2882);
#2880 = CARTESIAN_POINT('',(41.031986,-57.541151,0.));
#2881 = DIRECTION('',(0.,1.,0.));
#2882 = DIRECTION('',(1.,0.,0.));
#2883 = ADVANCED_FACE('',(#2884),#2909,.T.);
#2884 = FACE_BOUND('',#2885,.T.);
#2885 = EDGE_LOOP('',(#2886,#2887,#2895,#2903));
#2886 = ORIENTED_EDGE('',*,*,#2865,.T.);
#2887 = ORIENTED_EDGE('',*,*,#2888,.T.);
#2888 = EDGE_CURVE('',#2858,#2889,#2891,.T.);
#2889 = VERTEX_POINT('',#2890);
#2890 = CARTESIAN_POINT('',(55.031986,-43.541151,1.51));
#2891 = LINE('',#2892,#2893);
#2892 = CARTESIAN_POINT('',(55.031986,-57.541151,1.51));
#2893 = VECTOR('',#2894,1.);
#2894 = DIRECTION('',(0.,1.,0.));
#2895 = ORIENTED_EDGE('',*,*,#2896,.F.);
#2896 = EDGE_CURVE('',#2897,#2889,#2899,.T.);
#2897 = VERTEX_POINT('',#2898);
#2898 = CARTESIAN_POINT('',(55.031986,-43.541151,0.));
#2899 = LINE('',#2900,#2901);
#2900 = CARTESIAN_POINT('',(55.031986,-43.541151,0.));
#2901 = VECTOR('',#2902,1.);
#2902 = DIRECTION('',(0.,0.,1.));
#2903 = ORIENTED_EDGE('',*,*,#2904,.F.);
#2904 = EDGE_CURVE('',#2866,#2897,#2905,.T.);
#2905 = LINE('',#2906,#2907);
#2906 = CARTESIAN_POINT('',(55.031986,-57.541151,0.));
#2907 = VECTOR('',#2908,1.);
#2908 = DIRECTION('',(0.,1.,0.));
#2909 = PLANE('',#2910);
#2910 = AXIS2_PLACEMENT_3D('',#2911,#2912,#2913);
#2911 = CARTESIAN_POINT('',(55.031986,-57.541151,0.));
#2912 = DIRECTION('',(-1.,0.,0.));
#2913 = DIRECTION('',(0.,1.,0.));
#2914 = ADVANCED_FACE('',(#2915),#2940,.T.);
#2915 = FACE_BOUND('',#2916,.T.);
#2916 = EDGE_LOOP('',(#2917,#2918,#2926,#2934));
#2917 = ORIENTED_EDGE('',*,*,#2896,.T.);
#2918 = ORIENTED_EDGE('',*,*,#2919,.T.);
#2919 = EDGE_CURVE('',#2889,#2920,#2922,.T.);
#2920 = VERTEX_POINT('',#2921);
#2921 = CARTESIAN_POINT('',(41.031986,-43.541151,1.51));
#2922 = LINE('',#2923,#2924);
#2923 = CARTESIAN_POINT('',(55.031986,-43.541151,1.51));
#2924 = VECTOR('',#2925,1.);
#2925 = DIRECTION('',(-1.,0.,0.));
#2926 = ORIENTED_EDGE('',*,*,#2927,.F.);
#2927 = EDGE_CURVE('',#2928,#2920,#2930,.T.);
#2928 = VERTEX_POINT('',#2929);
#2929 = CARTESIAN_POINT('',(41.031986,-43.541151,0.));
#2930 = LINE('',#2931,#2932);
#2931 = CARTESIAN_POINT('',(41.031986,-43.541151,0.));
#2932 = VECTOR('',#2933,1.);
#2933 = DIRECTION('',(0.,0.,1.));
#2934 = ORIENTED_EDGE('',*,*,#2935,.F.);
#2935 = EDGE_CURVE('',#2897,#2928,#2936,.T.);
#2936 = LINE('',#2937,#2938);
#2937 = CARTESIAN_POINT('',(55.031986,-43.541151,0.));
#2938 = VECTOR('',#2939,1.);
#2939 = DIRECTION('',(-1.,0.,0.));
#2940 = PLANE('',#2941);
#2941 = AXIS2_PLACEMENT_3D('',#2942,#2943,#2944);
#2942 = CARTESIAN_POINT('',(55.031986,-43.541151,0.));
#2943 = DIRECTION('',(0.,-1.,0.));
#2944 = DIRECTION('',(-1.,0.,0.));
#2945 = ADVANCED_FACE('',(#2946),#2962,.T.);
#2946 = FACE_BOUND('',#2947,.T.);
#2947 = EDGE_LOOP('',(#2948,#2949,#2955,#2956));
#2948 = ORIENTED_EDGE('',*,*,#2927,.T.);
#2949 = ORIENTED_EDGE('',*,*,#2950,.T.);
#2950 = EDGE_CURVE('',#2920,#2850,#2951,.T.);
#2951 = LINE('',#2952,#2953);
#2952 = CARTESIAN_POINT('',(41.031986,-43.541151,1.51));
#2953 = VECTOR('',#2954,1.);
#2954 = DIRECTION('',(0.,-1.,0.));
#2955 = ORIENTED_EDGE('',*,*,#2847,.F.);
#2956 = ORIENTED_EDGE('',*,*,#2957,.F.);
#2957 = EDGE_CURVE('',#2928,#2848,#2958,.T.);
#2958 = LINE('',#2959,#2960);
#2959 = CARTESIAN_POINT('',(41.031986,-43.541151,0.));
#2960 = VECTOR('',#2961,1.);
#2961 = DIRECTION('',(0.,-1.,0.));
#2962 = PLANE('',#2963);
#2963 = AXIS2_PLACEMENT_3D('',#2964,#2965,#2966);
#2964 = CARTESIAN_POINT('',(41.031986,-43.541151,0.));
#2965 = DIRECTION('',(1.,0.,-0.));
#2966 = DIRECTION('',(0.,-1.,0.));
#2967 = ADVANCED_FACE('',(#2968),#3002,.T.);
#2968 = FACE_BOUND('',#2969,.T.);
#2969 = EDGE_LOOP('',(#2970,#2980,#2988,#2996));
#2970 = ORIENTED_EDGE('',*,*,#2971,.T.);
#2971 = EDGE_CURVE('',#2972,#2974,#2976,.T.);
#2972 = VERTEX_POINT('',#2973);
#2973 = CARTESIAN_POINT('',(79.031986,-57.541151,0.));
#2974 = VERTEX_POINT('',#2975);
#2975 = CARTESIAN_POINT('',(79.031986,-57.541151,1.51));
#2976 = LINE('',#2977,#2978);
#2977 = CARTESIAN_POINT('',(79.031986,-57.541151,0.));
#2978 = VECTOR('',#2979,1.);
#2979 = DIRECTION('',(0.,0.,1.));
#2980 = ORIENTED_EDGE('',*,*,#2981,.T.);
#2981 = EDGE_CURVE('',#2974,#2982,#2984,.T.);
#2982 = VERTEX_POINT('',#2983);
#2983 = CARTESIAN_POINT('',(93.031986,-57.541151,1.51));
#2984 = LINE('',#2985,#2986);
#2985 = CARTESIAN_POINT('',(79.031986,-57.541151,1.51));
#2986 = VECTOR('',#2987,1.);
#2987 = DIRECTION('',(1.,0.,0.));
#2988 = ORIENTED_EDGE('',*,*,#2989,.F.);
#2989 = EDGE_CURVE('',#2990,#2982,#2992,.T.);
#2990 = VERTEX_POINT('',#2991);
#2991 = CARTESIAN_POINT('',(93.031986,-57.541151,0.));
#2992 = LINE('',#2993,#2994);
#2993 = CARTESIAN_POINT('',(93.031986,-57.541151,0.));
#2994 = VECTOR('',#2995,1.);
#2995 = DIRECTION('',(0.,0.,1.));
#2996 = ORIENTED_EDGE('',*,*,#2997,.F.);
#2997 = EDGE_CURVE('',#2972,#2990,#2998,.T.);
#2998 = LINE('',#2999,#3000);
#2999 = CARTESIAN_POINT('',(79.031986,-57.541151,0.));
#3000 = VECTOR('',#3001,1.);
#3001 = DIRECTION('',(1.,0.,0.));
#3002 = PLANE('',#3003);
#3003 = AXIS2_PLACEMENT_3D('',#3004,#3005,#3006);
#3004 = CARTESIAN_POINT('',(79.031986,-57.541151,0.));
#3005 = DIRECTION('',(0.,1.,0.));
#3006 = DIRECTION('',(1.,0.,0.));
#3007 = ADVANCED_FACE('',(#3008),#3033,.T.);
#3008 = FACE_BOUND('',#3009,.T.);
#3009 = EDGE_LOOP('',(#3010,#3011,#3019,#3027));
#3010 = ORIENTED_EDGE('',*,*,#2989,.T.);
#3011 = ORIENTED_EDGE('',*,*,#3012,.T.);
#3012 = EDGE_CURVE('',#2982,#3013,#3015,.T.);
#3013 = VERTEX_POINT('',#3014);
#3014 = CARTESIAN_POINT('',(93.031986,-43.541151,1.51));
#3015 = LINE('',#3016,#3017);
#3016 = CARTESIAN_POINT('',(93.031986,-57.541151,1.51));
#3017 = VECTOR('',#3018,1.);
#3018 = DIRECTION('',(0.,1.,0.));
#3019 = ORIENTED_EDGE('',*,*,#3020,.F.);
#3020 = EDGE_CURVE('',#3021,#3013,#3023,.T.);
#3021 = VERTEX_POINT('',#3022);
#3022 = CARTESIAN_POINT('',(93.031986,-43.541151,0.));
#3023 = LINE('',#3024,#3025);
#3024 = CARTESIAN_POINT('',(93.031986,-43.541151,0.));
#3025 = VECTOR('',#3026,1.);
#3026 = DIRECTION('',(0.,0.,1.));
#3027 = ORIENTED_EDGE('',*,*,#3028,.F.);
#3028 = EDGE_CURVE('',#2990,#3021,#3029,.T.);
#3029 = LINE('',#3030,#3031);
#3030 = CARTESIAN_POINT('',(93.031986,-57.541151,0.));
#3031 = VECTOR('',#3032,1.);
#3032 = DIRECTION('',(0.,1.,0.));
#3033 = PLANE('',#3034);
#3034 = AXIS2_PLACEMENT_3D('',#3035,#3036,#3037);
#3035 = CARTESIAN_POINT('',(93.031986,-57.541151,0.));
#3036 = DIRECTION('',(-1.,0.,0.));
#3037 = DIRECTION('',(0.,1.,0.));
#3038 = ADVANCED_FACE('',(#3039),#3064,.T.);
#3039 = FACE_BOUND('',#3040,.T.);
#3040 = EDGE_LOOP('',(#3041,#3042,#3050,#3058));
#3041 = ORIENTED_EDGE('',*,*,#3020,.T.);
#3042 = ORIENTED_EDGE('',*,*,#3043,.T.);
#3043 = EDGE_CURVE('',#3013,#3044,#3046,.T.);
#3044 = VERTEX_POINT('',#3045);
#3045 = CARTESIAN_POINT('',(79.031986,-43.541151,1.51));
#3046 = LINE('',#3047,#3048);
#3047 = CARTESIAN_POINT('',(93.031986,-43.541151,1.51));
#3048 = VECTOR('',#3049,1.);
#3049 = DIRECTION('',(-1.,0.,0.));
#3050 = ORIENTED_EDGE('',*,*,#3051,.F.);
#3051 = EDGE_CURVE('',#3052,#3044,#3054,.T.);
#3052 = VERTEX_POINT('',#3053);
#3053 = CARTESIAN_POINT('',(79.031986,-43.541151,0.));
#3054 = LINE('',#3055,#3056);
#3055 = CARTESIAN_POINT('',(79.031986,-43.541151,0.));
#3056 = VECTOR('',#3057,1.);
#3057 = DIRECTION('',(0.,0.,1.));
#3058 = ORIENTED_EDGE('',*,*,#3059,.F.);
#3059 = EDGE_CURVE('',#3021,#3052,#3060,.T.);
#3060 = LINE('',#3061,#3062);
#3061 = CARTESIAN_POINT('',(93.031986,-43.541151,0.));
#3062 = VECTOR('',#3063,1.);
#3063 = DIRECTION('',(-1.,0.,0.));
#3064 = PLANE('',#3065);
#3065 = AXIS2_PLACEMENT_3D('',#3066,#3067,#3068);
#3066 = CARTESIAN_POINT('',(93.031986,-43.541151,0.));
#3067 = DIRECTION('',(0.,-1.,0.));
#3068 = DIRECTION('',(-1.,0.,0.));
#3069 = ADVANCED_FACE('',(#3070),#3086,.T.);
#3070 = FACE_BOUND('',#3071,.T.);
#3071 = EDGE_LOOP('',(#3072,#3073,#3079,#3080));
#3072 = ORIENTED_EDGE('',*,*,#3051,.T.);
#3073 = ORIENTED_EDGE('',*,*,#3074,.T.);
#3074 = EDGE_CURVE('',#3044,#2974,#3075,.T.);
#3075 = LINE('',#3076,#3077);
#3076 = CARTESIAN_POINT('',(79.031986,-43.541151,1.51));
#3077 = VECTOR('',#3078,1.);
#3078 = DIRECTION('',(0.,-1.,0.));
#3079 = ORIENTED_EDGE('',*,*,#2971,.F.);
#3080 = ORIENTED_EDGE('',*,*,#3081,.F.);
#3081 = EDGE_CURVE('',#3052,#2972,#3082,.T.);
#3082 = LINE('',#3083,#3084);
#3083 = CARTESIAN_POINT('',(79.031986,-43.541151,0.));
#3084 = VECTOR('',#3085,1.);
#3085 = DIRECTION('',(0.,-1.,0.));
#3086 = PLANE('',#3087);
#3087 = AXIS2_PLACEMENT_3D('',#3088,#3089,#3090);
#3088 = CARTESIAN_POINT('',(79.031986,-43.541151,0.));
#3089 = DIRECTION('',(1.,0.,-0.));
#3090 = DIRECTION('',(0.,-1.,0.));
#3091 = ADVANCED_FACE('',(#3092),#3126,.T.);
#3092 = FACE_BOUND('',#3093,.T.);
#3093 = EDGE_LOOP('',(#3094,#3104,#3112,#3120));
#3094 = ORIENTED_EDGE('',*,*,#3095,.T.);
#3095 = EDGE_CURVE('',#3096,#3098,#3100,.T.);
#3096 = VERTEX_POINT('',#3097);
#3097 = CARTESIAN_POINT('',(60.031986,-52.778651,0.));
#3098 = VERTEX_POINT('',#3099);
#3099 = CARTESIAN_POINT('',(60.031986,-52.778651,1.51));
#3100 = LINE('',#3101,#3102);
#3101 = CARTESIAN_POINT('',(60.031986,-52.778651,0.));
#3102 = VECTOR('',#3103,1.);
#3103 = DIRECTION('',(0.,0.,1.));
#3104 = ORIENTED_EDGE('',*,*,#3105,.T.);
#3105 = EDGE_CURVE('',#3098,#3106,#3108,.T.);
#3106 = VERTEX_POINT('',#3107);
#3107 = CARTESIAN_POINT('',(74.031986,-52.778651,1.51));
#3108 = LINE('',#3109,#3110);
#3109 = CARTESIAN_POINT('',(60.031986,-52.778651,1.51));
#3110 = VECTOR('',#3111,1.);
#3111 = DIRECTION('',(1.,0.,0.));
#3112 = ORIENTED_EDGE('',*,*,#3113,.F.);
#3113 = EDGE_CURVE('',#3114,#3106,#3116,.T.);
#3114 = VERTEX_POINT('',#3115);
#3115 = CARTESIAN_POINT('',(74.031986,-52.778651,0.));
#3116 = LINE('',#3117,#3118);
#3117 = CARTESIAN_POINT('',(74.031986,-52.778651,0.));
#3118 = VECTOR('',#3119,1.);
#3119 = DIRECTION('',(0.,0.,1.));
#3120 = ORIENTED_EDGE('',*,*,#3121,.F.);
#3121 = EDGE_CURVE('',#3096,#3114,#3122,.T.);
#3122 = LINE('',#3123,#3124);
#3123 = CARTESIAN_POINT('',(60.031986,-52.778651,0.));
#3124 = VECTOR('',#3125,1.);
#3125 = DIRECTION('',(1.,0.,0.));
#3126 = PLANE('',#3127);
#3127 = AXIS2_PLACEMENT_3D('',#3128,#3129,#3130);
#3128 = CARTESIAN_POINT('',(60.031986,-52.778651,0.));
#3129 = DIRECTION('',(0.,1.,0.));
#3130 = DIRECTION('',(1.,0.,0.));
#3131 = ADVANCED_FACE('',(#3132),#3157,.T.);
#3132 = FACE_BOUND('',#3133,.T.);
#3133 = EDGE_LOOP('',(#3134,#3135,#3143,#3151));
#3134 = ORIENTED_EDGE('',*,*,#3113,.T.);
#3135 = ORIENTED_EDGE('',*,*,#3136,.T.);
#3136 = EDGE_CURVE('',#3106,#3137,#3139,.T.);
#3137 = VERTEX_POINT('',#3138);
#3138 = CARTESIAN_POINT('',(74.031986,-38.778651,1.51));
#3139 = LINE('',#3140,#3141);
#3140 = CARTESIAN_POINT('',(74.031986,-52.778651,1.51));
#3141 = VECTOR('',#3142,1.);
#3142 = DIRECTION('',(0.,1.,0.));
#3143 = ORIENTED_EDGE('',*,*,#3144,.F.);
#3144 = EDGE_CURVE('',#3145,#3137,#3147,.T.);
#3145 = VERTEX_POINT('',#3146);
#3146 = CARTESIAN_POINT('',(74.031986,-38.778651,0.));
#3147 = LINE('',#3148,#3149);
#3148 = CARTESIAN_POINT('',(74.031986,-38.778651,0.));
#3149 = VECTOR('',#3150,1.);
#3150 = DIRECTION('',(0.,0.,1.));
#3151 = ORIENTED_EDGE('',*,*,#3152,.F.);
#3152 = EDGE_CURVE('',#3114,#3145,#3153,.T.);
#3153 = LINE('',#3154,#3155);
#3154 = CARTESIAN_POINT('',(74.031986,-52.778651,0.));
#3155 = VECTOR('',#3156,1.);
#3156 = DIRECTION('',(0.,1.,0.));
#3157 = PLANE('',#3158);
#3158 = AXIS2_PLACEMENT_3D('',#3159,#3160,#3161);
#3159 = CARTESIAN_POINT('',(74.031986,-52.778651,0.));
#3160 = DIRECTION('',(-1.,0.,0.));
#3161 = DIRECTION('',(0.,1.,0.));
#3162 = ADVANCED_FACE('',(#3163),#3188,.T.);
#3163 = FACE_BOUND('',#3164,.T.);
#3164 = EDGE_LOOP('',(#3165,#3166,#3174,#3182));
#3165 = ORIENTED_EDGE('',*,*,#3144,.T.);
#3166 = ORIENTED_EDGE('',*,*,#3167,.T.);
#3167 = EDGE_CURVE('',#3137,#3168,#3170,.T.);
#3168 = VERTEX_POINT('',#3169);
#3169 = CARTESIAN_POINT('',(60.031986,-38.778651,1.51));
#3170 = LINE('',#3171,#3172);
#3171 = CARTESIAN_POINT('',(74.031986,-38.778651,1.51));
#3172 = VECTOR('',#3173,1.);
#3173 = DIRECTION('',(-1.,0.,0.));
#3174 = ORIENTED_EDGE('',*,*,#3175,.F.);
#3175 = EDGE_CURVE('',#3176,#3168,#3178,.T.);
#3176 = VERTEX_POINT('',#3177);
#3177 = CARTESIAN_POINT('',(60.031986,-38.778651,0.));
#3178 = LINE('',#3179,#3180);
#3179 = CARTESIAN_POINT('',(60.031986,-38.778651,0.));
#3180 = VECTOR('',#3181,1.);
#3181 = DIRECTION('',(0.,0.,1.));
#3182 = ORIENTED_EDGE('',*,*,#3183,.F.);
#3183 = EDGE_CURVE('',#3145,#3176,#3184,.T.);
#3184 = LINE('',#3185,#3186);
#3185 = CARTESIAN_POINT('',(74.031986,-38.778651,0.));
#3186 = VECTOR('',#3187,1.);
#3187 = DIRECTION('',(-1.,0.,0.));
#3188 = PLANE('',#3189);
#3189 = AXIS2_PLACEMENT_3D('',#3190,#3191,#3192);
#3190 = CARTESIAN_POINT('',(74.031986,-38.778651,0.));
#3191 = DIRECTION('',(0.,-1.,0.));
#3192 = DIRECTION('',(-1.,0.,0.));
#3193 = ADVANCED_FACE('',(#3194),#3210,.T.);
#3194 = FACE_BOUND('',#3195,.T.);
#3195 = EDGE_LOOP('',(#3196,#3197,#3203,#3204));
#3196 = ORIENTED_EDGE('',*,*,#3175,.T.);
#3197 = ORIENTED_EDGE('',*,*,#3198,.T.);
#3198 = EDGE_CURVE('',#3168,#3098,#3199,.T.);
#3199 = LINE('',#3200,#3201);
#3200 = CARTESIAN_POINT('',(60.031986,-38.778651,1.51));
#3201 = VECTOR('',#3202,1.);
#3202 = DIRECTION('',(0.,-1.,0.));
#3203 = ORIENTED_EDGE('',*,*,#3095,.F.);
#3204 = ORIENTED_EDGE('',*,*,#3205,.F.);
#3205 = EDGE_CURVE('',#3176,#3096,#3206,.T.);
#3206 = LINE('',#3207,#3208);
#3207 = CARTESIAN_POINT('',(60.031986,-38.778651,0.));
#3208 = VECTOR('',#3209,1.);
#3209 = DIRECTION('',(0.,-1.,0.));
#3210 = PLANE('',#3211);
#3211 = AXIS2_PLACEMENT_3D('',#3212,#3213,#3214);
#3212 = CARTESIAN_POINT('',(60.031986,-38.778651,0.));
#3213 = DIRECTION('',(1.,0.,-0.));
#3214 = DIRECTION('',(0.,-1.,0.));
#3215 = ADVANCED_FACE('',(#3216),#3250,.T.);
#3216 = FACE_BOUND('',#3217,.T.);
#3217 = EDGE_LOOP('',(#3218,#3228,#3236,#3244));
#3218 = ORIENTED_EDGE('',*,*,#3219,.T.);
#3219 = EDGE_CURVE('',#3220,#3222,#3224,.T.);
#3220 = VERTEX_POINT('',#3221);
#3221 = CARTESIAN_POINT('',(22.031986,-51.064151,0.));
#3222 = VERTEX_POINT('',#3223);
#3223 = CARTESIAN_POINT('',(22.031986,-51.064151,1.51));
#3224 = LINE('',#3225,#3226);
#3225 = CARTESIAN_POINT('',(22.031986,-51.064151,0.));
#3226 = VECTOR('',#3227,1.);
#3227 = DIRECTION('',(0.,0.,1.));
#3228 = ORIENTED_EDGE('',*,*,#3229,.T.);
#3229 = EDGE_CURVE('',#3222,#3230,#3232,.T.);
#3230 = VERTEX_POINT('',#3231);
#3231 = CARTESIAN_POINT('',(36.031986,-51.064151,1.51));
#3232 = LINE('',#3233,#3234);
#3233 = CARTESIAN_POINT('',(22.031986,-51.064151,1.51));
#3234 = VECTOR('',#3235,1.);
#3235 = DIRECTION('',(1.,0.,0.));
#3236 = ORIENTED_EDGE('',*,*,#3237,.F.);
#3237 = EDGE_CURVE('',#3238,#3230,#3240,.T.);
#3238 = VERTEX_POINT('',#3239);
#3239 = CARTESIAN_POINT('',(36.031986,-51.064151,0.));
#3240 = LINE('',#3241,#3242);
#3241 = CARTESIAN_POINT('',(36.031986,-51.064151,0.));
#3242 = VECTOR('',#3243,1.);
#3243 = DIRECTION('',(0.,0.,1.));
#3244 = ORIENTED_EDGE('',*,*,#3245,.F.);
#3245 = EDGE_CURVE('',#3220,#3238,#3246,.T.);
#3246 = LINE('',#3247,#3248);
#3247 = CARTESIAN_POINT('',(22.031986,-51.064151,0.));
#3248 = VECTOR('',#3249,1.);
#3249 = DIRECTION('',(1.,0.,0.));
#3250 = PLANE('',#3251);
#3251 = AXIS2_PLACEMENT_3D('',#3252,#3253,#3254);
#3252 = CARTESIAN_POINT('',(22.031986,-51.064151,0.));
#3253 = DIRECTION('',(0.,1.,0.));
#3254 = DIRECTION('',(1.,0.,0.));
#3255 = ADVANCED_FACE('',(#3256),#3281,.T.);
#3256 = FACE_BOUND('',#3257,.T.);
#3257 = EDGE_LOOP('',(#3258,#3259,#3267,#3275));
#3258 = ORIENTED_EDGE('',*,*,#3237,.T.);
#3259 = ORIENTED_EDGE('',*,*,#3260,.T.);
#3260 = EDGE_CURVE('',#3230,#3261,#3263,.T.);
#3261 = VERTEX_POINT('',#3262);
#3262 = CARTESIAN_POINT('',(36.031986,-37.064151,1.51));
#3263 = LINE('',#3264,#3265);
#3264 = CARTESIAN_POINT('',(36.031986,-51.064151,1.51));
#3265 = VECTOR('',#3266,1.);
#3266 = DIRECTION('',(0.,1.,0.));
#3267 = ORIENTED_EDGE('',*,*,#3268,.F.);
#3268 = EDGE_CURVE('',#3269,#3261,#3271,.T.);
#3269 = VERTEX_POINT('',#3270);
#3270 = CARTESIAN_POINT('',(36.031986,-37.064151,0.));
#3271 = LINE('',#3272,#3273);
#3272 = CARTESIAN_POINT('',(36.031986,-37.064151,0.));
#3273 = VECTOR('',#3274,1.);
#3274 = DIRECTION('',(0.,0.,1.));
#3275 = ORIENTED_EDGE('',*,*,#3276,.F.);
#3276 = EDGE_CURVE('',#3238,#3269,#3277,.T.);
#3277 = LINE('',#3278,#3279);
#3278 = CARTESIAN_POINT('',(36.031986,-51.064151,0.));
#3279 = VECTOR('',#3280,1.);
#3280 = DIRECTION('',(0.,1.,0.));
#3281 = PLANE('',#3282);
#3282 = AXIS2_PLACEMENT_3D('',#3283,#3284,#3285);
#3283 = CARTESIAN_POINT('',(36.031986,-51.064151,0.));
#3284 = DIRECTION('',(-1.,0.,0.));
#3285 = DIRECTION('',(0.,1.,0.));
#3286 = ADVANCED_FACE('',(#3287),#3312,.T.);
#3287 = FACE_BOUND('',#3288,.T.);
#3288 = EDGE_LOOP('',(#3289,#3290,#3298,#3306));
#3289 = ORIENTED_EDGE('',*,*,#3268,.T.);
#3290 = ORIENTED_EDGE('',*,*,#3291,.T.);
#3291 = EDGE_CURVE('',#3261,#3292,#3294,.T.);
#3292 = VERTEX_POINT('',#3293);
#3293 = CARTESIAN_POINT('',(22.031986,-37.064151,1.51));
#3294 = LINE('',#3295,#3296);
#3295 = CARTESIAN_POINT('',(36.031986,-37.064151,1.51));
#3296 = VECTOR('',#3297,1.);
#3297 = DIRECTION('',(-1.,0.,0.));
#3298 = ORIENTED_EDGE('',*,*,#3299,.F.);
#3299 = EDGE_CURVE('',#3300,#3292,#3302,.T.);
#3300 = VERTEX_POINT('',#3301);
#3301 = CARTESIAN_POINT('',(22.031986,-37.064151,0.));
#3302 = LINE('',#3303,#3304);
#3303 = CARTESIAN_POINT('',(22.031986,-37.064151,0.));
#3304 = VECTOR('',#3305,1.);
#3305 = DIRECTION('',(0.,0.,1.));
#3306 = ORIENTED_EDGE('',*,*,#3307,.F.);
#3307 = EDGE_CURVE('',#3269,#3300,#3308,.T.);
#3308 = LINE('',#3309,#3310);
#3309 = CARTESIAN_POINT('',(36.031986,-37.064151,0.));
#3310 = VECTOR('',#3311,1.);
#3311 = DIRECTION('',(-1.,0.,0.));
#3312 = PLANE('',#3313);
#3313 = AXIS2_PLACEMENT_3D('',#3314,#3315,#3316);
#3314 = CARTESIAN_POINT('',(36.031986,-37.064151,0.));
#3315 = DIRECTION('',(0.,-1.,0.));
#3316 = DIRECTION('',(-1.,0.,0.));
#3317 = ADVANCED_FACE('',(#3318),#3334,.T.);
#3318 = FACE_BOUND('',#3319,.T.);
#3319 = EDGE_LOOP('',(#3320,#3321,#3327,#3328));
#3320 = ORIENTED_EDGE('',*,*,#3299,.T.);
#3321 = ORIENTED_EDGE('',*,*,#3322,.T.);
#3322 = EDGE_CURVE('',#3292,#3222,#3323,.T.);
#3323 = LINE('',#3324,#3325);
#3324 = CARTESIAN_POINT('',(22.031986,-37.064151,1.51));
#3325 = VECTOR('',#3326,1.);
#3326 = DIRECTION('',(0.,-1.,0.));
#3327 = ORIENTED_EDGE('',*,*,#3219,.F.);
#3328 = ORIENTED_EDGE('',*,*,#3329,.F.);
#3329 = EDGE_CURVE('',#3300,#3220,#3330,.T.);
#3330 = LINE('',#3331,#3332);
#3331 = CARTESIAN_POINT('',(22.031986,-37.064151,0.));
#3332 = VECTOR('',#3333,1.);
#3333 = DIRECTION('',(0.,-1.,0.));
#3334 = PLANE('',#3335);
#3335 = AXIS2_PLACEMENT_3D('',#3336,#3337,#3338);
#3336 = CARTESIAN_POINT('',(22.031986,-37.064151,0.));
#3337 = DIRECTION('',(1.,0.,-0.));
#3338 = DIRECTION('',(0.,-1.,0.));
#3339 = ADVANCED_FACE('',(#3340),#3367,.F.);
#3340 = FACE_BOUND('',#3341,.T.);
#3341 = EDGE_LOOP('',(#3342,#3352,#3359,#3360));
#3342 = ORIENTED_EDGE('',*,*,#3343,.T.);
#3343 = EDGE_CURVE('',#3344,#3346,#3348,.T.);
#3344 = VERTEX_POINT('',#3345);
#3345 = CARTESIAN_POINT('',(97.863236,-43.664151,0.));
#3346 = VERTEX_POINT('',#3347);
#3347 = CARTESIAN_POINT('',(97.863236,-43.664151,1.51));
#3348 = LINE('',#3349,#3350);
#3349 = CARTESIAN_POINT('',(97.863236,-43.664151,0.));
#3350 = VECTOR('',#3351,1.);
#3351 = DIRECTION('',(0.,0.,1.));
#3352 = ORIENTED_EDGE('',*,*,#3353,.T.);
#3353 = EDGE_CURVE('',#3346,#3346,#3354,.T.);
#3354 = CIRCLE('',#3355,2.);
#3355 = AXIS2_PLACEMENT_3D('',#3356,#3357,#3358);
#3356 = CARTESIAN_POINT('',(95.863236,-43.664151,1.51));
#3357 = DIRECTION('',(0.,0.,1.));
#3358 = DIRECTION('',(1.,0.,-0.));
#3359 = ORIENTED_EDGE('',*,*,#3343,.F.);
#3360 = ORIENTED_EDGE('',*,*,#3361,.F.);
#3361 = EDGE_CURVE('',#3344,#3344,#3362,.T.);
#3362 = CIRCLE('',#3363,2.);
#3363 = AXIS2_PLACEMENT_3D('',#3364,#3365,#3366);
#3364 = CARTESIAN_POINT('',(95.863236,-43.664151,0.));
#3365 = DIRECTION('',(0.,0.,1.));
#3366 = DIRECTION('',(1.,0.,-0.));
#3367 = CYLINDRICAL_SURFACE('',#3368,2.);
#3368 = AXIS2_PLACEMENT_3D('',#3369,#3370,#3371);
#3369 = CARTESIAN_POINT('',(95.863236,-43.664151,0.));
#3370 = DIRECTION('',(-0.,-0.,-1.));
#3371 = DIRECTION('',(1.,0.,-0.));
#3372 = ADVANCED_FACE('',(#3373),#3407,.T.);
#3373 = FACE_BOUND('',#3374,.T.);
#3374 = EDGE_LOOP('',(#3375,#3385,#3393,#3401));
#3375 = ORIENTED_EDGE('',*,*,#3376,.T.);
#3376 = EDGE_CURVE('',#3377,#3379,#3381,.T.);
#3377 = VERTEX_POINT('',#3378);
#3378 = CARTESIAN_POINT('',(98.031986,-41.348651,0.));
#3379 = VERTEX_POINT('',#3380);
#3380 = CARTESIAN_POINT('',(98.031986,-41.348651,1.51));
#3381 = LINE('',#3382,#3383);
#3382 = CARTESIAN_POINT('',(98.031986,-41.348651,0.));
#3383 = VECTOR('',#3384,1.);
#3384 = DIRECTION('',(0.,0.,1.));
#3385 = ORIENTED_EDGE('',*,*,#3386,.T.);
#3386 = EDGE_CURVE('',#3379,#3387,#3389,.T.);
#3387 = VERTEX_POINT('',#3388);
#3388 = CARTESIAN_POINT('',(112.031986,-41.348651,1.51));
#3389 = LINE('',#3390,#3391);
#3390 = CARTESIAN_POINT('',(98.031986,-41.348651,1.51));
#3391 = VECTOR('',#3392,1.);
#3392 = DIRECTION('',(1.,0.,0.));
#3393 = ORIENTED_EDGE('',*,*,#3394,.F.);
#3394 = EDGE_CURVE('',#3395,#3387,#3397,.T.);
#3395 = VERTEX_POINT('',#3396);
#3396 = CARTESIAN_POINT('',(112.031986,-41.348651,0.));
#3397 = LINE('',#3398,#3399);
#3398 = CARTESIAN_POINT('',(112.031986,-41.348651,0.));
#3399 = VECTOR('',#3400,1.);
#3400 = DIRECTION('',(0.,0.,1.));
#3401 = ORIENTED_EDGE('',*,*,#3402,.F.);
#3402 = EDGE_CURVE('',#3377,#3395,#3403,.T.);
#3403 = LINE('',#3404,#3405);
#3404 = CARTESIAN_POINT('',(98.031986,-41.348651,0.));
#3405 = VECTOR('',#3406,1.);
#3406 = DIRECTION('',(1.,0.,0.));
#3407 = PLANE('',#3408);
#3408 = AXIS2_PLACEMENT_3D('',#3409,#3410,#3411);
#3409 = CARTESIAN_POINT('',(98.031986,-41.348651,0.));
#3410 = DIRECTION('',(0.,1.,0.));
#3411 = DIRECTION('',(1.,0.,0.));
#3412 = ADVANCED_FACE('',(#3413),#3438,.T.);
#3413 = FACE_BOUND('',#3414,.T.);
#3414 = EDGE_LOOP('',(#3415,#3416,#3424,#3432));
#3415 = ORIENTED_EDGE('',*,*,#3394,.T.);
#3416 = ORIENTED_EDGE('',*,*,#3417,.T.);
#3417 = EDGE_CURVE('',#3387,#3418,#3420,.T.);
#3418 = VERTEX_POINT('',#3419);
#3419 = CARTESIAN_POINT('',(112.031986,-27.348651,1.51));
#3420 = LINE('',#3421,#3422);
#3421 = CARTESIAN_POINT('',(112.031986,-41.348651,1.51));
#3422 = VECTOR('',#3423,1.);
#3423 = DIRECTION('',(0.,1.,0.));
#3424 = ORIENTED_EDGE('',*,*,#3425,.F.);
#3425 = EDGE_CURVE('',#3426,#3418,#3428,.T.);
#3426 = VERTEX_POINT('',#3427);
#3427 = CARTESIAN_POINT('',(112.031986,-27.348651,0.));
#3428 = LINE('',#3429,#3430);
#3429 = CARTESIAN_POINT('',(112.031986,-27.348651,0.));
#3430 = VECTOR('',#3431,1.);
#3431 = DIRECTION('',(0.,0.,1.));
#3432 = ORIENTED_EDGE('',*,*,#3433,.F.);
#3433 = EDGE_CURVE('',#3395,#3426,#3434,.T.);
#3434 = LINE('',#3435,#3436);
#3435 = CARTESIAN_POINT('',(112.031986,-41.348651,0.));
#3436 = VECTOR('',#3437,1.);
#3437 = DIRECTION('',(0.,1.,0.));
#3438 = PLANE('',#3439);
#3439 = AXIS2_PLACEMENT_3D('',#3440,#3441,#3442);
#3440 = CARTESIAN_POINT('',(112.031986,-41.348651,0.));
#3441 = DIRECTION('',(-1.,0.,0.));
#3442 = DIRECTION('',(0.,1.,0.));
#3443 = ADVANCED_FACE('',(#3444),#3469,.T.);
#3444 = FACE_BOUND('',#3445,.T.);
#3445 = EDGE_LOOP('',(#3446,#3447,#3455,#3463));
#3446 = ORIENTED_EDGE('',*,*,#3425,.T.);
#3447 = ORIENTED_EDGE('',*,*,#3448,.T.);
#3448 = EDGE_CURVE('',#3418,#3449,#3451,.T.);
#3449 = VERTEX_POINT('',#3450);
#3450 = CARTESIAN_POINT('',(98.031986,-27.348651,1.51));
#3451 = LINE('',#3452,#3453);
#3452 = CARTESIAN_POINT('',(112.031986,-27.348651,1.51));
#3453 = VECTOR('',#3454,1.);
#3454 = DIRECTION('',(-1.,0.,0.));
#3455 = ORIENTED_EDGE('',*,*,#3456,.F.);
#3456 = EDGE_CURVE('',#3457,#3449,#3459,.T.);
#3457 = VERTEX_POINT('',#3458);
#3458 = CARTESIAN_POINT('',(98.031986,-27.348651,0.));
#3459 = LINE('',#3460,#3461);
#3460 = CARTESIAN_POINT('',(98.031986,-27.348651,0.));
#3461 = VECTOR('',#3462,1.);
#3462 = DIRECTION('',(0.,0.,1.));
#3463 = ORIENTED_EDGE('',*,*,#3464,.F.);
#3464 = EDGE_CURVE('',#3426,#3457,#3465,.T.);
#3465 = LINE('',#3466,#3467);
#3466 = CARTESIAN_POINT('',(112.031986,-27.348651,0.));
#3467 = VECTOR('',#3468,1.);
#3468 = DIRECTION('',(-1.,0.,0.));
#3469 = PLANE('',#3470);
#3470 = AXIS2_PLACEMENT_3D('',#3471,#3472,#3473);
#3471 = CARTESIAN_POINT('',(112.031986,-27.348651,0.));
#3472 = DIRECTION('',(0.,-1.,0.));
#3473 = DIRECTION('',(-1.,0.,0.));
#3474 = ADVANCED_FACE('',(#3475),#3491,.T.);
#3475 = FACE_BOUND('',#3476,.T.);
#3476 = EDGE_LOOP('',(#3477,#3478,#3484,#3485));
#3477 = ORIENTED_EDGE('',*,*,#3456,.T.);
#3478 = ORIENTED_EDGE('',*,*,#3479,.T.);
#3479 = EDGE_CURVE('',#3449,#3379,#3480,.T.);
#3480 = LINE('',#3481,#3482);
#3481 = CARTESIAN_POINT('',(98.031986,-27.348651,1.51));
#3482 = VECTOR('',#3483,1.);
#3483 = DIRECTION('',(0.,-1.,0.));
#3484 = ORIENTED_EDGE('',*,*,#3376,.F.);
#3485 = ORIENTED_EDGE('',*,*,#3486,.F.);
#3486 = EDGE_CURVE('',#3457,#3377,#3487,.T.);
#3487 = LINE('',#3488,#3489);
#3488 = CARTESIAN_POINT('',(98.031986,-27.348651,0.));
#3489 = VECTOR('',#3490,1.);
#3490 = DIRECTION('',(0.,-1.,0.));
#3491 = PLANE('',#3492);
#3492 = AXIS2_PLACEMENT_3D('',#3493,#3494,#3495);
#3493 = CARTESIAN_POINT('',(98.031986,-27.348651,0.));
#3494 = DIRECTION('',(1.,0.,-0.));
#3495 = DIRECTION('',(0.,-1.,0.));
#3496 = ADVANCED_FACE('',(#3497),#3531,.T.);
#3497 = FACE_BOUND('',#3498,.T.);
#3498 = EDGE_LOOP('',(#3499,#3509,#3517,#3525));
#3499 = ORIENTED_EDGE('',*,*,#3500,.T.);
#3500 = EDGE_CURVE('',#3501,#3503,#3505,.T.);
#3501 = VERTEX_POINT('',#3502);
#3502 = CARTESIAN_POINT('',(41.031986,-38.491151,0.));
#3503 = VERTEX_POINT('',#3504);
#3504 = CARTESIAN_POINT('',(41.031986,-38.491151,1.51));
#3505 = LINE('',#3506,#3507);
#3506 = CARTESIAN_POINT('',(41.031986,-38.491151,0.));
#3507 = VECTOR('',#3508,1.);
#3508 = DIRECTION('',(0.,0.,1.));
#3509 = ORIENTED_EDGE('',*,*,#3510,.T.);
#3510 = EDGE_CURVE('',#3503,#3511,#3513,.T.);
#3511 = VERTEX_POINT('',#3512);
#3512 = CARTESIAN_POINT('',(55.031986,-38.491151,1.51));
#3513 = LINE('',#3514,#3515);
#3514 = CARTESIAN_POINT('',(41.031986,-38.491151,1.51));
#3515 = VECTOR('',#3516,1.);
#3516 = DIRECTION('',(1.,0.,0.));
#3517 = ORIENTED_EDGE('',*,*,#3518,.F.);
#3518 = EDGE_CURVE('',#3519,#3511,#3521,.T.);
#3519 = VERTEX_POINT('',#3520);
#3520 = CARTESIAN_POINT('',(55.031986,-38.491151,0.));
#3521 = LINE('',#3522,#3523);
#3522 = CARTESIAN_POINT('',(55.031986,-38.491151,0.));
#3523 = VECTOR('',#3524,1.);
#3524 = DIRECTION('',(0.,0.,1.));
#3525 = ORIENTED_EDGE('',*,*,#3526,.F.);
#3526 = EDGE_CURVE('',#3501,#3519,#3527,.T.);
#3527 = LINE('',#3528,#3529);
#3528 = CARTESIAN_POINT('',(41.031986,-38.491151,0.));
#3529 = VECTOR('',#3530,1.);
#3530 = DIRECTION('',(1.,0.,0.));
#3531 = PLANE('',#3532);
#3532 = AXIS2_PLACEMENT_3D('',#3533,#3534,#3535);
#3533 = CARTESIAN_POINT('',(41.031986,-38.491151,0.));
#3534 = DIRECTION('',(0.,1.,0.));
#3535 = DIRECTION('',(1.,0.,0.));
#3536 = ADVANCED_FACE('',(#3537),#3562,.T.);
#3537 = FACE_BOUND('',#3538,.T.);
#3538 = EDGE_LOOP('',(#3539,#3540,#3548,#3556));
#3539 = ORIENTED_EDGE('',*,*,#3518,.T.);
#3540 = ORIENTED_EDGE('',*,*,#3541,.T.);
#3541 = EDGE_CURVE('',#3511,#3542,#3544,.T.);
#3542 = VERTEX_POINT('',#3543);
#3543 = CARTESIAN_POINT('',(55.031986,-24.491151,1.51));
#3544 = LINE('',#3545,#3546);
#3545 = CARTESIAN_POINT('',(55.031986,-38.491151,1.51));
#3546 = VECTOR('',#3547,1.);
#3547 = DIRECTION('',(0.,1.,0.));
#3548 = ORIENTED_EDGE('',*,*,#3549,.F.);
#3549 = EDGE_CURVE('',#3550,#3542,#3552,.T.);
#3550 = VERTEX_POINT('',#3551);
#3551 = CARTESIAN_POINT('',(55.031986,-24.491151,0.));
#3552 = LINE('',#3553,#3554);
#3553 = CARTESIAN_POINT('',(55.031986,-24.491151,0.));
#3554 = VECTOR('',#3555,1.);
#3555 = DIRECTION('',(0.,0.,1.));
#3556 = ORIENTED_EDGE('',*,*,#3557,.F.);
#3557 = EDGE_CURVE('',#3519,#3550,#3558,.T.);
#3558 = LINE('',#3559,#3560);
#3559 = CARTESIAN_POINT('',(55.031986,-38.491151,0.));
#3560 = VECTOR('',#3561,1.);
#3561 = DIRECTION('',(0.,1.,0.));
#3562 = PLANE('',#3563);
#3563 = AXIS2_PLACEMENT_3D('',#3564,#3565,#3566);
#3564 = CARTESIAN_POINT('',(55.031986,-38.491151,0.));
#3565 = DIRECTION('',(-1.,0.,0.));
#3566 = DIRECTION('',(0.,1.,0.));
#3567 = ADVANCED_FACE('',(#3568),#3593,.T.);
#3568 = FACE_BOUND('',#3569,.T.);
#3569 = EDGE_LOOP('',(#3570,#3571,#3579,#3587));
#3570 = ORIENTED_EDGE('',*,*,#3549,.T.);
#3571 = ORIENTED_EDGE('',*,*,#3572,.T.);
#3572 = EDGE_CURVE('',#3542,#3573,#3575,.T.);
#3573 = VERTEX_POINT('',#3574);
#3574 = CARTESIAN_POINT('',(41.031986,-24.491151,1.51));
#3575 = LINE('',#3576,#3577);
#3576 = CARTESIAN_POINT('',(55.031986,-24.491151,1.51));
#3577 = VECTOR('',#3578,1.);
#3578 = DIRECTION('',(-1.,0.,0.));
#3579 = ORIENTED_EDGE('',*,*,#3580,.F.);
#3580 = EDGE_CURVE('',#3581,#3573,#3583,.T.);
#3581 = VERTEX_POINT('',#3582);
#3582 = CARTESIAN_POINT('',(41.031986,-24.491151,0.));
#3583 = LINE('',#3584,#3585);
#3584 = CARTESIAN_POINT('',(41.031986,-24.491151,0.));
#3585 = VECTOR('',#3586,1.);
#3586 = DIRECTION('',(0.,0.,1.));
#3587 = ORIENTED_EDGE('',*,*,#3588,.F.);
#3588 = EDGE_CURVE('',#3550,#3581,#3589,.T.);
#3589 = LINE('',#3590,#3591);
#3590 = CARTESIAN_POINT('',(55.031986,-24.491151,0.));
#3591 = VECTOR('',#3592,1.);
#3592 = DIRECTION('',(-1.,0.,0.));
#3593 = PLANE('',#3594);
#3594 = AXIS2_PLACEMENT_3D('',#3595,#3596,#3597);
#3595 = CARTESIAN_POINT('',(55.031986,-24.491151,0.));
#3596 = DIRECTION('',(0.,-1.,0.));
#3597 = DIRECTION('',(-1.,0.,0.));
#3598 = ADVANCED_FACE('',(#3599),#3615,.T.);
#3599 = FACE_BOUND('',#3600,.T.);
#3600 = EDGE_LOOP('',(#3601,#3602,#3608,#3609));
#3601 = ORIENTED_EDGE('',*,*,#3580,.T.);
#3602 = ORIENTED_EDGE('',*,*,#3603,.T.);
#3603 = EDGE_CURVE('',#3573,#3503,#3604,.T.);
#3604 = LINE('',#3605,#3606);
#3605 = CARTESIAN_POINT('',(41.031986,-24.491151,1.51));
#3606 = VECTOR('',#3607,1.);
#3607 = DIRECTION('',(0.,-1.,0.));
#3608 = ORIENTED_EDGE('',*,*,#3500,.F.);
#3609 = ORIENTED_EDGE('',*,*,#3610,.F.);
#3610 = EDGE_CURVE('',#3581,#3501,#3611,.T.);
#3611 = LINE('',#3612,#3613);
#3612 = CARTESIAN_POINT('',(41.031986,-24.491151,0.));
#3613 = VECTOR('',#3614,1.);
#3614 = DIRECTION('',(0.,-1.,0.));
#3615 = PLANE('',#3616);
#3616 = AXIS2_PLACEMENT_3D('',#3617,#3618,#3619);
#3617 = CARTESIAN_POINT('',(41.031986,-24.491151,0.));
#3618 = DIRECTION('',(1.,0.,-0.));
#3619 = DIRECTION('',(0.,-1.,0.));
#3620 = ADVANCED_FACE('',(#3621),#3655,.T.);
#3621 = FACE_BOUND('',#3622,.T.);
#3622 = EDGE_LOOP('',(#3623,#3633,#3641,#3649));
#3623 = ORIENTED_EDGE('',*,*,#3624,.T.);
#3624 = EDGE_CURVE('',#3625,#3627,#3629,.T.);
#3625 = VERTEX_POINT('',#3626);
#3626 = CARTESIAN_POINT('',(79.031986,-38.491151,0.));
#3627 = VERTEX_POINT('',#3628);
#3628 = CARTESIAN_POINT('',(79.031986,-38.491151,1.51));
#3629 = LINE('',#3630,#3631);
#3630 = CARTESIAN_POINT('',(79.031986,-38.491151,0.));
#3631 = VECTOR('',#3632,1.);
#3632 = DIRECTION('',(0.,0.,1.));
#3633 = ORIENTED_EDGE('',*,*,#3634,.T.);
#3634 = EDGE_CURVE('',#3627,#3635,#3637,.T.);
#3635 = VERTEX_POINT('',#3636);
#3636 = CARTESIAN_POINT('',(93.031986,-38.491151,1.51));
#3637 = LINE('',#3638,#3639);
#3638 = CARTESIAN_POINT('',(79.031986,-38.491151,1.51));
#3639 = VECTOR('',#3640,1.);
#3640 = DIRECTION('',(1.,0.,0.));
#3641 = ORIENTED_EDGE('',*,*,#3642,.F.);
#3642 = EDGE_CURVE('',#3643,#3635,#3645,.T.);
#3643 = VERTEX_POINT('',#3644);
#3644 = CARTESIAN_POINT('',(93.031986,-38.491151,0.));
#3645 = LINE('',#3646,#3647);
#3646 = CARTESIAN_POINT('',(93.031986,-38.491151,0.));
#3647 = VECTOR('',#3648,1.);
#3648 = DIRECTION('',(0.,0.,1.));
#3649 = ORIENTED_EDGE('',*,*,#3650,.F.);
#3650 = EDGE_CURVE('',#3625,#3643,#3651,.T.);
#3651 = LINE('',#3652,#3653);
#3652 = CARTESIAN_POINT('',(79.031986,-38.491151,0.));
#3653 = VECTOR('',#3654,1.);
#3654 = DIRECTION('',(1.,0.,0.));
#3655 = PLANE('',#3656);
#3656 = AXIS2_PLACEMENT_3D('',#3657,#3658,#3659);
#3657 = CARTESIAN_POINT('',(79.031986,-38.491151,0.));
#3658 = DIRECTION('',(0.,1.,0.));
#3659 = DIRECTION('',(1.,0.,0.));
#3660 = ADVANCED_FACE('',(#3661),#3686,.T.);
#3661 = FACE_BOUND('',#3662,.T.);
#3662 = EDGE_LOOP('',(#3663,#3664,#3672,#3680));
#3663 = ORIENTED_EDGE('',*,*,#3642,.T.);
#3664 = ORIENTED_EDGE('',*,*,#3665,.T.);
#3665 = EDGE_CURVE('',#3635,#3666,#3668,.T.);
#3666 = VERTEX_POINT('',#3667);
#3667 = CARTESIAN_POINT('',(93.031986,-24.491151,1.51));
#3668 = LINE('',#3669,#3670);
#3669 = CARTESIAN_POINT('',(93.031986,-38.491151,1.51));
#3670 = VECTOR('',#3671,1.);
#3671 = DIRECTION('',(0.,1.,0.));
#3672 = ORIENTED_EDGE('',*,*,#3673,.F.);
#3673 = EDGE_CURVE('',#3674,#3666,#3676,.T.);
#3674 = VERTEX_POINT('',#3675);
#3675 = CARTESIAN_POINT('',(93.031986,-24.491151,0.));
#3676 = LINE('',#3677,#3678);
#3677 = CARTESIAN_POINT('',(93.031986,-24.491151,0.));
#3678 = VECTOR('',#3679,1.);
#3679 = DIRECTION('',(0.,0.,1.));
#3680 = ORIENTED_EDGE('',*,*,#3681,.F.);
#3681 = EDGE_CURVE('',#3643,#3674,#3682,.T.);
#3682 = LINE('',#3683,#3684);
#3683 = CARTESIAN_POINT('',(93.031986,-38.491151,0.));
#3684 = VECTOR('',#3685,1.);
#3685 = DIRECTION('',(0.,1.,0.));
#3686 = PLANE('',#3687);
#3687 = AXIS2_PLACEMENT_3D('',#3688,#3689,#3690);
#3688 = CARTESIAN_POINT('',(93.031986,-38.491151,0.));
#3689 = DIRECTION('',(-1.,0.,0.));
#3690 = DIRECTION('',(0.,1.,0.));
#3691 = ADVANCED_FACE('',(#3692),#3717,.T.);
#3692 = FACE_BOUND('',#3693,.T.);
#3693 = EDGE_LOOP('',(#3694,#3695,#3703,#3711));
#3694 = ORIENTED_EDGE('',*,*,#3673,.T.);
#3695 = ORIENTED_EDGE('',*,*,#3696,.T.);
#3696 = EDGE_CURVE('',#3666,#3697,#3699,.T.);
#3697 = VERTEX_POINT('',#3698);
#3698 = CARTESIAN_POINT('',(79.031986,-24.491151,1.51));
#3699 = LINE('',#3700,#3701);
#3700 = CARTESIAN_POINT('',(93.031986,-24.491151,1.51));
#3701 = VECTOR('',#3702,1.);
#3702 = DIRECTION('',(-1.,0.,0.));
#3703 = ORIENTED_EDGE('',*,*,#3704,.F.);
#3704 = EDGE_CURVE('',#3705,#3697,#3707,.T.);
#3705 = VERTEX_POINT('',#3706);
#3706 = CARTESIAN_POINT('',(79.031986,-24.491151,0.));
#3707 = LINE('',#3708,#3709);
#3708 = CARTESIAN_POINT('',(79.031986,-24.491151,0.));
#3709 = VECTOR('',#3710,1.);
#3710 = DIRECTION('',(0.,0.,1.));
#3711 = ORIENTED_EDGE('',*,*,#3712,.F.);
#3712 = EDGE_CURVE('',#3674,#3705,#3713,.T.);
#3713 = LINE('',#3714,#3715);
#3714 = CARTESIAN_POINT('',(93.031986,-24.491151,0.));
#3715 = VECTOR('',#3716,1.);
#3716 = DIRECTION('',(-1.,0.,0.));
#3717 = PLANE('',#3718);
#3718 = AXIS2_PLACEMENT_3D('',#3719,#3720,#3721);
#3719 = CARTESIAN_POINT('',(93.031986,-24.491151,0.));
#3720 = DIRECTION('',(0.,-1.,0.));
#3721 = DIRECTION('',(-1.,0.,0.));
#3722 = ADVANCED_FACE('',(#3723),#3739,.T.);
#3723 = FACE_BOUND('',#3724,.T.);
#3724 = EDGE_LOOP('',(#3725,#3726,#3732,#3733));
#3725 = ORIENTED_EDGE('',*,*,#3704,.T.);
#3726 = ORIENTED_EDGE('',*,*,#3727,.T.);
#3727 = EDGE_CURVE('',#3697,#3627,#3728,.T.);
#3728 = LINE('',#3729,#3730);
#3729 = CARTESIAN_POINT('',(79.031986,-24.491151,1.51));
#3730 = VECTOR('',#3731,1.);
#3731 = DIRECTION('',(0.,-1.,0.));
#3732 = ORIENTED_EDGE('',*,*,#3624,.F.);
#3733 = ORIENTED_EDGE('',*,*,#3734,.F.);
#3734 = EDGE_CURVE('',#3705,#3625,#3735,.T.);
#3735 = LINE('',#3736,#3737);
#3736 = CARTESIAN_POINT('',(79.031986,-24.491151,0.));
#3737 = VECTOR('',#3738,1.);
#3738 = DIRECTION('',(0.,-1.,0.));
#3739 = PLANE('',#3740);
#3740 = AXIS2_PLACEMENT_3D('',#3741,#3742,#3743);
#3741 = CARTESIAN_POINT('',(79.031986,-24.491151,0.));
#3742 = DIRECTION('',(1.,0.,-0.));
#3743 = DIRECTION('',(0.,-1.,0.));
#3744 = ADVANCED_FACE('',(#3745),#3772,.F.);
#3745 = FACE_BOUND('',#3746,.T.);
#3746 = EDGE_LOOP('',(#3747,#3757,#3764,#3765));
#3747 = ORIENTED_EDGE('',*,*,#3748,.T.);
#3748 = EDGE_CURVE('',#3749,#3751,#3753,.T.);
#3749 = VERTEX_POINT('',#3750);
#3750 = CARTESIAN_POINT('',(60.063236,-36.364151,0.));
#3751 = VERTEX_POINT('',#3752);
#3752 = CARTESIAN_POINT('',(60.063236,-36.364151,1.51));
#3753 = LINE('',#3754,#3755);
#3754 = CARTESIAN_POINT('',(60.063236,-36.364151,0.));
#3755 = VECTOR('',#3756,1.);
#3756 = DIRECTION('',(0.,0.,1.));
#3757 = ORIENTED_EDGE('',*,*,#3758,.T.);
#3758 = EDGE_CURVE('',#3751,#3751,#3759,.T.);
#3759 = CIRCLE('',#3760,2.);
#3760 = AXIS2_PLACEMENT_3D('',#3761,#3762,#3763);
#3761 = CARTESIAN_POINT('',(58.063236,-36.364151,1.51));
#3762 = DIRECTION('',(0.,0.,1.));
#3763 = DIRECTION('',(1.,0.,-0.));
#3764 = ORIENTED_EDGE('',*,*,#3748,.F.);
#3765 = ORIENTED_EDGE('',*,*,#3766,.F.);
#3766 = EDGE_CURVE('',#3749,#3749,#3767,.T.);
#3767 = CIRCLE('',#3768,2.);
#3768 = AXIS2_PLACEMENT_3D('',#3769,#3770,#3771);
#3769 = CARTESIAN_POINT('',(58.063236,-36.364151,0.));
#3770 = DIRECTION('',(0.,0.,1.));
#3771 = DIRECTION('',(1.,0.,-0.));
#3772 = CYLINDRICAL_SURFACE('',#3773,2.);
#3773 = AXIS2_PLACEMENT_3D('',#3774,#3775,#3776);
#3774 = CARTESIAN_POINT('',(58.063236,-36.364151,0.));
#3775 = DIRECTION('',(-0.,-0.,-1.));
#3776 = DIRECTION('',(1.,0.,-0.));
#3777 = ADVANCED_FACE('',(#3778),#3812,.T.);
#3778 = FACE_BOUND('',#3779,.T.);
#3779 = EDGE_LOOP('',(#3780,#3790,#3798,#3806));
#3780 = ORIENTED_EDGE('',*,*,#3781,.T.);
#3781 = EDGE_CURVE('',#3782,#3784,#3786,.T.);
#3782 = VERTEX_POINT('',#3783);
#3783 = CARTESIAN_POINT('',(60.031986,-33.728651,0.));
#3784 = VERTEX_POINT('',#3785);
#3785 = CARTESIAN_POINT('',(60.031986,-33.728651,1.51));
#3786 = LINE('',#3787,#3788);
#3787 = CARTESIAN_POINT('',(60.031986,-33.728651,0.));
#3788 = VECTOR('',#3789,1.);
#3789 = DIRECTION('',(0.,0.,1.));
#3790 = ORIENTED_EDGE('',*,*,#3791,.T.);
#3791 = EDGE_CURVE('',#3784,#3792,#3794,.T.);
#3792 = VERTEX_POINT('',#3793);
#3793 = CARTESIAN_POINT('',(74.031986,-33.728651,1.51));
#3794 = LINE('',#3795,#3796);
#3795 = CARTESIAN_POINT('',(60.031986,-33.728651,1.51));
#3796 = VECTOR('',#3797,1.);
#3797 = DIRECTION('',(1.,0.,0.));
#3798 = ORIENTED_EDGE('',*,*,#3799,.F.);
#3799 = EDGE_CURVE('',#3800,#3792,#3802,.T.);
#3800 = VERTEX_POINT('',#3801);
#3801 = CARTESIAN_POINT('',(74.031986,-33.728651,0.));
#3802 = LINE('',#3803,#3804);
#3803 = CARTESIAN_POINT('',(74.031986,-33.728651,0.));
#3804 = VECTOR('',#3805,1.);
#3805 = DIRECTION('',(0.,0.,1.));
#3806 = ORIENTED_EDGE('',*,*,#3807,.F.);
#3807 = EDGE_CURVE('',#3782,#3800,#3808,.T.);
#3808 = LINE('',#3809,#3810);
#3809 = CARTESIAN_POINT('',(60.031986,-33.728651,0.));
#3810 = VECTOR('',#3811,1.);
#3811 = DIRECTION('',(1.,0.,0.));
#3812 = PLANE('',#3813);
#3813 = AXIS2_PLACEMENT_3D('',#3814,#3815,#3816);
#3814 = CARTESIAN_POINT('',(60.031986,-33.728651,0.));
#3815 = DIRECTION('',(0.,1.,0.));
#3816 = DIRECTION('',(1.,0.,0.));
#3817 = ADVANCED_FACE('',(#3818),#3843,.T.);
#3818 = FACE_BOUND('',#3819,.T.);
#3819 = EDGE_LOOP('',(#3820,#3821,#3829,#3837));
#3820 = ORIENTED_EDGE('',*,*,#3799,.T.);
#3821 = ORIENTED_EDGE('',*,*,#3822,.T.);
#3822 = EDGE_CURVE('',#3792,#3823,#3825,.T.);
#3823 = VERTEX_POINT('',#3824);
#3824 = CARTESIAN_POINT('',(74.031986,-19.728651,1.51));
#3825 = LINE('',#3826,#3827);
#3826 = CARTESIAN_POINT('',(74.031986,-33.728651,1.51));
#3827 = VECTOR('',#3828,1.);
#3828 = DIRECTION('',(0.,1.,0.));
#3829 = ORIENTED_EDGE('',*,*,#3830,.F.);
#3830 = EDGE_CURVE('',#3831,#3823,#3833,.T.);
#3831 = VERTEX_POINT('',#3832);
#3832 = CARTESIAN_POINT('',(74.031986,-19.728651,0.));
#3833 = LINE('',#3834,#3835);
#3834 = CARTESIAN_POINT('',(74.031986,-19.728651,0.));
#3835 = VECTOR('',#3836,1.);
#3836 = DIRECTION('',(0.,0.,1.));
#3837 = ORIENTED_EDGE('',*,*,#3838,.F.);
#3838 = EDGE_CURVE('',#3800,#3831,#3839,.T.);
#3839 = LINE('',#3840,#3841);
#3840 = CARTESIAN_POINT('',(74.031986,-33.728651,0.));
#3841 = VECTOR('',#3842,1.);
#3842 = DIRECTION('',(0.,1.,0.));
#3843 = PLANE('',#3844);
#3844 = AXIS2_PLACEMENT_3D('',#3845,#3846,#3847);
#3845 = CARTESIAN_POINT('',(74.031986,-33.728651,0.));
#3846 = DIRECTION('',(-1.,0.,0.));
#3847 = DIRECTION('',(0.,1.,0.));
#3848 = ADVANCED_FACE('',(#3849),#3874,.T.);
#3849 = FACE_BOUND('',#3850,.T.);
#3850 = EDGE_LOOP('',(#3851,#3852,#3860,#3868));
#3851 = ORIENTED_EDGE('',*,*,#3830,.T.);
#3852 = ORIENTED_EDGE('',*,*,#3853,.T.);
#3853 = EDGE_CURVE('',#3823,#3854,#3856,.T.);
#3854 = VERTEX_POINT('',#3855);
#3855 = CARTESIAN_POINT('',(60.031986,-19.728651,1.51));
#3856 = LINE('',#3857,#3858);
#3857 = CARTESIAN_POINT('',(74.031986,-19.728651,1.51));
#3858 = VECTOR('',#3859,1.);
#3859 = DIRECTION('',(-1.,0.,0.));
#3860 = ORIENTED_EDGE('',*,*,#3861,.F.);
#3861 = EDGE_CURVE('',#3862,#3854,#3864,.T.);
#3862 = VERTEX_POINT('',#3863);
#3863 = CARTESIAN_POINT('',(60.031986,-19.728651,0.));
#3864 = LINE('',#3865,#3866);
#3865 = CARTESIAN_POINT('',(60.031986,-19.728651,0.));
#3866 = VECTOR('',#3867,1.);
#3867 = DIRECTION('',(0.,0.,1.));
#3868 = ORIENTED_EDGE('',*,*,#3869,.F.);
#3869 = EDGE_CURVE('',#3831,#3862,#3870,.T.);
#3870 = LINE('',#3871,#3872);
#3871 = CARTESIAN_POINT('',(74.031986,-19.728651,0.));
#3872 = VECTOR('',#3873,1.);
#3873 = DIRECTION('',(-1.,0.,0.));
#3874 = PLANE('',#3875);
#3875 = AXIS2_PLACEMENT_3D('',#3876,#3877,#3878);
#3876 = CARTESIAN_POINT('',(74.031986,-19.728651,0.));
#3877 = DIRECTION('',(0.,-1.,0.));
#3878 = DIRECTION('',(-1.,0.,0.));
#3879 = ADVANCED_FACE('',(#3880),#3896,.T.);
#3880 = FACE_BOUND('',#3881,.T.);
#3881 = EDGE_LOOP('',(#3882,#3883,#3889,#3890));
#3882 = ORIENTED_EDGE('',*,*,#3861,.T.);
#3883 = ORIENTED_EDGE('',*,*,#3884,.T.);
#3884 = EDGE_CURVE('',#3854,#3784,#3885,.T.);
#3885 = LINE('',#3886,#3887);
#3886 = CARTESIAN_POINT('',(60.031986,-19.728651,1.51));
#3887 = VECTOR('',#3888,1.);
#3888 = DIRECTION('',(0.,-1.,0.));
#3889 = ORIENTED_EDGE('',*,*,#3781,.F.);
#3890 = ORIENTED_EDGE('',*,*,#3891,.F.);
#3891 = EDGE_CURVE('',#3862,#3782,#3892,.T.);
#3892 = LINE('',#3893,#3894);
#3893 = CARTESIAN_POINT('',(60.031986,-19.728651,0.));
#3894 = VECTOR('',#3895,1.);
#3895 = DIRECTION('',(0.,-1.,0.));
#3896 = PLANE('',#3897);
#3897 = AXIS2_PLACEMENT_3D('',#3898,#3899,#3900);
#3898 = CARTESIAN_POINT('',(60.031986,-19.728651,0.));
#3899 = DIRECTION('',(1.,0.,-0.));
#3900 = DIRECTION('',(0.,-1.,0.));
#3901 = ADVANCED_FACE('',(#3902,#3941,#3947,#3953,#3956,#3962,#3968,
    #3974,#3980,#3986,#3989,#3995,#4001,#4004,#4007,#4013,#4019,#4025,
    #4031,#4037,#4040,#4046,#4052,#4058,#4061),#4067,.F.);
#3902 = FACE_BOUND('',#3903,.T.);
#3903 = EDGE_LOOP('',(#3904,#3905,#3906,#3907,#3908,#3909,#3910,#3911,
    #3912,#3913,#3914,#3915,#3916,#3917,#3918,#3919,#3920,#3921,#3922,
    #3923,#3924,#3925,#3926,#3927,#3928,#3929,#3930,#3931,#3932,#3933,
    #3934,#3935,#3936,#3937,#3938,#3939,#3940));
#3904 = ORIENTED_EDGE('',*,*,#317,.T.);
#3905 = ORIENTED_EDGE('',*,*,#349,.T.);
#3906 = ORIENTED_EDGE('',*,*,#381,.T.);
#3907 = ORIENTED_EDGE('',*,*,#413,.T.);
#3908 = ORIENTED_EDGE('',*,*,#445,.T.);
#3909 = ORIENTED_EDGE('',*,*,#477,.T.);
#3910 = ORIENTED_EDGE('',*,*,#509,.T.);
#3911 = ORIENTED_EDGE('',*,*,#541,.T.);
#3912 = ORIENTED_EDGE('',*,*,#573,.T.);
#3913 = ORIENTED_EDGE('',*,*,#605,.T.);
#3914 = ORIENTED_EDGE('',*,*,#637,.T.);
#3915 = ORIENTED_EDGE('',*,*,#669,.T.);
#3916 = ORIENTED_EDGE('',*,*,#701,.T.);
#3917 = ORIENTED_EDGE('',*,*,#733,.T.);
#3918 = ORIENTED_EDGE('',*,*,#765,.T.);
#3919 = ORIENTED_EDGE('',*,*,#797,.T.);
#3920 = ORIENTED_EDGE('',*,*,#829,.T.);
#3921 = ORIENTED_EDGE('',*,*,#861,.T.);
#3922 = ORIENTED_EDGE('',*,*,#893,.T.);
#3923 = ORIENTED_EDGE('',*,*,#925,.T.);
#3924 = ORIENTED_EDGE('',*,*,#957,.T.);
#3925 = ORIENTED_EDGE('',*,*,#989,.T.);
#3926 = ORIENTED_EDGE('',*,*,#1021,.T.);
#3927 = ORIENTED_EDGE('',*,*,#1053,.T.);
#3928 = ORIENTED_EDGE('',*,*,#1085,.T.);
#3929 = ORIENTED_EDGE('',*,*,#1118,.T.);
#3930 = ORIENTED_EDGE('',*,*,#1150,.T.);
#3931 = ORIENTED_EDGE('',*,*,#1182,.T.);
#3932 = ORIENTED_EDGE('',*,*,#1214,.T.);
#3933 = ORIENTED_EDGE('',*,*,#1246,.T.);
#3934 = ORIENTED_EDGE('',*,*,#1278,.T.);
#3935 = ORIENTED_EDGE('',*,*,#1310,.T.);
#3936 = ORIENTED_EDGE('',*,*,#1342,.T.);
#3937 = ORIENTED_EDGE('',*,*,#1374,.T.);
#3938 = ORIENTED_EDGE('',*,*,#1406,.T.);
#3939 = ORIENTED_EDGE('',*,*,#1438,.T.);
#3940 = ORIENTED_EDGE('',*,*,#1461,.T.);
#3941 = FACE_BOUND('',#3942,.T.);
#3942 = EDGE_LOOP('',(#3943,#3944,#3945,#3946));
#3943 = ORIENTED_EDGE('',*,*,#1501,.T.);
#3944 = ORIENTED_EDGE('',*,*,#1532,.T.);
#3945 = ORIENTED_EDGE('',*,*,#1563,.T.);
#3946 = ORIENTED_EDGE('',*,*,#1585,.T.);
#3947 = FACE_BOUND('',#3948,.T.);
#3948 = EDGE_LOOP('',(#3949,#3950,#3951,#3952));
#3949 = ORIENTED_EDGE('',*,*,#1625,.T.);
#3950 = ORIENTED_EDGE('',*,*,#1656,.T.);
#3951 = ORIENTED_EDGE('',*,*,#1687,.T.);
#3952 = ORIENTED_EDGE('',*,*,#1709,.T.);
#3953 = FACE_BOUND('',#3954,.T.);
#3954 = EDGE_LOOP('',(#3955));
#3955 = ORIENTED_EDGE('',*,*,#1741,.T.);
#3956 = FACE_BOUND('',#3957,.T.);
#3957 = EDGE_LOOP('',(#3958,#3959,#3960,#3961));
#3958 = ORIENTED_EDGE('',*,*,#1782,.T.);
#3959 = ORIENTED_EDGE('',*,*,#1813,.T.);
#3960 = ORIENTED_EDGE('',*,*,#1844,.T.);
#3961 = ORIENTED_EDGE('',*,*,#1866,.T.);
#3962 = FACE_BOUND('',#3963,.T.);
#3963 = EDGE_LOOP('',(#3964,#3965,#3966,#3967));
#3964 = ORIENTED_EDGE('',*,*,#1906,.T.);
#3965 = ORIENTED_EDGE('',*,*,#1937,.T.);
#3966 = ORIENTED_EDGE('',*,*,#1968,.T.);
#3967 = ORIENTED_EDGE('',*,*,#1990,.T.);
#3968 = FACE_BOUND('',#3969,.T.);
#3969 = EDGE_LOOP('',(#3970,#3971,#3972,#3973));
#3970 = ORIENTED_EDGE('',*,*,#2030,.T.);
#3971 = ORIENTED_EDGE('',*,*,#2061,.T.);
#3972 = ORIENTED_EDGE('',*,*,#2092,.T.);
#3973 = ORIENTED_EDGE('',*,*,#2114,.T.);
#3974 = FACE_BOUND('',#3975,.T.);
#3975 = EDGE_LOOP('',(#3976,#3977,#3978,#3979));
#3976 = ORIENTED_EDGE('',*,*,#2154,.T.);
#3977 = ORIENTED_EDGE('',*,*,#2185,.T.);
#3978 = ORIENTED_EDGE('',*,*,#2216,.T.);
#3979 = ORIENTED_EDGE('',*,*,#2238,.T.);
#3980 = FACE_BOUND('',#3981,.T.);
#3981 = EDGE_LOOP('',(#3982,#3983,#3984,#3985));
#3982 = ORIENTED_EDGE('',*,*,#2278,.T.);
#3983 = ORIENTED_EDGE('',*,*,#2309,.T.);
#3984 = ORIENTED_EDGE('',*,*,#2340,.T.);
#3985 = ORIENTED_EDGE('',*,*,#2362,.T.);
#3986 = FACE_BOUND('',#3987,.T.);
#3987 = EDGE_LOOP('',(#3988));
#3988 = ORIENTED_EDGE('',*,*,#2394,.T.);
#3989 = FACE_BOUND('',#3990,.T.);
#3990 = EDGE_LOOP('',(#3991,#3992,#3993,#3994));
#3991 = ORIENTED_EDGE('',*,*,#2435,.T.);
#3992 = ORIENTED_EDGE('',*,*,#2466,.T.);
#3993 = ORIENTED_EDGE('',*,*,#2497,.T.);
#3994 = ORIENTED_EDGE('',*,*,#2519,.T.);
#3995 = FACE_BOUND('',#3996,.T.);
#3996 = EDGE_LOOP('',(#3997,#3998,#3999,#4000));
#3997 = ORIENTED_EDGE('',*,*,#2559,.T.);
#3998 = ORIENTED_EDGE('',*,*,#2590,.T.);
#3999 = ORIENTED_EDGE('',*,*,#2621,.T.);
#4000 = ORIENTED_EDGE('',*,*,#2643,.T.);
#4001 = FACE_BOUND('',#4002,.T.);
#4002 = EDGE_LOOP('',(#4003));
#4003 = ORIENTED_EDGE('',*,*,#2675,.T.);
#4004 = FACE_BOUND('',#4005,.T.);
#4005 = EDGE_LOOP('',(#4006));
#4006 = ORIENTED_EDGE('',*,*,#2708,.T.);
#4007 = FACE_BOUND('',#4008,.T.);
#4008 = EDGE_LOOP('',(#4009,#4010,#4011,#4012));
#4009 = ORIENTED_EDGE('',*,*,#2749,.T.);
#4010 = ORIENTED_EDGE('',*,*,#2780,.T.);
#4011 = ORIENTED_EDGE('',*,*,#2811,.T.);
#4012 = ORIENTED_EDGE('',*,*,#2833,.T.);
#4013 = FACE_BOUND('',#4014,.T.);
#4014 = EDGE_LOOP('',(#4015,#4016,#4017,#4018));
#4015 = ORIENTED_EDGE('',*,*,#2873,.T.);
#4016 = ORIENTED_EDGE('',*,*,#2904,.T.);
#4017 = ORIENTED_EDGE('',*,*,#2935,.T.);
#4018 = ORIENTED_EDGE('',*,*,#2957,.T.);
#4019 = FACE_BOUND('',#4020,.T.);
#4020 = EDGE_LOOP('',(#4021,#4022,#4023,#4024));
#4021 = ORIENTED_EDGE('',*,*,#2997,.T.);
#4022 = ORIENTED_EDGE('',*,*,#3028,.T.);
#4023 = ORIENTED_EDGE('',*,*,#3059,.T.);
#4024 = ORIENTED_EDGE('',*,*,#3081,.T.);
#4025 = FACE_BOUND('',#4026,.T.);
#4026 = EDGE_LOOP('',(#4027,#4028,#4029,#4030));
#4027 = ORIENTED_EDGE('',*,*,#3121,.T.);
#4028 = ORIENTED_EDGE('',*,*,#3152,.T.);
#4029 = ORIENTED_EDGE('',*,*,#3183,.T.);
#4030 = ORIENTED_EDGE('',*,*,#3205,.T.);
#4031 = FACE_BOUND('',#4032,.T.);
#4032 = EDGE_LOOP('',(#4033,#4034,#4035,#4036));
#4033 = ORIENTED_EDGE('',*,*,#3245,.T.);
#4034 = ORIENTED_EDGE('',*,*,#3276,.T.);
#4035 = ORIENTED_EDGE('',*,*,#3307,.T.);
#4036 = ORIENTED_EDGE('',*,*,#3329,.T.);
#4037 = FACE_BOUND('',#4038,.T.);
#4038 = EDGE_LOOP('',(#4039));
#4039 = ORIENTED_EDGE('',*,*,#3361,.T.);
#4040 = FACE_BOUND('',#4041,.T.);
#4041 = EDGE_LOOP('',(#4042,#4043,#4044,#4045));
#4042 = ORIENTED_EDGE('',*,*,#3402,.T.);
#4043 = ORIENTED_EDGE('',*,*,#3433,.T.);
#4044 = ORIENTED_EDGE('',*,*,#3464,.T.);
#4045 = ORIENTED_EDGE('',*,*,#3486,.T.);
#4046 = FACE_BOUND('',#4047,.T.);
#4047 = EDGE_LOOP('',(#4048,#4049,#4050,#4051));
#4048 = ORIENTED_EDGE('',*,*,#3526,.T.);
#4049 = ORIENTED_EDGE('',*,*,#3557,.T.);
#4050 = ORIENTED_EDGE('',*,*,#3588,.T.);
#4051 = ORIENTED_EDGE('',*,*,#3610,.T.);
#4052 = FACE_BOUND('',#4053,.T.);
#4053 = EDGE_LOOP('',(#4054,#4055,#4056,#4057));
#4054 = ORIENTED_EDGE('',*,*,#3650,.T.);
#4055 = ORIENTED_EDGE('',*,*,#3681,.T.);
#4056 = ORIENTED_EDGE('',*,*,#3712,.T.);
#4057 = ORIENTED_EDGE('',*,*,#3734,.T.);
#4058 = FACE_BOUND('',#4059,.T.);
#4059 = EDGE_LOOP('',(#4060));
#4060 = ORIENTED_EDGE('',*,*,#3766,.T.);
#4061 = FACE_BOUND('',#4062,.T.);
#4062 = EDGE_LOOP('',(#4063,#4064,#4065,#4066));
#4063 = ORIENTED_EDGE('',*,*,#3807,.T.);
#4064 = ORIENTED_EDGE('',*,*,#3838,.T.);
#4065 = ORIENTED_EDGE('',*,*,#3869,.T.);
#4066 = ORIENTED_EDGE('',*,*,#3891,.T.);
#4067 = PLANE('',#4068);
#4068 = AXIS2_PLACEMENT_3D('',#4069,#4070,#4071);
#4069 = CARTESIAN_POINT('',(0.,0.,0.));
#4070 = DIRECTION('',(0.,0.,1.));
#4071 = DIRECTION('',(1.,0.,-0.));
#4072 = ADVANCED_FACE('',(#4073,#4112,#4118,#4124,#4127,#4133,#4139,
    #4145,#4151,#4157,#4160,#4166,#4172,#4175,#4178,#4184,#4190,#4196,
    #4202,#4208,#4211,#4217,#4223,#4229,#4232),#4238,.T.);
#4073 = FACE_BOUND('',#4074,.F.);
#4074 = EDGE_LOOP('',(#4075,#4076,#4077,#4078,#4079,#4080,#4081,#4082,
    #4083,#4084,#4085,#4086,#4087,#4088,#4089,#4090,#4091,#4092,#4093,
    #4094,#4095,#4096,#4097,#4098,#4099,#4100,#4101,#4102,#4103,#4104,
    #4105,#4106,#4107,#4108,#4109,#4110,#4111));
#4075 = ORIENTED_EDGE('',*,*,#300,.T.);
#4076 = ORIENTED_EDGE('',*,*,#333,.T.);
#4077 = ORIENTED_EDGE('',*,*,#364,.T.);
#4078 = ORIENTED_EDGE('',*,*,#397,.T.);
#4079 = ORIENTED_EDGE('',*,*,#428,.T.);
#4080 = ORIENTED_EDGE('',*,*,#461,.T.);
#4081 = ORIENTED_EDGE('',*,*,#492,.T.);
#4082 = ORIENTED_EDGE('',*,*,#525,.T.);
#4083 = ORIENTED_EDGE('',*,*,#556,.T.);
#4084 = ORIENTED_EDGE('',*,*,#589,.T.);
#4085 = ORIENTED_EDGE('',*,*,#620,.T.);
#4086 = ORIENTED_EDGE('',*,*,#653,.T.);
#4087 = ORIENTED_EDGE('',*,*,#684,.T.);
#4088 = ORIENTED_EDGE('',*,*,#717,.T.);
#4089 = ORIENTED_EDGE('',*,*,#748,.T.);
#4090 = ORIENTED_EDGE('',*,*,#781,.T.);
#4091 = ORIENTED_EDGE('',*,*,#812,.T.);
#4092 = ORIENTED_EDGE('',*,*,#845,.T.);
#4093 = ORIENTED_EDGE('',*,*,#876,.T.);
#4094 = ORIENTED_EDGE('',*,*,#909,.T.);
#4095 = ORIENTED_EDGE('',*,*,#940,.T.);
#4096 = ORIENTED_EDGE('',*,*,#973,.T.);
#4097 = ORIENTED_EDGE('',*,*,#1004,.T.);
#4098 = ORIENTED_EDGE('',*,*,#1037,.T.);
#4099 = ORIENTED_EDGE('',*,*,#1068,.T.);
#4100 = ORIENTED_EDGE('',*,*,#1101,.T.);
#4101 = ORIENTED_EDGE('',*,*,#1134,.T.);
#4102 = ORIENTED_EDGE('',*,*,#1165,.T.);
#4103 = ORIENTED_EDGE('',*,*,#1198,.T.);
#4104 = ORIENTED_EDGE('',*,*,#1229,.T.);
#4105 = ORIENTED_EDGE('',*,*,#1262,.T.);
#4106 = ORIENTED_EDGE('',*,*,#1293,.T.);
#4107 = ORIENTED_EDGE('',*,*,#1326,.T.);
#4108 = ORIENTED_EDGE('',*,*,#1357,.T.);
#4109 = ORIENTED_EDGE('',*,*,#1390,.T.);
#4110 = ORIENTED_EDGE('',*,*,#1421,.T.);
#4111 = ORIENTED_EDGE('',*,*,#1454,.T.);
#4112 = FACE_BOUND('',#4113,.F.);
#4113 = EDGE_LOOP('',(#4114,#4115,#4116,#4117));
#4114 = ORIENTED_EDGE('',*,*,#1485,.T.);
#4115 = ORIENTED_EDGE('',*,*,#1516,.T.);
#4116 = ORIENTED_EDGE('',*,*,#1547,.T.);
#4117 = ORIENTED_EDGE('',*,*,#1578,.T.);
#4118 = FACE_BOUND('',#4119,.F.);
#4119 = EDGE_LOOP('',(#4120,#4121,#4122,#4123));
#4120 = ORIENTED_EDGE('',*,*,#1609,.T.);
#4121 = ORIENTED_EDGE('',*,*,#1640,.T.);
#4122 = ORIENTED_EDGE('',*,*,#1671,.T.);
#4123 = ORIENTED_EDGE('',*,*,#1702,.T.);
#4124 = FACE_BOUND('',#4125,.F.);
#4125 = EDGE_LOOP('',(#4126));
#4126 = ORIENTED_EDGE('',*,*,#1733,.T.);
#4127 = FACE_BOUND('',#4128,.F.);
#4128 = EDGE_LOOP('',(#4129,#4130,#4131,#4132));
#4129 = ORIENTED_EDGE('',*,*,#1766,.T.);
#4130 = ORIENTED_EDGE('',*,*,#1797,.T.);
#4131 = ORIENTED_EDGE('',*,*,#1828,.T.);
#4132 = ORIENTED_EDGE('',*,*,#1859,.T.);
#4133 = FACE_BOUND('',#4134,.F.);
#4134 = EDGE_LOOP('',(#4135,#4136,#4137,#4138));
#4135 = ORIENTED_EDGE('',*,*,#1890,.T.);
#4136 = ORIENTED_EDGE('',*,*,#1921,.T.);
#4137 = ORIENTED_EDGE('',*,*,#1952,.T.);
#4138 = ORIENTED_EDGE('',*,*,#1983,.T.);
#4139 = FACE_BOUND('',#4140,.F.);
#4140 = EDGE_LOOP('',(#4141,#4142,#4143,#4144));
#4141 = ORIENTED_EDGE('',*,*,#2014,.T.);
#4142 = ORIENTED_EDGE('',*,*,#2045,.T.);
#4143 = ORIENTED_EDGE('',*,*,#2076,.T.);
#4144 = ORIENTED_EDGE('',*,*,#2107,.T.);
#4145 = FACE_BOUND('',#4146,.F.);
#4146 = EDGE_LOOP('',(#4147,#4148,#4149,#4150));
#4147 = ORIENTED_EDGE('',*,*,#2138,.T.);
#4148 = ORIENTED_EDGE('',*,*,#2169,.T.);
#4149 = ORIENTED_EDGE('',*,*,#2200,.T.);
#4150 = ORIENTED_EDGE('',*,*,#2231,.T.);
#4151 = FACE_BOUND('',#4152,.F.);
#4152 = EDGE_LOOP('',(#4153,#4154,#4155,#4156));
#4153 = ORIENTED_EDGE('',*,*,#2262,.T.);
#4154 = ORIENTED_EDGE('',*,*,#2293,.T.);
#4155 = ORIENTED_EDGE('',*,*,#2324,.T.);
#4156 = ORIENTED_EDGE('',*,*,#2355,.T.);
#4157 = FACE_BOUND('',#4158,.F.);
#4158 = EDGE_LOOP('',(#4159));
#4159 = ORIENTED_EDGE('',*,*,#2386,.T.);
#4160 = FACE_BOUND('',#4161,.F.);
#4161 = EDGE_LOOP('',(#4162,#4163,#4164,#4165));
#4162 = ORIENTED_EDGE('',*,*,#2419,.T.);
#4163 = ORIENTED_EDGE('',*,*,#2450,.T.);
#4164 = ORIENTED_EDGE('',*,*,#2481,.T.);
#4165 = ORIENTED_EDGE('',*,*,#2512,.T.);
#4166 = FACE_BOUND('',#4167,.F.);
#4167 = EDGE_LOOP('',(#4168,#4169,#4170,#4171));
#4168 = ORIENTED_EDGE('',*,*,#2543,.T.);
#4169 = ORIENTED_EDGE('',*,*,#2574,.T.);
#4170 = ORIENTED_EDGE('',*,*,#2605,.T.);
#4171 = ORIENTED_EDGE('',*,*,#2636,.T.);
#4172 = FACE_BOUND('',#4173,.F.);
#4173 = EDGE_LOOP('',(#4174));
#4174 = ORIENTED_EDGE('',*,*,#2667,.T.);
#4175 = FACE_BOUND('',#4176,.F.);
#4176 = EDGE_LOOP('',(#4177));
#4177 = ORIENTED_EDGE('',*,*,#2700,.T.);
#4178 = FACE_BOUND('',#4179,.F.);
#4179 = EDGE_LOOP('',(#4180,#4181,#4182,#4183));
#4180 = ORIENTED_EDGE('',*,*,#2733,.T.);
#4181 = ORIENTED_EDGE('',*,*,#2764,.T.);
#4182 = ORIENTED_EDGE('',*,*,#2795,.T.);
#4183 = ORIENTED_EDGE('',*,*,#2826,.T.);
#4184 = FACE_BOUND('',#4185,.F.);
#4185 = EDGE_LOOP('',(#4186,#4187,#4188,#4189));
#4186 = ORIENTED_EDGE('',*,*,#2857,.T.);
#4187 = ORIENTED_EDGE('',*,*,#2888,.T.);
#4188 = ORIENTED_EDGE('',*,*,#2919,.T.);
#4189 = ORIENTED_EDGE('',*,*,#2950,.T.);
#4190 = FACE_BOUND('',#4191,.F.);
#4191 = EDGE_LOOP('',(#4192,#4193,#4194,#4195));
#4192 = ORIENTED_EDGE('',*,*,#2981,.T.);
#4193 = ORIENTED_EDGE('',*,*,#3012,.T.);
#4194 = ORIENTED_EDGE('',*,*,#3043,.T.);
#4195 = ORIENTED_EDGE('',*,*,#3074,.T.);
#4196 = FACE_BOUND('',#4197,.F.);
#4197 = EDGE_LOOP('',(#4198,#4199,#4200,#4201));
#4198 = ORIENTED_EDGE('',*,*,#3105,.T.);
#4199 = ORIENTED_EDGE('',*,*,#3136,.T.);
#4200 = ORIENTED_EDGE('',*,*,#3167,.T.);
#4201 = ORIENTED_EDGE('',*,*,#3198,.T.);
#4202 = FACE_BOUND('',#4203,.F.);
#4203 = EDGE_LOOP('',(#4204,#4205,#4206,#4207));
#4204 = ORIENTED_EDGE('',*,*,#3229,.T.);
#4205 = ORIENTED_EDGE('',*,*,#3260,.T.);
#4206 = ORIENTED_EDGE('',*,*,#3291,.T.);
#4207 = ORIENTED_EDGE('',*,*,#3322,.T.);
#4208 = FACE_BOUND('',#4209,.F.);
#4209 = EDGE_LOOP('',(#4210));
#4210 = ORIENTED_EDGE('',*,*,#3353,.T.);
#4211 = FACE_BOUND('',#4212,.F.);
#4212 = EDGE_LOOP('',(#4213,#4214,#4215,#4216));
#4213 = ORIENTED_EDGE('',*,*,#3386,.T.);
#4214 = ORIENTED_EDGE('',*,*,#3417,.T.);
#4215 = ORIENTED_EDGE('',*,*,#3448,.T.);
#4216 = ORIENTED_EDGE('',*,*,#3479,.T.);
#4217 = FACE_BOUND('',#4218,.F.);
#4218 = EDGE_LOOP('',(#4219,#4220,#4221,#4222));
#4219 = ORIENTED_EDGE('',*,*,#3510,.T.);
#4220 = ORIENTED_EDGE('',*,*,#3541,.T.);
#4221 = ORIENTED_EDGE('',*,*,#3572,.T.);
#4222 = ORIENTED_EDGE('',*,*,#3603,.T.);
#4223 = FACE_BOUND('',#4224,.F.);
#4224 = EDGE_LOOP('',(#4225,#4226,#4227,#4228));
#4225 = ORIENTED_EDGE('',*,*,#3634,.T.);
#4226 = ORIENTED_EDGE('',*,*,#3665,.T.);
#4227 = ORIENTED_EDGE('',*,*,#3696,.T.);
#4228 = ORIENTED_EDGE('',*,*,#3727,.T.);
#4229 = FACE_BOUND('',#4230,.F.);
#4230 = EDGE_LOOP('',(#4231));
#4231 = ORIENTED_EDGE('',*,*,#3758,.T.);
#4232 = FACE_BOUND('',#4233,.F.);
#4233 = EDGE_LOOP('',(#4234,#4235,#4236,#4237));
#4234 = ORIENTED_EDGE('',*,*,#3791,.T.);
#4235 = ORIENTED_EDGE('',*,*,#3822,.T.);
#4236 = ORIENTED_EDGE('',*,*,#3853,.T.);
#4237 = ORIENTED_EDGE('',*,*,#3884,.T.);
#4238 = PLANE('',#4239);
#4239 = AXIS2_PLACEMENT_3D('',#4240,#4241,#4242);
#4240 = CARTESIAN_POINT('',(0.,0.,1.51));
#4241 = DIRECTION('',(0.,0.,1.));
#4242 = DIRECTION('',(1.,0.,-0.));
#4243 = ( GEOMETRIC_REPRESENTATION_CONTEXT(3) 
GLOBAL_UNCERTAINTY_ASSIGNED_CONTEXT((#4247)) 
GLOBAL_UNIT_ASSIGNED_CONTEXT((#4244,#4245,#4246)) REPRESENTATION_CONTEXT
('Context #1','3D Context with UNIT and UNCERTAINTY') );
#4244 = ( LENGTH_UNIT() NAMED_UNIT(*) SI_UNIT(.MILLI.,.METRE.) );
#4245 = ( NAMED_UNIT(*) PLANE_ANGLE_UNIT() SI_UNIT($,.RADIAN.) );
#4246 = ( NAMED_UNIT(*) SI_UNIT($,.STERADIAN.) SOLID_ANGLE_UNIT() );
#4247 = UNCERTAINTY_MEASURE_WITH_UNIT(LENGTH_MEASURE(1.E-07),#4244,
  'distance_accuracy_value','confusion accuracy');
#4248 = CONTEXT_DEPENDENT_SHAPE_REPRESENTATION(#4249,#4251);
#4249 = ( REPRESENTATION_RELATIONSHIP('','',#283,#10) 
REPRESENTATION_RELATIONSHIP_WITH_TRANSFORMATION(#4250) 
SHAPE_REPRESENTATION_RELATIONSHIP() );
#4250 = ITEM_DEFINED_TRANSFORMATION('','',#11,#19);
#4251 = PRODUCT_DEFINITION_SHAPE('Placement','Placement of an item',
  #4252);
#4252 = NEXT_ASSEMBLY_USAGE_OCCURRENCE('2','=>[0:1:1:3]','',#5,#278,$);
#4253 = PRODUCT_RELATED_PRODUCT_CATEGORY('part',$,(#280));
#4254 = MECHANICAL_DESIGN_GEOMETRIC_PRESENTATION_REPRESENTATION('',(
    #4255),#4243);
#4255 = STYLED_ITEM('color',(#4256),#284);
#4256 = PRESENTATION_STYLE_ASSIGNMENT((#4257));
#4257 = SURFACE_STYLE_USAGE(.BOTH.,#4258);
#4258 = SURFACE_SIDE_STYLE('',(#4259));
#4259 = SURFACE_STYLE_FILL_AREA(#4260);
#4260 = FILL_AREA_STYLE('',(#4261));
#4261 = FILL_AREA_STYLE_COLOUR('',#4262);
#4262 = COLOUR_RGB('',0.313304153717,0.484529207832,0.410020903123);
#4263 = MECHANICAL_DESIGN_GEOMETRIC_PRESENTATION_REPRESENTATION('',(
    #4264,#4274),#265);
#4264 = STYLED_ITEM('color',(#4265),#39);
#4265 = PRESENTATION_STYLE_ASSIGNMENT((#4266));
#4266 = SURFACE_STYLE_USAGE(.BOTH.,#4267);
#4267 = SURFACE_SIDE_STYLE('',(#4268,#4272));
#4268 = SURFACE_STYLE_FILL_AREA(#4269);
#4269 = FILL_AREA_STYLE('',(#4270));
#4270 = FILL_AREA_STYLE_COLOUR('',#4271);
#4271 = DRAUGHTING_PRE_DEFINED_COLOUR('white');
#4272 = SURFACE_STYLE_RENDERING_WITH_PROPERTIES(.NORMAL_SHADING.,#4271,(
    #4273));
#4273 = SURFACE_STYLE_TRANSPARENT(0.100000023842);
#4274 = STYLED_ITEM('color',(#4275),#153);
#4275 = PRESENTATION_STYLE_ASSIGNMENT((#4276));
#4276 = SURFACE_STYLE_USAGE(.BOTH.,#4277);
#4277 = SURFACE_SIDE_STYLE('',(#4278,#4281));
#4278 = SURFACE_STYLE_FILL_AREA(#4279);
#4279 = FILL_AREA_STYLE('',(#4280));
#4280 = FILL_AREA_STYLE_COLOUR('',#4271);
#4281 = SURFACE_STYLE_RENDERING_WITH_PROPERTIES(.NORMAL_SHADING.,#4271,(
    #4282));
#4282 = SURFACE_STYLE_TRANSPARENT(0.100000023842);
ENDSEC;
END-ISO-10303-21;
