ISO-10303-21;
HEADER;
FILE_DESCRIPTION(('KiCad electronic assembly'),'2;1');
FILE_NAME('left.step','2026-08-02T14:14:43',('Pcbnew'),('Kicad'),
  'Open CASCADE STEP processor 7.9','KiCad to STEP converter','Unknown'
  );
FILE_SCHEMA(('AUTOMOTIVE_DESIGN { 1 0 10303 214 1 1 1 1 }'));
ENDSEC;
DATA;
#1 = APPLICATION_PROTOCOL_DEFINITION('international standard',
  'automotive_design',2000,#2);
#2 = APPLICATION_CONTEXT(
  'core data for automotive mechanical design processes');
#3 = SHAPE_DEFINITION_REPRESENTATION(#4,#10);
#4 = PRODUCT_DEFINITION_SHAPE('','',#5);
#5 = PRODUCT_DEFINITION('design','',#6,#9);
#6 = PRODUCT_DEFINITION_FORMATION('','',#7);
#7 = PRODUCT('left 1','left 1','',(#8));
#8 = PRODUCT_CONTEXT('',#2,'mechanical');
#9 = PRODUCT_DEFINITION_CONTEXT('part definition',#2,'design');
#10 = SHAPE_REPRESENTATION('',(#11,#15),#19);
#11 = AXIS2_PLACEMENT_3D('',#12,#13,#14);
#12 = CARTESIAN_POINT('',(0.,0.,0.));
#13 = DIRECTION('',(0.,0.,1.));
#14 = DIRECTION('',(1.,0.,-0.));
#15 = AXIS2_PLACEMENT_3D('',#16,#17,#18);
#16 = CARTESIAN_POINT('',(0.,0.,0.));
#17 = DIRECTION('',(0.,0.,1.));
#18 = DIRECTION('',(1.,0.,-0.));
#19 = ( GEOMETRIC_REPRESENTATION_CONTEXT(3) 
GLOBAL_UNCERTAINTY_ASSIGNED_CONTEXT((#23)) GLOBAL_UNIT_ASSIGNED_CONTEXT(
(#20,#21,#22)) REPRESENTATION_CONTEXT('Context #1',
  '3D Context with UNIT and UNCERTAINTY') );
#20 = ( LENGTH_UNIT() NAMED_UNIT(*) SI_UNIT(.MILLI.,.METRE.) );
#21 = ( NAMED_UNIT(*) PLANE_ANGLE_UNIT() SI_UNIT($,.RADIAN.) );
#22 = ( NAMED_UNIT(*) SI_UNIT($,.STERADIAN.) SOLID_ANGLE_UNIT() );
#23 = UNCERTAINTY_MEASURE_WITH_UNIT(LENGTH_MEASURE(1.E-07),#20,
  'distance_accuracy_value','confusion accuracy');
#24 = PRODUCT_RELATED_PRODUCT_CATEGORY('part',$,(#7));
#25 = SHAPE_DEFINITION_REPRESENTATION(#26,#32);
#26 = PRODUCT_DEFINITION_SHAPE('','',#27);
#27 = PRODUCT_DEFINITION('design','',#28,#31);
#28 = PRODUCT_DEFINITION_FORMATION('','',#29);
#29 = PRODUCT('left_PCB','left_PCB','',(#30));
#30 = PRODUCT_CONTEXT('',#2,'mechanical');
#31 = PRODUCT_DEFINITION_CONTEXT('part definition',#2,'design');
#32 = ADVANCED_BREP_SHAPE_REPRESENTATION('',(#11,#33),#6213);
#33 = MANIFOLD_SOLID_BREP('',#34);
#34 = CLOSED_SHELL('',(#35,#77,#108,#139,#1793,#3447,#3464,#3481,#3498,
    #3515,#3532,#3549,#3566,#3583,#3600,#3617,#3634,#3651,#3668,#3685,
    #3702,#3719,#3736,#3753,#3770,#3787,#3804,#3821,#3838,#3855,#3872,
    #3889,#3906,#3923,#3940,#3957,#3974,#3991,#4008,#4020,#4037,#4054,
    #4071,#4088,#4105,#4122,#4139,#4156,#4173,#4190,#4207,#4224,#4241,
    #4258,#4275,#4292,#4309,#4326,#4343,#4360,#4377,#4394,#4411,#4428,
    #4445,#4462,#4479,#4496,#4518,#4535,#4552,#4564,#4581,#4603,#4620,
    #4637,#4649,#4666,#4683,#4700,#4717,#4734,#4751,#4768,#4785,#4802,
    #4824,#4841,#4858,#4870,#4892,#4909,#4926,#4938,#4955,#4972,#4989,
    #5006,#5023,#5040,#5057,#5074,#5091,#5108,#5125,#5142,#5159,#5176,
    #5193,#5210,#5227,#5244,#5261,#5278,#5295,#5312,#5329,#5346,#5363,
    #5385,#5402,#5419,#5431,#5448,#5465,#5487,#5504,#5521,#5533,#5555,
    #5572,#5589,#5601,#5618,#5635,#5652,#5674,#5691,#5708,#5720,#5737,
    #5754,#5771,#5788,#5805,#5822,#5839,#5856,#5873,#5890,#5907,#5924,
    #5941,#5958,#5975,#5992,#6009,#6026,#6043,#6060,#6077,#6094,#6111,
    #6128,#6145,#6162,#6179,#6196));
#35 = ADVANCED_FACE('',(#36),#72,.T.);
#36 = FACE_BOUND('',#37,.T.);
#37 = EDGE_LOOP('',(#38,#48,#57,#65));
#38 = ORIENTED_EDGE('',*,*,#39,.T.);
#39 = EDGE_CURVE('',#40,#42,#44,.T.);
#40 = VERTEX_POINT('',#41);
#41 = CARTESIAN_POINT('',(104.023771,-45.992893,0.));
#42 = VERTEX_POINT('',#43);
#43 = CARTESIAN_POINT('',(104.023771,-45.992893,1.51));
#44 = LINE('',#45,#46);
#45 = CARTESIAN_POINT('',(104.023771,-45.992893,0.));
#46 = VECTOR('',#47,1.);
#47 = DIRECTION('',(0.,0.,1.));
#48 = ORIENTED_EDGE('',*,*,#49,.T.);
#49 = EDGE_CURVE('',#42,#50,#52,.T.);
#50 = VERTEX_POINT('',#51);
#51 = CARTESIAN_POINT('',(105.023771,-46.992893,1.51));
#52 = CIRCLE('',#53,0.999999252925);
#53 = AXIS2_PLACEMENT_3D('',#54,#55,#56);
#54 = CARTESIAN_POINT('',(104.02377174707,-46.99289225292,1.51));
#55 = DIRECTION('',(0.,0.,-1.));
#56 = DIRECTION('',(-7.470757491648E-07,1.,0.));
#57 = ORIENTED_EDGE('',*,*,#58,.F.);
#58 = EDGE_CURVE('',#59,#50,#61,.T.);
#59 = VERTEX_POINT('',#60);
#60 = CARTESIAN_POINT('',(105.023771,-46.992893,0.));
#61 = LINE('',#62,#63);
#62 = CARTESIAN_POINT('',(105.023771,-46.992893,0.));
#63 = VECTOR('',#64,1.);
#64 = DIRECTION('',(0.,0.,1.));
#65 = ORIENTED_EDGE('',*,*,#66,.F.);
#66 = EDGE_CURVE('',#40,#59,#67,.T.);
#67 = CIRCLE('',#68,0.999999252925);
#68 = AXIS2_PLACEMENT_3D('',#69,#70,#71);
#69 = CARTESIAN_POINT('',(104.02377174707,-46.99289225292,0.));
#70 = DIRECTION('',(0.,0.,-1.));
#71 = DIRECTION('',(-7.470757491648E-07,1.,0.));
#72 = CYLINDRICAL_SURFACE('',#73,0.999999252925);
#73 = AXIS2_PLACEMENT_3D('',#74,#75,#76);
#74 = CARTESIAN_POINT('',(104.02377174707,-46.99289225292,0.));
#75 = DIRECTION('',(0.,0.,-1.));
#76 = DIRECTION('',(-7.470757491648E-07,1.,0.));
#77 = ADVANCED_FACE('',(#78),#103,.T.);
#78 = FACE_BOUND('',#79,.T.);
#79 = EDGE_LOOP('',(#80,#90,#96,#97));
#80 = ORIENTED_EDGE('',*,*,#81,.T.);
#81 = EDGE_CURVE('',#82,#84,#86,.T.);
#82 = VERTEX_POINT('',#83);
#83 = CARTESIAN_POINT('',(85.523771,-45.992893,0.));
#84 = VERTEX_POINT('',#85);
#85 = CARTESIAN_POINT('',(85.523771,-45.992893,1.51));
#86 = LINE('',#87,#88);
#87 = CARTESIAN_POINT('',(85.523771,-45.992893,0.));
#88 = VECTOR('',#89,1.);
#89 = DIRECTION('',(0.,0.,1.));
#90 = ORIENTED_EDGE('',*,*,#91,.T.);
#91 = EDGE_CURVE('',#84,#42,#92,.T.);
#92 = LINE('',#93,#94);
#93 = CARTESIAN_POINT('',(85.523771,-45.992893,1.51));
#94 = VECTOR('',#95,1.);
#95 = DIRECTION('',(1.,0.,0.));
#96 = ORIENTED_EDGE('',*,*,#39,.F.);
#97 = ORIENTED_EDGE('',*,*,#98,.F.);
#98 = EDGE_CURVE('',#82,#40,#99,.T.);
#99 = LINE('',#100,#101);
#100 = CARTESIAN_POINT('',(85.523771,-45.992893,0.));
#101 = VECTOR('',#102,1.);
#102 = DIRECTION('',(1.,0.,0.));
#103 = PLANE('',#104);
#104 = AXIS2_PLACEMENT_3D('',#105,#106,#107);
#105 = CARTESIAN_POINT('',(85.523771,-45.992893,0.));
#106 = DIRECTION('',(0.,1.,0.));
#107 = DIRECTION('',(1.,0.,0.));
#108 = ADVANCED_FACE('',(#109),#134,.T.);
#109 = FACE_BOUND('',#110,.T.);
#110 = EDGE_LOOP('',(#111,#112,#120,#128));
#111 = ORIENTED_EDGE('',*,*,#58,.T.);
#112 = ORIENTED_EDGE('',*,*,#113,.T.);
#113 = EDGE_CURVE('',#50,#114,#116,.T.);
#114 = VERTEX_POINT('',#115);
#115 = CARTESIAN_POINT('',(105.023771,-49.792893,1.51));
#116 = LINE('',#117,#118);
#117 = CARTESIAN_POINT('',(105.023771,-46.992893,1.51));
#118 = VECTOR('',#119,1.);
#119 = DIRECTION('',(0.,-1.,0.));
#120 = ORIENTED_EDGE('',*,*,#121,.F.);
#121 = EDGE_CURVE('',#122,#114,#124,.T.);
#122 = VERTEX_POINT('',#123);
#123 = CARTESIAN_POINT('',(105.023771,-49.792893,0.));
#124 = LINE('',#125,#126);
#125 = CARTESIAN_POINT('',(105.023771,-49.792893,0.));
#126 = VECTOR('',#127,1.);
#127 = DIRECTION('',(0.,0.,1.));
#128 = ORIENTED_EDGE('',*,*,#129,.F.);
#129 = EDGE_CURVE('',#59,#122,#130,.T.);
#130 = LINE('',#131,#132);
#131 = CARTESIAN_POINT('',(105.023771,-46.992893,0.));
#132 = VECTOR('',#133,1.);
#133 = DIRECTION('',(0.,-1.,0.));
#134 = PLANE('',#135);
#135 = AXIS2_PLACEMENT_3D('',#136,#137,#138);
#136 = CARTESIAN_POINT('',(105.023771,-46.992893,0.));
#137 = DIRECTION('',(1.,0.,-0.));
#138 = DIRECTION('',(0.,-1.,0.));
#139 = ADVANCED_FACE('',(#140,#433,#444,#455,#466,#477,#488,#499,#510,
    #521,#532,#543,#554,#565,#576,#587,#598,#609,#620,#631,#642,#653,
    #664,#675,#686,#697,#708,#719,#730,#741,#777,#788,#824,#835,#846,
    #857,#868,#879,#890,#901,#912,#923,#959,#995,#1006,#1017,#1028,#1039
    ,#1050,#1061,#1072,#1083,#1094,#1105,#1116,#1127,#1138,#1149,#1160,
    #1171,#1182,#1193,#1204,#1215,#1226,#1237,#1248,#1259,#1270,#1306,
    #1317,#1328,#1364,#1400,#1411,#1422,#1433,#1469,#1480,#1491,#1502,
    #1513,#1524,#1535,#1546,#1557,#1568,#1579,#1590,#1601,#1612,#1623,
    #1634,#1645,#1656,#1667,#1678,#1689,#1700,#1711,#1722,#1733,#1744,
    #1755,#1766,#1777),#1788,.F.);
#140 = FACE_BOUND('',#141,.F.);
#141 = EDGE_LOOP('',(#142,#143,#144,#153,#161,#170,#178,#187,#195,#204,
    #212,#221,#229,#238,#247,#255,#264,#272,#281,#289,#298,#306,#315,
    #323,#332,#340,#349,#357,#366,#374,#383,#391,#400,#408,#417,#425,
    #432));
#142 = ORIENTED_EDGE('',*,*,#66,.F.);
#143 = ORIENTED_EDGE('',*,*,#98,.F.);
#144 = ORIENTED_EDGE('',*,*,#145,.F.);
#145 = EDGE_CURVE('',#146,#82,#148,.T.);
#146 = VERTEX_POINT('',#147);
#147 = CARTESIAN_POINT('',(84.523771,-46.992893,0.));
#148 = CIRCLE('',#149,0.999999252925);
#149 = AXIS2_PLACEMENT_3D('',#150,#151,#152);
#150 = CARTESIAN_POINT('',(85.523770252925,-46.99289225292,0.));
#151 = DIRECTION('',(0.,0.,-1.));
#152 = DIRECTION('',(-1.,-7.470757278485E-07,-0.));
#153 = ORIENTED_EDGE('',*,*,#154,.F.);
#154 = EDGE_CURVE('',#155,#146,#157,.T.);
#155 = VERTEX_POINT('',#156);
#156 = CARTESIAN_POINT('',(84.523771,-49.792893,0.));
#157 = LINE('',#158,#159);
#158 = CARTESIAN_POINT('',(84.523771,-49.792893,0.));
#159 = VECTOR('',#160,1.);
#160 = DIRECTION('',(0.,1.,0.));
#161 = ORIENTED_EDGE('',*,*,#162,.F.);
#162 = EDGE_CURVE('',#163,#155,#165,.T.);
#163 = VERTEX_POINT('',#164);
#164 = CARTESIAN_POINT('',(83.523771,-50.792893,0.));
#165 = CIRCLE('',#166,0.999999252925);
#166 = AXIS2_PLACEMENT_3D('',#167,#168,#169);
#167 = CARTESIAN_POINT('',(83.523771747075,-49.79289374707,0.));
#168 = DIRECTION('',(0.,0.,1.));
#169 = DIRECTION('',(-7.470757491648E-07,-1.,0.));
#170 = ORIENTED_EDGE('',*,*,#171,.F.);
#171 = EDGE_CURVE('',#172,#163,#174,.T.);
#172 = VERTEX_POINT('',#173);
#173 = CARTESIAN_POINT('',(63.823221,-50.792893,0.));
#174 = LINE('',#175,#176);
#175 = CARTESIAN_POINT('',(63.823221,-50.792893,0.));
#176 = VECTOR('',#177,1.);
#177 = DIRECTION('',(1.,0.,0.));
#178 = ORIENTED_EDGE('',*,*,#179,.F.);
#179 = EDGE_CURVE('',#180,#172,#182,.T.);
#180 = VERTEX_POINT('',#181);
#181 = CARTESIAN_POINT('',(63.273605,-50.957476,0.));
#182 = CIRCLE('',#183,0.999996301817);
#183 = AXIS2_PLACEMENT_3D('',#184,#185,#186);
#184 = CARTESIAN_POINT('',(63.823220519063,-51.79288930181,0.));
#185 = DIRECTION('',(0.,0.,-1.));
#186 = DIRECTION('',(-0.549617551649,0.83541639134,0.));
#187 = ORIENTED_EDGE('',*,*,#188,.F.);
#188 = EDGE_CURVE('',#189,#180,#191,.T.);
#189 = VERTEX_POINT('',#190);
#190 = CARTESIAN_POINT('',(47.,-61.,0.));
#191 = LINE('',#192,#193);
#192 = CARTESIAN_POINT('',(47.,-61.,0.));
#193 = VECTOR('',#194,1.);
#194 = DIRECTION('',(0.851004148069,0.52515896638,0.));
#195 = ORIENTED_EDGE('',*,*,#196,.F.);
#196 = EDGE_CURVE('',#197,#189,#199,.T.);
#197 = VERTEX_POINT('',#198);
#198 = CARTESIAN_POINT('',(46.549616,-61.835417,0.));
#199 = CIRCLE('',#200,1.000030012982);
#200 = AXIS2_PLACEMENT_3D('',#201,#202,#203);
#201 = CARTESIAN_POINT('',(47.549646012844,-61.83543359247,0.));
#202 = DIRECTION('',(0.,0.,-1.));
#203 = DIRECTION('',(-0.999999999862,1.659197305278E-05,0.));
#204 = ORIENTED_EDGE('',*,*,#205,.F.);
#205 = EDGE_CURVE('',#206,#197,#208,.T.);
#206 = VERTEX_POINT('',#207);
#207 = CARTESIAN_POINT('',(46.523771,-120.992893,0.));
#208 = LINE('',#209,#210);
#209 = CARTESIAN_POINT('',(46.523771,-120.992893,0.));
#210 = VECTOR('',#211,1.);
#211 = DIRECTION('',(4.368847233019E-04,0.999999904566,0.));
#212 = ORIENTED_EDGE('',*,*,#213,.F.);
#213 = EDGE_CURVE('',#214,#206,#216,.T.);
#214 = VERTEX_POINT('',#215);
#215 = CARTESIAN_POINT('',(47.523771,-121.992893,0.));
#216 = CIRCLE('',#217,0.999999252925);
#217 = AXIS2_PLACEMENT_3D('',#218,#219,#220);
#218 = CARTESIAN_POINT('',(47.523770252925,-120.992893747,0.));
#219 = DIRECTION('',(0.,0.,-1.));
#220 = DIRECTION('',(7.470757491648E-07,-1.,0.));
#221 = ORIENTED_EDGE('',*,*,#222,.F.);
#222 = EDGE_CURVE('',#223,#214,#225,.T.);
#223 = VERTEX_POINT('',#224);
#224 = CARTESIAN_POINT('',(66.723771,-121.992893,0.));
#225 = LINE('',#226,#227);
#226 = CARTESIAN_POINT('',(66.723771,-121.992893,0.));
#227 = VECTOR('',#228,1.);
#228 = DIRECTION('',(-1.,0.,0.));
#229 = ORIENTED_EDGE('',*,*,#230,.F.);
#230 = EDGE_CURVE('',#231,#223,#233,.T.);
#231 = VERTEX_POINT('',#232);
#232 = CARTESIAN_POINT('',(67.023771,-121.692893,0.));
#233 = CIRCLE('',#234,0.300000117299);
#234 = AXIS2_PLACEMENT_3D('',#235,#236,#237);
#235 = CARTESIAN_POINT('',(66.723770882701,-121.6928928827,0.));
#236 = DIRECTION('',(0.,0.,-1.));
#237 = DIRECTION('',(1.,-3.909954089759E-07,0.));
#238 = ORIENTED_EDGE('',*,*,#239,.F.);
#239 = EDGE_CURVE('',#240,#231,#242,.T.);
#240 = VERTEX_POINT('',#241);
#241 = CARTESIAN_POINT('',(68.023771,-120.692893,0.));
#242 = CIRCLE('',#243,0.999999252925);
#243 = AXIS2_PLACEMENT_3D('',#244,#245,#246);
#244 = CARTESIAN_POINT('',(68.023770252925,-121.6928922529,0.));
#245 = DIRECTION('',(0.,0.,1.));
#246 = DIRECTION('',(7.470757065322E-07,1.,-0.));
#247 = ORIENTED_EDGE('',*,*,#248,.F.);
#248 = EDGE_CURVE('',#249,#240,#251,.T.);
#249 = VERTEX_POINT('',#250);
#250 = CARTESIAN_POINT('',(110.957581,-120.692893,0.));
#251 = LINE('',#252,#253);
#252 = CARTESIAN_POINT('',(110.957581,-120.692893,0.));
#253 = VECTOR('',#254,1.);
#254 = DIRECTION('',(-1.,0.,0.));
#255 = ORIENTED_EDGE('',*,*,#256,.F.);
#256 = EDGE_CURVE('',#257,#249,#259,.T.);
#257 = VERTEX_POINT('',#258);
#258 = CARTESIAN_POINT('',(111.815074,-121.178397,0.));
#259 = CIRCLE('',#260,0.999999574965);
#260 = AXIS2_PLACEMENT_3D('',#261,#262,#263);
#261 = CARTESIAN_POINT('',(110.95758146168,-121.6928925749,0.));
#262 = DIRECTION('',(0.,0.,1.));
#263 = DIRECTION('',(0.857492902783,0.514495793644,-0.));
#264 = ORIENTED_EDGE('',*,*,#265,.F.);
#265 = EDGE_CURVE('',#266,#257,#268,.T.);
#266 = VERTEX_POINT('',#267);
#267 = CARTESIAN_POINT('',(117.890179,-131.303573,0.));
#268 = LINE('',#269,#270);
#269 = CARTESIAN_POINT('',(117.890179,-131.303573,0.));
#270 = VECTOR('',#271,1.);
#271 = DIRECTION('',(-0.514495718065,0.85749294813,0.));
#272 = ORIENTED_EDGE('',*,*,#273,.F.);
#273 = EDGE_CURVE('',#274,#266,#276,.T.);
#274 = VERTEX_POINT('',#275);
#275 = CARTESIAN_POINT('',(118.57062,-131.773279,0.));
#276 = CIRCLE('',#277,1.000007456937);
#277 = AXIS2_PLACEMENT_3D('',#278,#279,#280);
#278 = CARTESIAN_POINT('',(118.74767674204,-130.7890707781,0.));
#279 = DIRECTION('',(0.,0.,-1.));
#280 = DIRECTION('',(-0.177055421749,-0.984200882762,-0.));
#281 = ORIENTED_EDGE('',*,*,#282,.F.);
#282 = EDGE_CURVE('',#283,#274,#285,.T.);
#283 = VERTEX_POINT('',#284);
#284 = CARTESIAN_POINT('',(136.886572,-135.068212,0.));
#285 = LINE('',#286,#287);
#286 = CARTESIAN_POINT('',(136.886572,-135.068212,0.));
#287 = VECTOR('',#288,1.);
#288 = DIRECTION('',(-0.984201478703,0.177052109048,0.));
#289 = ORIENTED_EDGE('',*,*,#290,.F.);
#290 = EDGE_CURVE('',#291,#283,#293,.T.);
#291 = VERTEX_POINT('',#292);
#292 = CARTESIAN_POINT('',(137.14899,-135.154156,0.));
#293 = CIRCLE('',#294,0.999179570955);
#294 = AXIS2_PLACEMENT_3D('',#295,#296,#297);
#295 = CARTESIAN_POINT('',(136.70977856766,-136.0516264077,0.));
#296 = DIRECTION('',(0.,0.,1.));
#297 = DIRECTION('',(0.439572070029,0.898207323089,-0.));
#298 = ORIENTED_EDGE('',*,*,#299,.F.);
#299 = EDGE_CURVE('',#300,#291,#302,.T.);
#300 = VERTEX_POINT('',#301);
#301 = CARTESIAN_POINT('',(154.706205,-143.743976,0.));
#302 = LINE('',#303,#304);
#303 = CARTESIAN_POINT('',(154.706205,-143.743976,0.));
#304 = VECTOR('',#305,1.);
#305 = DIRECTION('',(-0.898257290978,0.439469952563,0.));
#306 = ORIENTED_EDGE('',*,*,#307,.F.);
#307 = EDGE_CURVE('',#308,#300,#310,.T.);
#308 = VERTEX_POINT('',#309);
#309 = CARTESIAN_POINT('',(156.053074,-143.265988,0.));
#310 = CIRCLE('',#311,1.000010808796);
#311 = AXIS2_PLACEMENT_3D('',#312,#313,#314);
#312 = CARTESIAN_POINT('',(155.14566947418,-142.8457039957,0.));
#313 = DIRECTION('',(-0.,0.,-1.));
#314 = DIRECTION('',(0.907394717972,-0.420279461546,-0.));
#315 = ORIENTED_EDGE('',*,*,#316,.F.);
#316 = EDGE_CURVE('',#317,#308,#319,.T.);
#317 = VERTEX_POINT('',#318);
#318 = CARTESIAN_POINT('',(164.000291,-126.107224,0.));
#319 = LINE('',#320,#321);
#320 = CARTESIAN_POINT('',(164.000291,-126.107224,0.));
#321 = VECTOR('',#322,1.);
#322 = DIRECTION('',(-0.420269223058,-0.907399460078,0.));
#323 = ORIENTED_EDGE('',*,*,#324,.F.);
#324 = EDGE_CURVE('',#325,#317,#327,.T.);
#325 = VERTEX_POINT('',#326);
#326 = CARTESIAN_POINT('',(163.506243,-124.776384,0.));
#327 = CIRCLE('',#328,0.99999793676);
#328 = AXIS2_PLACEMENT_3D('',#329,#330,#331);
#329 = CARTESIAN_POINT('',(163.09289398521,-125.6869544066,0.));
#330 = DIRECTION('',(0.,0.,-1.));
#331 = DIRECTION('',(0.413349867627,0.910572285397,0.));
#332 = ORIENTED_EDGE('',*,*,#333,.F.);
#333 = EDGE_CURVE('',#334,#325,#336,.T.);
#334 = VERTEX_POINT('',#335);
#335 = CARTESIAN_POINT('',(149.810419,-118.559201,0.));
#336 = LINE('',#337,#338);
#337 = CARTESIAN_POINT('',(149.810419,-118.559201,0.));
#338 = VECTOR('',#339,1.);
#339 = DIRECTION('',(0.910571529769,-0.413351532202,0.));
#340 = ORIENTED_EDGE('',*,*,#341,.F.);
#341 = EDGE_CURVE('',#342,#334,#344,.T.);
#342 = VERTEX_POINT('',#343);
#343 = CARTESIAN_POINT('',(149.223771,-117.648629,0.));
#344 = CIRCLE('',#345,1.000109647494);
#345 = AXIS2_PLACEMENT_3D('',#346,#347,#348);
#346 = CARTESIAN_POINT('',(150.22388064504,-117.6485590423,0.));
#347 = DIRECTION('',(0.,0.,1.));
#348 = DIRECTION('',(-0.999999997553,-6.99500092873E-05,0.));
#349 = ORIENTED_EDGE('',*,*,#350,.F.);
#350 = EDGE_CURVE('',#351,#342,#353,.T.);
#351 = VERTEX_POINT('',#352);
#352 = CARTESIAN_POINT('',(149.193111,-59.427825,0.));
#353 = LINE('',#354,#355);
#354 = CARTESIAN_POINT('',(149.193111,-59.427825,0.));
#355 = VECTOR('',#356,1.);
#356 = DIRECTION('',(5.266158081333E-04,-0.999999861338,0.));
#357 = ORIENTED_EDGE('',*,*,#358,.F.);
#358 = EDGE_CURVE('',#359,#351,#361,.T.);
#359 = VERTEX_POINT('',#360);
#360 = CARTESIAN_POINT('',(148.900687,-58.721716,0.));
#361 = CIRCLE('',#362,0.99984860078);
#362 = AXIS2_PLACEMENT_3D('',#363,#364,#365);
#363 = CARTESIAN_POINT('',(148.19326250767,-59.42829070386,0.));
#364 = DIRECTION('',(0.,0.,-1.));
#365 = DIRECTION('',(0.707531612058,0.706681694923,0.));
#366 = ORIENTED_EDGE('',*,*,#367,.F.);
#367 = EDGE_CURVE('',#368,#359,#370,.T.);
#368 = VERTEX_POINT('',#369);
#369 = CARTESIAN_POINT('',(144.071653,-53.886256,0.));
#370 = LINE('',#371,#372);
#371 = CARTESIAN_POINT('',(144.071653,-53.886256,0.));
#372 = VECTOR('',#373,1.);
#373 = DIRECTION('',(0.706636463982,-0.707576785777,0.));
#374 = ORIENTED_EDGE('',*,*,#375,.F.);
#375 = EDGE_CURVE('',#376,#368,#378,.T.);
#376 = VERTEX_POINT('',#377);
#377 = CARTESIAN_POINT('',(143.364076,-53.592893,0.));
#378 = CIRCLE('',#379,1.000008944217);
#379 = AXIS2_PLACEMENT_3D('',#380,#381,#382);
#380 = CARTESIAN_POINT('',(143.36407304123,-54.59290194421,0.));
#381 = DIRECTION('',(0.,0.,-1.));
#382 = DIRECTION('',(2.958735788517E-06,0.999999999996,0.));
#383 = ORIENTED_EDGE('',*,*,#384,.F.);
#384 = EDGE_CURVE('',#385,#376,#387,.T.);
#385 = VERTEX_POINT('',#386);
#386 = CARTESIAN_POINT('',(125.123771,-53.592893,0.));
#387 = LINE('',#388,#389);
#388 = CARTESIAN_POINT('',(125.123771,-53.592893,0.));
#389 = VECTOR('',#390,1.);
#390 = DIRECTION('',(1.,0.,0.));
#391 = ORIENTED_EDGE('',*,*,#392,.F.);
#392 = EDGE_CURVE('',#393,#385,#395,.T.);
#393 = VERTEX_POINT('',#394);
#394 = CARTESIAN_POINT('',(124.123771,-52.592893,0.));
#395 = CIRCLE('',#396,0.999999252925);
#396 = AXIS2_PLACEMENT_3D('',#397,#398,#399);
#397 = CARTESIAN_POINT('',(125.12377025292,-52.59289374707,0.));
#398 = DIRECTION('',(0.,0.,1.));
#399 = DIRECTION('',(-1.,7.470757491648E-07,0.));
#400 = ORIENTED_EDGE('',*,*,#401,.F.);
#401 = EDGE_CURVE('',#402,#393,#404,.T.);
#402 = VERTEX_POINT('',#403);
#403 = CARTESIAN_POINT('',(124.123771,-51.792893,0.));
#404 = LINE('',#405,#406);
#405 = CARTESIAN_POINT('',(124.123771,-51.792893,0.));
#406 = VECTOR('',#407,1.);
#407 = DIRECTION('',(0.,-1.,0.));
#408 = ORIENTED_EDGE('',*,*,#409,.F.);
#409 = EDGE_CURVE('',#410,#402,#412,.T.);
#410 = VERTEX_POINT('',#411);
#411 = CARTESIAN_POINT('',(123.123771,-50.792893,0.));
#412 = CIRCLE('',#413,0.999999252925);
#413 = AXIS2_PLACEMENT_3D('',#414,#415,#416);
#414 = CARTESIAN_POINT('',(123.12377174707,-51.79289225292,0.));
#415 = DIRECTION('',(0.,0.,-1.));
#416 = DIRECTION('',(-7.470757349539E-07,1.,0.));
#417 = ORIENTED_EDGE('',*,*,#418,.F.);
#418 = EDGE_CURVE('',#419,#410,#421,.T.);
#419 = VERTEX_POINT('',#420);
#420 = CARTESIAN_POINT('',(106.023771,-50.792893,0.));
#421 = LINE('',#422,#423);
#422 = CARTESIAN_POINT('',(106.023771,-50.792893,0.));
#423 = VECTOR('',#424,1.);
#424 = DIRECTION('',(1.,0.,0.));
#425 = ORIENTED_EDGE('',*,*,#426,.F.);
#426 = EDGE_CURVE('',#122,#419,#427,.T.);
#427 = CIRCLE('',#428,0.999999252925);
#428 = AXIS2_PLACEMENT_3D('',#429,#430,#431);
#429 = CARTESIAN_POINT('',(106.02377025292,-49.79289374707,0.));
#430 = DIRECTION('',(0.,0.,1.));
#431 = DIRECTION('',(-1.,7.470757278485E-07,0.));
#432 = ORIENTED_EDGE('',*,*,#129,.F.);
#433 = FACE_BOUND('',#434,.F.);
#434 = EDGE_LOOP('',(#435));
#435 = ORIENTED_EDGE('',*,*,#436,.T.);
#436 = EDGE_CURVE('',#437,#437,#439,.T.);
#437 = VERTEX_POINT('',#438);
#438 = CARTESIAN_POINT('',(57.16875,-118.65,0.));
#439 = CIRCLE('',#440,1.5);
#440 = AXIS2_PLACEMENT_3D('',#441,#442,#443);
#441 = CARTESIAN_POINT('',(57.16875,-117.15,0.));
#442 = DIRECTION('',(-0.,0.,-1.));
#443 = DIRECTION('',(-0.,-1.,0.));
#444 = FACE_BOUND('',#445,.F.);
#445 = EDGE_LOOP('',(#446));
#446 = ORIENTED_EDGE('',*,*,#447,.T.);
#447 = EDGE_CURVE('',#448,#448,#450,.T.);
#448 = VERTEX_POINT('',#449);
#449 = CARTESIAN_POINT('',(78.65,-116.405,0.));
#450 = CIRCLE('',#451,0.45);
#451 = AXIS2_PLACEMENT_3D('',#452,#453,#454);
#452 = CARTESIAN_POINT('',(78.65,-115.955,0.));
#453 = DIRECTION('',(-0.,0.,-1.));
#454 = DIRECTION('',(-0.,-1.,0.));
#455 = FACE_BOUND('',#456,.F.);
#456 = EDGE_LOOP('',(#457));
#457 = ORIENTED_EDGE('',*,*,#458,.T.);
#458 = EDGE_CURVE('',#459,#459,#461,.T.);
#459 = VERTEX_POINT('',#460);
#460 = CARTESIAN_POINT('',(81.65,-116.405,0.));
#461 = CIRCLE('',#462,0.45);
#462 = AXIS2_PLACEMENT_3D('',#463,#464,#465);
#463 = CARTESIAN_POINT('',(81.65,-115.955,0.));
#464 = DIRECTION('',(-0.,0.,-1.));
#465 = DIRECTION('',(-0.,-1.,0.));
#466 = FACE_BOUND('',#467,.F.);
#467 = EDGE_LOOP('',(#468));
#468 = ORIENTED_EDGE('',*,*,#469,.T.);
#469 = EDGE_CURVE('',#470,#470,#472,.T.);
#470 = VERTEX_POINT('',#471);
#471 = CARTESIAN_POINT('',(52.16875,-116.45,0.));
#472 = CIRCLE('',#473,1.5);
#473 = AXIS2_PLACEMENT_3D('',#474,#475,#476);
#474 = CARTESIAN_POINT('',(52.16875,-114.95,0.));
#475 = DIRECTION('',(-0.,0.,-1.));
#476 = DIRECTION('',(-0.,-1.,0.));
#477 = FACE_BOUND('',#478,.F.);
#478 = EDGE_LOOP('',(#479));
#479 = ORIENTED_EDGE('',*,*,#480,.T.);
#480 = EDGE_CURVE('',#481,#481,#483,.T.);
#481 = VERTEX_POINT('',#482);
#482 = CARTESIAN_POINT('',(51.66875,-112.05,0.));
#483 = CIRCLE('',#484,0.85);
#484 = AXIS2_PLACEMENT_3D('',#485,#486,#487);
#485 = CARTESIAN_POINT('',(51.66875,-111.2,0.));
#486 = DIRECTION('',(-0.,0.,-1.));
#487 = DIRECTION('',(-0.,-1.,0.));
#488 = FACE_BOUND('',#489,.F.);
#489 = EDGE_LOOP('',(#490));
#490 = ORIENTED_EDGE('',*,*,#491,.T.);
#491 = EDGE_CURVE('',#492,#492,#494,.T.);
#492 = VERTEX_POINT('',#493);
#493 = CARTESIAN_POINT('',(57.16875,-112.9,0.));
#494 = CIRCLE('',#495,1.7);
#495 = AXIS2_PLACEMENT_3D('',#496,#497,#498);
#496 = CARTESIAN_POINT('',(57.16875,-111.2,0.));
#497 = DIRECTION('',(-0.,0.,-1.));
#498 = DIRECTION('',(-0.,-1.,0.));
#499 = FACE_BOUND('',#500,.F.);
#500 = EDGE_LOOP('',(#501));
#501 = ORIENTED_EDGE('',*,*,#502,.T.);
#502 = EDGE_CURVE('',#503,#503,#505,.T.);
#503 = VERTEX_POINT('',#504);
#504 = CARTESIAN_POINT('',(62.66875,-112.05,0.));
#505 = CIRCLE('',#506,0.85);
#506 = AXIS2_PLACEMENT_3D('',#507,#508,#509);
#507 = CARTESIAN_POINT('',(62.66875,-111.2,0.));
#508 = DIRECTION('',(-0.,0.,-1.));
#509 = DIRECTION('',(-0.,-1.,0.));
#510 = FACE_BOUND('',#511,.F.);
#511 = EDGE_LOOP('',(#512));
#512 = ORIENTED_EDGE('',*,*,#513,.T.);
#513 = EDGE_CURVE('',#514,#514,#516,.T.);
#514 = VERTEX_POINT('',#515);
#515 = CARTESIAN_POINT('',(57.16875,-99.6,0.));
#516 = CIRCLE('',#517,1.5);
#517 = AXIS2_PLACEMENT_3D('',#518,#519,#520);
#518 = CARTESIAN_POINT('',(57.16875,-98.1,0.));
#519 = DIRECTION('',(-0.,0.,-1.));
#520 = DIRECTION('',(-0.,-1.,0.));
#521 = FACE_BOUND('',#522,.F.);
#522 = EDGE_LOOP('',(#523));
#523 = ORIENTED_EDGE('',*,*,#524,.T.);
#524 = EDGE_CURVE('',#525,#525,#527,.T.);
#525 = VERTEX_POINT('',#526);
#526 = CARTESIAN_POINT('',(52.16875,-97.4,0.));
#527 = CIRCLE('',#528,1.5);
#528 = AXIS2_PLACEMENT_3D('',#529,#530,#531);
#529 = CARTESIAN_POINT('',(52.16875,-95.9,0.));
#530 = DIRECTION('',(-0.,0.,-1.));
#531 = DIRECTION('',(-0.,-1.,0.));
#532 = FACE_BOUND('',#533,.F.);
#533 = EDGE_LOOP('',(#534));
#534 = ORIENTED_EDGE('',*,*,#535,.T.);
#535 = EDGE_CURVE('',#536,#536,#538,.T.);
#536 = VERTEX_POINT('',#537);
#537 = CARTESIAN_POINT('',(76.16875,-106.077,0.));
#538 = CIRCLE('',#539,1.5);
#539 = AXIS2_PLACEMENT_3D('',#540,#541,#542);
#540 = CARTESIAN_POINT('',(76.16875,-104.577,0.));
#541 = DIRECTION('',(-0.,0.,-1.));
#542 = DIRECTION('',(-0.,-1.,0.));
#543 = FACE_BOUND('',#544,.F.);
#544 = EDGE_LOOP('',(#545));
#545 = ORIENTED_EDGE('',*,*,#546,.T.);
#546 = EDGE_CURVE('',#547,#547,#549,.T.);
#547 = VERTEX_POINT('',#548);
#548 = CARTESIAN_POINT('',(71.16875,-103.877,0.));
#549 = CIRCLE('',#550,1.5);
#550 = AXIS2_PLACEMENT_3D('',#551,#552,#553);
#551 = CARTESIAN_POINT('',(71.16875,-102.377,0.));
#552 = DIRECTION('',(-0.,0.,-1.));
#553 = DIRECTION('',(-0.,-1.,0.));
#554 = FACE_BOUND('',#555,.F.);
#555 = EDGE_LOOP('',(#556));
#556 = ORIENTED_EDGE('',*,*,#557,.T.);
#557 = EDGE_CURVE('',#558,#558,#560,.T.);
#558 = VERTEX_POINT('',#559);
#559 = CARTESIAN_POINT('',(70.66875,-99.477,0.));
#560 = CIRCLE('',#561,0.85);
#561 = AXIS2_PLACEMENT_3D('',#562,#563,#564);
#562 = CARTESIAN_POINT('',(70.66875,-98.627,0.));
#563 = DIRECTION('',(-0.,0.,-1.));
#564 = DIRECTION('',(1.671865260612E-14,-1.,-0.));
#565 = FACE_BOUND('',#566,.F.);
#566 = EDGE_LOOP('',(#567));
#567 = ORIENTED_EDGE('',*,*,#568,.T.);
#568 = EDGE_CURVE('',#569,#569,#571,.T.);
#569 = VERTEX_POINT('',#570);
#570 = CARTESIAN_POINT('',(76.16875,-100.327,0.));
#571 = CIRCLE('',#572,1.7);
#572 = AXIS2_PLACEMENT_3D('',#573,#574,#575);
#573 = CARTESIAN_POINT('',(76.16875,-98.627,0.));
#574 = DIRECTION('',(-0.,0.,-1.));
#575 = DIRECTION('',(-0.,-1.,0.));
#576 = FACE_BOUND('',#577,.F.);
#577 = EDGE_LOOP('',(#578));
#578 = ORIENTED_EDGE('',*,*,#579,.F.);
#579 = EDGE_CURVE('',#580,#580,#582,.T.);
#580 = VERTEX_POINT('',#581);
#581 = CARTESIAN_POINT('',(87.8,-102.5,0.));
#582 = CIRCLE('',#583,2.);
#583 = AXIS2_PLACEMENT_3D('',#584,#585,#586);
#584 = CARTESIAN_POINT('',(85.8,-102.5,0.));
#585 = DIRECTION('',(0.,0.,1.));
#586 = DIRECTION('',(1.,0.,-0.));
#587 = FACE_BOUND('',#588,.F.);
#588 = EDGE_LOOP('',(#589));
#589 = ORIENTED_EDGE('',*,*,#590,.T.);
#590 = EDGE_CURVE('',#591,#591,#593,.T.);
#591 = VERTEX_POINT('',#592);
#592 = CARTESIAN_POINT('',(81.66875,-99.477,0.));
#593 = CIRCLE('',#594,0.85);
#594 = AXIS2_PLACEMENT_3D('',#595,#596,#597);
#595 = CARTESIAN_POINT('',(81.66875,-98.627,0.));
#596 = DIRECTION('',(-0.,0.,-1.));
#597 = DIRECTION('',(1.671865260612E-14,-1.,-0.));
#598 = FACE_BOUND('',#599,.F.);
#599 = EDGE_LOOP('',(#600));
#600 = ORIENTED_EDGE('',*,*,#601,.T.);
#601 = EDGE_CURVE('',#602,#602,#604,.T.);
#602 = VERTEX_POINT('',#603);
#603 = CARTESIAN_POINT('',(95.16875,-101.3145,0.));
#604 = CIRCLE('',#605,1.5);
#605 = AXIS2_PLACEMENT_3D('',#606,#607,#608);
#606 = CARTESIAN_POINT('',(95.16875,-99.8145,0.));
#607 = DIRECTION('',(-0.,0.,-1.));
#608 = DIRECTION('',(-0.,-1.,0.));
#609 = FACE_BOUND('',#610,.F.);
#610 = EDGE_LOOP('',(#611));
#611 = ORIENTED_EDGE('',*,*,#612,.T.);
#612 = EDGE_CURVE('',#613,#613,#615,.T.);
#613 = VERTEX_POINT('',#614);
#614 = CARTESIAN_POINT('',(90.16875,-99.1145,0.));
#615 = CIRCLE('',#616,1.5);
#616 = AXIS2_PLACEMENT_3D('',#617,#618,#619);
#617 = CARTESIAN_POINT('',(90.16875,-97.6145,0.));
#618 = DIRECTION('',(-0.,0.,-1.));
#619 = DIRECTION('',(-0.,-1.,0.));
#620 = FACE_BOUND('',#621,.F.);
#621 = EDGE_LOOP('',(#622));
#622 = ORIENTED_EDGE('',*,*,#623,.T.);
#623 = EDGE_CURVE('',#624,#624,#626,.T.);
#624 = VERTEX_POINT('',#625);
#625 = CARTESIAN_POINT('',(128.716535,-130.468305,0.));
#626 = CIRCLE('',#627,1.5);
#627 = AXIS2_PLACEMENT_3D('',#628,#629,#630);
#628 = CARTESIAN_POINT('',(128.716535,-128.968305,0.));
#629 = DIRECTION('',(-0.,0.,-1.));
#630 = DIRECTION('',(-0.,-1.,0.));
#631 = FACE_BOUND('',#632,.F.);
#632 = EDGE_LOOP('',(#633));
#633 = ORIENTED_EDGE('',*,*,#634,.F.);
#634 = EDGE_CURVE('',#635,#635,#637,.T.);
#635 = VERTEX_POINT('',#636);
#636 = CARTESIAN_POINT('',(117.2,-119.7,0.));
#637 = CIRCLE('',#638,2.);
#638 = AXIS2_PLACEMENT_3D('',#639,#640,#641);
#639 = CARTESIAN_POINT('',(115.2,-119.7,0.));
#640 = DIRECTION('',(0.,0.,1.));
#641 = DIRECTION('',(1.,0.,-0.));
#642 = FACE_BOUND('',#643,.F.);
#643 = EDGE_LOOP('',(#644));
#644 = ORIENTED_EDGE('',*,*,#645,.T.);
#645 = EDGE_CURVE('',#646,#646,#648,.T.);
#646 = VERTEX_POINT('',#647);
#647 = CARTESIAN_POINT('',(124.174522,-127.433487,0.));
#648 = CIRCLE('',#649,1.5);
#649 = AXIS2_PLACEMENT_3D('',#650,#651,#652);
#650 = CARTESIAN_POINT('',(124.174522,-125.933487,0.));
#651 = DIRECTION('',(-0.,0.,-1.));
#652 = DIRECTION('',(-0.,-1.,0.));
#653 = FACE_BOUND('',#654,.F.);
#654 = EDGE_LOOP('',(#655));
#655 = ORIENTED_EDGE('',*,*,#656,.T.);
#656 = EDGE_CURVE('',#657,#657,#659,.T.);
#657 = VERTEX_POINT('',#658);
#658 = CARTESIAN_POINT('',(124.333298,-123.003634,0.));
#659 = CIRCLE('',#660,0.85);
#660 = AXIS2_PLACEMENT_3D('',#661,#662,#663);
#661 = CARTESIAN_POINT('',(124.333298,-122.153634,0.));
#662 = DIRECTION('',(-0.,0.,-1.));
#663 = DIRECTION('',(-0.,-1.,0.));
#664 = FACE_BOUND('',#665,.F.);
#665 = EDGE_LOOP('',(#666));
#666 = ORIENTED_EDGE('',*,*,#667,.T.);
#667 = EDGE_CURVE('',#668,#668,#670,.T.);
#668 = VERTEX_POINT('',#669);
#669 = CARTESIAN_POINT('',(147.619479,-136.428379,0.));
#670 = CIRCLE('',#671,1.5);
#671 = AXIS2_PLACEMENT_3D('',#672,#673,#674);
#672 = CARTESIAN_POINT('',(147.619479,-134.928379,0.));
#673 = DIRECTION('',(-0.,0.,-1.));
#674 = DIRECTION('',(-0.,-1.,0.));
#675 = FACE_BOUND('',#676,.F.);
#676 = EDGE_LOOP('',(#677));
#677 = ORIENTED_EDGE('',*,*,#678,.T.);
#678 = EDGE_CURVE('',#679,#679,#681,.T.);
#679 = VERTEX_POINT('',#680);
#680 = CARTESIAN_POINT('',(155.11875,-132.710249,0.));
#681 = CIRCLE('',#682,0.85);
#682 = AXIS2_PLACEMENT_3D('',#683,#684,#685);
#683 = CARTESIAN_POINT('',(155.11875,-131.860249,0.));
#684 = DIRECTION('',(-0.,0.,-1.));
#685 = DIRECTION('',(-0.,-1.,0.));
#686 = FACE_BOUND('',#687,.F.);
#687 = EDGE_LOOP('',(#688));
#688 = ORIENTED_EDGE('',*,*,#689,.T.);
#689 = EDGE_CURVE('',#690,#690,#692,.T.);
#690 = VERTEX_POINT('',#691);
#691 = CARTESIAN_POINT('',(144.017699,-132.321413,0.));
#692 = CIRCLE('',#693,1.5);
#693 = AXIS2_PLACEMENT_3D('',#694,#695,#696);
#694 = CARTESIAN_POINT('',(144.017699,-130.821413,0.));
#695 = DIRECTION('',(-0.,0.,-1.));
#696 = DIRECTION('',(-0.,-1.,0.));
#697 = FACE_BOUND('',#698,.F.);
#698 = EDGE_LOOP('',(#699));
#699 = ORIENTED_EDGE('',*,*,#700,.T.);
#700 = EDGE_CURVE('',#701,#701,#703,.T.);
#701 = VERTEX_POINT('',#702);
#702 = CARTESIAN_POINT('',(145.149364,-128.061449,0.));
#703 = CIRCLE('',#704,0.85);
#704 = AXIS2_PLACEMENT_3D('',#705,#706,#707);
#705 = CARTESIAN_POINT('',(145.149364,-127.211449,0.));
#706 = DIRECTION('',(-0.,0.,-1.));
#707 = DIRECTION('',(-0.,-1.,0.));
#708 = FACE_BOUND('',#709,.F.);
#709 = EDGE_LOOP('',(#710));
#710 = ORIENTED_EDGE('',*,*,#711,.T.);
#711 = EDGE_CURVE('',#712,#712,#714,.T.);
#712 = VERTEX_POINT('',#713);
#713 = CARTESIAN_POINT('',(150.134057,-131.235849,0.));
#714 = CIRCLE('',#715,1.7);
#715 = AXIS2_PLACEMENT_3D('',#716,#717,#718);
#716 = CARTESIAN_POINT('',(150.134057,-129.535849,0.));
#717 = DIRECTION('',(-0.,0.,-1.));
#718 = DIRECTION('',(1.671865260612E-14,-1.,-0.));
#719 = FACE_BOUND('',#720,.F.);
#720 = EDGE_LOOP('',(#721));
#721 = ORIENTED_EDGE('',*,*,#722,.T.);
#722 = EDGE_CURVE('',#723,#723,#725,.T.);
#723 = VERTEX_POINT('',#724);
#724 = CARTESIAN_POINT('',(135.166184,-124.913764,0.));
#725 = CIRCLE('',#726,0.85);
#726 = AXIS2_PLACEMENT_3D('',#727,#728,#729);
#727 = CARTESIAN_POINT('',(135.166184,-124.063764,0.));
#728 = DIRECTION('',(-0.,0.,-1.));
#729 = DIRECTION('',(-0.,-1.,0.));
#730 = FACE_BOUND('',#731,.F.);
#731 = EDGE_LOOP('',(#732));
#732 = ORIENTED_EDGE('',*,*,#733,.T.);
#733 = EDGE_CURVE('',#734,#734,#736,.T.);
#734 = VERTEX_POINT('',#735);
#735 = CARTESIAN_POINT('',(129.749741,-124.808699,0.));
#736 = CIRCLE('',#737,1.7);
#737 = AXIS2_PLACEMENT_3D('',#738,#739,#740);
#738 = CARTESIAN_POINT('',(129.749741,-123.108699,0.));
#739 = DIRECTION('',(-0.,0.,-1.));
#740 = DIRECTION('',(-0.,-1.,0.));
#741 = FACE_BOUND('',#742,.F.);
#742 = EDGE_LOOP('',(#743,#754,#762,#771));
#743 = ORIENTED_EDGE('',*,*,#744,.T.);
#744 = EDGE_CURVE('',#745,#747,#749,.T.);
#745 = VERTEX_POINT('',#746);
#746 = CARTESIAN_POINT('',(142.64,-117.9125,0.));
#747 = VERTEX_POINT('',#748);
#748 = CARTESIAN_POINT('',(142.64,-118.5125,0.));
#749 = CIRCLE('',#750,0.3);
#750 = AXIS2_PLACEMENT_3D('',#751,#752,#753);
#751 = CARTESIAN_POINT('',(142.64,-118.2125,0.));
#752 = DIRECTION('',(-0.,0.,-1.));
#753 = DIRECTION('',(-0.,-1.,0.));
#754 = ORIENTED_EDGE('',*,*,#755,.T.);
#755 = EDGE_CURVE('',#747,#756,#758,.T.);
#756 = VERTEX_POINT('',#757);
#757 = CARTESIAN_POINT('',(141.54,-118.5125,0.));
#758 = LINE('',#759,#760);
#759 = CARTESIAN_POINT('',(70.77,-118.5125,0.));
#760 = VECTOR('',#761,1.);
#761 = DIRECTION('',(-1.,0.,0.));
#762 = ORIENTED_EDGE('',*,*,#763,.T.);
#763 = EDGE_CURVE('',#756,#764,#766,.T.);
#764 = VERTEX_POINT('',#765);
#765 = CARTESIAN_POINT('',(141.54,-117.9125,0.));
#766 = CIRCLE('',#767,0.3);
#767 = AXIS2_PLACEMENT_3D('',#768,#769,#770);
#768 = CARTESIAN_POINT('',(141.54,-118.2125,0.));
#769 = DIRECTION('',(-0.,0.,-1.));
#770 = DIRECTION('',(0.,1.,0.));
#771 = ORIENTED_EDGE('',*,*,#772,.T.);
#772 = EDGE_CURVE('',#764,#745,#773,.T.);
#773 = LINE('',#774,#775);
#774 = CARTESIAN_POINT('',(71.32,-117.9125,0.));
#775 = VECTOR('',#776,1.);
#776 = DIRECTION('',(1.,0.,-0.));
#777 = FACE_BOUND('',#778,.F.);
#778 = EDGE_LOOP('',(#779));
#779 = ORIENTED_EDGE('',*,*,#780,.T.);
#780 = EDGE_CURVE('',#781,#781,#783,.T.);
#781 = VERTEX_POINT('',#782);
#782 = CARTESIAN_POINT('',(142.62,-117.1075,0.));
#783 = CIRCLE('',#784,0.325);
#784 = AXIS2_PLACEMENT_3D('',#785,#786,#787);
#785 = CARTESIAN_POINT('',(142.62,-116.7825,0.));
#786 = DIRECTION('',(-0.,0.,-1.));
#787 = DIRECTION('',(-0.,-1.,0.));
#788 = FACE_BOUND('',#789,.F.);
#789 = EDGE_LOOP('',(#790,#801,#809,#818));
#790 = ORIENTED_EDGE('',*,*,#791,.T.);
#791 = EDGE_CURVE('',#792,#794,#796,.T.);
#792 = VERTEX_POINT('',#793);
#793 = CARTESIAN_POINT('',(146.57,-117.9125,0.));
#794 = VERTEX_POINT('',#795);
#795 = CARTESIAN_POINT('',(146.57,-118.5125,0.));
#796 = CIRCLE('',#797,0.3);
#797 = AXIS2_PLACEMENT_3D('',#798,#799,#800);
#798 = CARTESIAN_POINT('',(146.57,-118.2125,0.));
#799 = DIRECTION('',(-0.,0.,-1.));
#800 = DIRECTION('',(-0.,-1.,0.));
#801 = ORIENTED_EDGE('',*,*,#802,.T.);
#802 = EDGE_CURVE('',#794,#803,#805,.T.);
#803 = VERTEX_POINT('',#804);
#804 = CARTESIAN_POINT('',(145.97,-118.5125,0.));
#805 = LINE('',#806,#807);
#806 = CARTESIAN_POINT('',(72.985,-118.5125,0.));
#807 = VECTOR('',#808,1.);
#808 = DIRECTION('',(-1.,0.,0.));
#809 = ORIENTED_EDGE('',*,*,#810,.T.);
#810 = EDGE_CURVE('',#803,#811,#813,.T.);
#811 = VERTEX_POINT('',#812);
#812 = CARTESIAN_POINT('',(145.97,-117.9125,0.));
#813 = CIRCLE('',#814,0.3);
#814 = AXIS2_PLACEMENT_3D('',#815,#816,#817);
#815 = CARTESIAN_POINT('',(145.97,-118.2125,0.));
#816 = DIRECTION('',(-0.,0.,-1.));
#817 = DIRECTION('',(0.,1.,0.));
#818 = ORIENTED_EDGE('',*,*,#819,.T.);
#819 = EDGE_CURVE('',#811,#792,#820,.T.);
#820 = LINE('',#821,#822);
#821 = CARTESIAN_POINT('',(73.285,-117.9125,0.));
#822 = VECTOR('',#823,1.);
#823 = DIRECTION('',(1.,0.,-0.));
#824 = FACE_BOUND('',#825,.F.);
#825 = EDGE_LOOP('',(#826));
#826 = ORIENTED_EDGE('',*,*,#827,.T.);
#827 = EDGE_CURVE('',#828,#828,#830,.T.);
#828 = VERTEX_POINT('',#829);
#829 = CARTESIAN_POINT('',(109.16875,-103.877,0.));
#830 = CIRCLE('',#831,1.5);
#831 = AXIS2_PLACEMENT_3D('',#832,#833,#834);
#832 = CARTESIAN_POINT('',(109.16875,-102.377,0.));
#833 = DIRECTION('',(-0.,0.,-1.));
#834 = DIRECTION('',(-0.,-1.,0.));
#835 = FACE_BOUND('',#836,.F.);
#836 = EDGE_LOOP('',(#837));
#837 = ORIENTED_EDGE('',*,*,#838,.T.);
#838 = EDGE_CURVE('',#839,#839,#841,.T.);
#839 = VERTEX_POINT('',#840);
#840 = CARTESIAN_POINT('',(114.16875,-106.077,0.));
#841 = CIRCLE('',#842,1.5);
#842 = AXIS2_PLACEMENT_3D('',#843,#844,#845);
#843 = CARTESIAN_POINT('',(114.16875,-104.577,0.));
#844 = DIRECTION('',(-0.,0.,-1.));
#845 = DIRECTION('',(-0.,-1.,0.));
#846 = FACE_BOUND('',#847,.F.);
#847 = EDGE_LOOP('',(#848));
#848 = ORIENTED_EDGE('',*,*,#849,.T.);
#849 = EDGE_CURVE('',#850,#850,#852,.T.);
#850 = VERTEX_POINT('',#851);
#851 = CARTESIAN_POINT('',(108.66875,-99.477,0.));
#852 = CIRCLE('',#853,0.85);
#853 = AXIS2_PLACEMENT_3D('',#854,#855,#856);
#854 = CARTESIAN_POINT('',(108.66875,-98.627,0.));
#855 = DIRECTION('',(-0.,0.,-1.));
#856 = DIRECTION('',(1.671865260612E-14,-1.,-0.));
#857 = FACE_BOUND('',#858,.F.);
#858 = EDGE_LOOP('',(#859));
#859 = ORIENTED_EDGE('',*,*,#860,.T.);
#860 = EDGE_CURVE('',#861,#861,#863,.T.);
#861 = VERTEX_POINT('',#862);
#862 = CARTESIAN_POINT('',(114.16875,-100.327,0.));
#863 = CIRCLE('',#864,1.7);
#864 = AXIS2_PLACEMENT_3D('',#865,#866,#867);
#865 = CARTESIAN_POINT('',(114.16875,-98.627,0.));
#866 = DIRECTION('',(-0.,0.,-1.));
#867 = DIRECTION('',(-0.,-1.,0.));
#868 = FACE_BOUND('',#869,.F.);
#869 = EDGE_LOOP('',(#870));
#870 = ORIENTED_EDGE('',*,*,#871,.T.);
#871 = EDGE_CURVE('',#872,#872,#874,.T.);
#872 = VERTEX_POINT('',#873);
#873 = CARTESIAN_POINT('',(128.16875,-106.7345,0.));
#874 = CIRCLE('',#875,1.5);
#875 = AXIS2_PLACEMENT_3D('',#876,#877,#878);
#876 = CARTESIAN_POINT('',(128.16875,-105.2345,0.));
#877 = DIRECTION('',(-0.,0.,-1.));
#878 = DIRECTION('',(-0.,-1.,0.));
#879 = FACE_BOUND('',#880,.F.);
#880 = EDGE_LOOP('',(#881));
#881 = ORIENTED_EDGE('',*,*,#882,.T.);
#882 = EDGE_CURVE('',#883,#883,#885,.T.);
#883 = VERTEX_POINT('',#884);
#884 = CARTESIAN_POINT('',(127.66875,-102.3345,0.));
#885 = CIRCLE('',#886,0.85);
#886 = AXIS2_PLACEMENT_3D('',#887,#888,#889);
#887 = CARTESIAN_POINT('',(127.66875,-101.4845,0.));
#888 = DIRECTION('',(-0.,0.,-1.));
#889 = DIRECTION('',(-0.,-1.,0.));
#890 = FACE_BOUND('',#891,.F.);
#891 = EDGE_LOOP('',(#892));
#892 = ORIENTED_EDGE('',*,*,#893,.T.);
#893 = EDGE_CURVE('',#894,#894,#896,.T.);
#894 = VERTEX_POINT('',#895);
#895 = CARTESIAN_POINT('',(119.66875,-99.477,0.));
#896 = CIRCLE('',#897,0.85);
#897 = AXIS2_PLACEMENT_3D('',#898,#899,#900);
#898 = CARTESIAN_POINT('',(119.66875,-98.627,0.));
#899 = DIRECTION('',(-0.,0.,-1.));
#900 = DIRECTION('',(1.671865260612E-14,-1.,-0.));
#901 = FACE_BOUND('',#902,.F.);
#902 = EDGE_LOOP('',(#903));
#903 = ORIENTED_EDGE('',*,*,#904,.T.);
#904 = EDGE_CURVE('',#905,#905,#907,.T.);
#905 = VERTEX_POINT('',#906);
#906 = CARTESIAN_POINT('',(142.62,-111.3275,0.));
#907 = CIRCLE('',#908,0.325);
#908 = AXIS2_PLACEMENT_3D('',#909,#910,#911);
#909 = CARTESIAN_POINT('',(142.62,-111.0025,0.));
#910 = DIRECTION('',(-0.,0.,-1.));
#911 = DIRECTION('',(-0.,-1.,0.));
#912 = FACE_BOUND('',#913,.F.);
#913 = EDGE_LOOP('',(#914));
#914 = ORIENTED_EDGE('',*,*,#915,.T.);
#915 = EDGE_CURVE('',#916,#916,#918,.T.);
#916 = VERTEX_POINT('',#917);
#917 = CARTESIAN_POINT('',(133.16875,-108.9345,0.));
#918 = CIRCLE('',#919,1.5);
#919 = AXIS2_PLACEMENT_3D('',#920,#921,#922);
#920 = CARTESIAN_POINT('',(133.16875,-107.4345,0.));
#921 = DIRECTION('',(-0.,0.,-1.));
#922 = DIRECTION('',(-0.,-1.,0.));
#923 = FACE_BOUND('',#924,.F.);
#924 = EDGE_LOOP('',(#925,#936,#944,#953));
#925 = ORIENTED_EDGE('',*,*,#926,.T.);
#926 = EDGE_CURVE('',#927,#929,#931,.T.);
#927 = VERTEX_POINT('',#928);
#928 = CARTESIAN_POINT('',(142.64,-109.272501,0.));
#929 = VERTEX_POINT('',#930);
#930 = CARTESIAN_POINT('',(142.64,-109.872501,0.));
#931 = CIRCLE('',#932,0.3);
#932 = AXIS2_PLACEMENT_3D('',#933,#934,#935);
#933 = CARTESIAN_POINT('',(142.64,-109.572501,0.));
#934 = DIRECTION('',(-0.,0.,-1.));
#935 = DIRECTION('',(-9.473903143468E-14,-1.,0.));
#936 = ORIENTED_EDGE('',*,*,#937,.T.);
#937 = EDGE_CURVE('',#929,#938,#940,.T.);
#938 = VERTEX_POINT('',#939);
#939 = CARTESIAN_POINT('',(141.54,-109.872501,0.));
#940 = LINE('',#941,#942);
#941 = CARTESIAN_POINT('',(70.77,-109.872501,0.));
#942 = VECTOR('',#943,1.);
#943 = DIRECTION('',(-1.,0.,0.));
#944 = ORIENTED_EDGE('',*,*,#945,.T.);
#945 = EDGE_CURVE('',#938,#946,#948,.T.);
#946 = VERTEX_POINT('',#947);
#947 = CARTESIAN_POINT('',(141.54,-109.272501,0.));
#948 = CIRCLE('',#949,0.3);
#949 = AXIS2_PLACEMENT_3D('',#950,#951,#952);
#950 = CARTESIAN_POINT('',(141.54,-109.572501,0.));
#951 = DIRECTION('',(-0.,0.,-1.));
#952 = DIRECTION('',(0.,1.,0.));
#953 = ORIENTED_EDGE('',*,*,#954,.T.);
#954 = EDGE_CURVE('',#946,#927,#955,.T.);
#955 = LINE('',#956,#957);
#956 = CARTESIAN_POINT('',(71.32,-109.272501,0.));
#957 = VECTOR('',#958,1.);
#958 = DIRECTION('',(1.,0.,-0.));
#959 = FACE_BOUND('',#960,.F.);
#960 = EDGE_LOOP('',(#961,#972,#980,#989));
#961 = ORIENTED_EDGE('',*,*,#962,.T.);
#962 = EDGE_CURVE('',#963,#965,#967,.T.);
#963 = VERTEX_POINT('',#964);
#964 = CARTESIAN_POINT('',(146.57,-109.2725,0.));
#965 = VERTEX_POINT('',#966);
#966 = CARTESIAN_POINT('',(146.57,-109.8725,0.));
#967 = CIRCLE('',#968,0.3);
#968 = AXIS2_PLACEMENT_3D('',#969,#970,#971);
#969 = CARTESIAN_POINT('',(146.57,-109.5725,0.));
#970 = DIRECTION('',(-0.,0.,-1.));
#971 = DIRECTION('',(-0.,-1.,0.));
#972 = ORIENTED_EDGE('',*,*,#973,.T.);
#973 = EDGE_CURVE('',#965,#974,#976,.T.);
#974 = VERTEX_POINT('',#975);
#975 = CARTESIAN_POINT('',(145.97,-109.8725,0.));
#976 = LINE('',#977,#978);
#977 = CARTESIAN_POINT('',(72.985,-109.8725,0.));
#978 = VECTOR('',#979,1.);
#979 = DIRECTION('',(-1.,0.,0.));
#980 = ORIENTED_EDGE('',*,*,#981,.T.);
#981 = EDGE_CURVE('',#974,#982,#984,.T.);
#982 = VERTEX_POINT('',#983);
#983 = CARTESIAN_POINT('',(145.97,-109.2725,0.));
#984 = CIRCLE('',#985,0.3);
#985 = AXIS2_PLACEMENT_3D('',#986,#987,#988);
#986 = CARTESIAN_POINT('',(145.97,-109.5725,0.));
#987 = DIRECTION('',(-0.,0.,-1.));
#988 = DIRECTION('',(0.,1.,0.));
#989 = ORIENTED_EDGE('',*,*,#990,.T.);
#990 = EDGE_CURVE('',#982,#963,#991,.T.);
#991 = LINE('',#992,#993);
#992 = CARTESIAN_POINT('',(73.285,-109.2725,0.));
#993 = VECTOR('',#994,1.);
#994 = DIRECTION('',(1.,0.,-0.));
#995 = FACE_BOUND('',#996,.F.);
#996 = EDGE_LOOP('',(#997));
#997 = ORIENTED_EDGE('',*,*,#998,.T.);
#998 = EDGE_CURVE('',#999,#999,#1001,.T.);
#999 = VERTEX_POINT('',#1000);
#1000 = CARTESIAN_POINT('',(133.16875,-103.1845,0.));
#1001 = CIRCLE('',#1002,1.7);
#1002 = AXIS2_PLACEMENT_3D('',#1003,#1004,#1005);
#1003 = CARTESIAN_POINT('',(133.16875,-101.4845,0.));
#1004 = DIRECTION('',(-0.,0.,-1.));
#1005 = DIRECTION('',(-0.,-1.,0.));
#1006 = FACE_BOUND('',#1007,.F.);
#1007 = EDGE_LOOP('',(#1008));
#1008 = ORIENTED_EDGE('',*,*,#1009,.T.);
#1009 = EDGE_CURVE('',#1010,#1010,#1012,.T.);
#1010 = VERTEX_POINT('',#1011);
#1011 = CARTESIAN_POINT('',(138.66875,-102.3345,0.));
#1012 = CIRCLE('',#1013,0.85);
#1013 = AXIS2_PLACEMENT_3D('',#1014,#1015,#1016);
#1014 = CARTESIAN_POINT('',(138.66875,-101.4845,0.));
#1015 = DIRECTION('',(-0.,0.,-1.));
#1016 = DIRECTION('',(-0.,-1.,0.));
#1017 = FACE_BOUND('',#1018,.F.);
#1018 = EDGE_LOOP('',(#1019));
#1019 = ORIENTED_EDGE('',*,*,#1020,.T.);
#1020 = EDGE_CURVE('',#1021,#1021,#1023,.T.);
#1021 = VERTEX_POINT('',#1022);
#1022 = CARTESIAN_POINT('',(51.66875,-93.,0.));
#1023 = CIRCLE('',#1024,0.85);
#1024 = AXIS2_PLACEMENT_3D('',#1025,#1026,#1027);
#1025 = CARTESIAN_POINT('',(51.66875,-92.15,0.));
#1026 = DIRECTION('',(-0.,0.,-1.));
#1027 = DIRECTION('',(-0.,-1.,0.));
#1028 = FACE_BOUND('',#1029,.F.);
#1029 = EDGE_LOOP('',(#1030));
#1030 = ORIENTED_EDGE('',*,*,#1031,.T.);
#1031 = EDGE_CURVE('',#1032,#1032,#1034,.T.);
#1032 = VERTEX_POINT('',#1033);
#1033 = CARTESIAN_POINT('',(57.16875,-93.85,0.));
#1034 = CIRCLE('',#1035,1.7);
#1035 = AXIS2_PLACEMENT_3D('',#1036,#1037,#1038);
#1036 = CARTESIAN_POINT('',(57.16875,-92.15,0.));
#1037 = DIRECTION('',(-0.,0.,-1.));
#1038 = DIRECTION('',(-0.,-1.,0.));
#1039 = FACE_BOUND('',#1040,.F.);
#1040 = EDGE_LOOP('',(#1041));
#1041 = ORIENTED_EDGE('',*,*,#1042,.T.);
#1042 = EDGE_CURVE('',#1043,#1043,#1045,.T.);
#1043 = VERTEX_POINT('',#1044);
#1044 = CARTESIAN_POINT('',(62.66875,-93.,0.));
#1045 = CIRCLE('',#1046,0.85);
#1046 = AXIS2_PLACEMENT_3D('',#1047,#1048,#1049);
#1047 = CARTESIAN_POINT('',(62.66875,-92.15,0.));
#1048 = DIRECTION('',(-0.,0.,-1.));
#1049 = DIRECTION('',(-0.,-1.,0.));
#1050 = FACE_BOUND('',#1051,.F.);
#1051 = EDGE_LOOP('',(#1052));
#1052 = ORIENTED_EDGE('',*,*,#1053,.F.);
#1053 = EDGE_CURVE('',#1054,#1054,#1056,.T.);
#1054 = VERTEX_POINT('',#1055);
#1055 = CARTESIAN_POINT('',(69.2,-89.1,0.));
#1056 = CIRCLE('',#1057,2.);
#1057 = AXIS2_PLACEMENT_3D('',#1058,#1059,#1060);
#1058 = CARTESIAN_POINT('',(67.2,-89.1,0.));
#1059 = DIRECTION('',(0.,0.,1.));
#1060 = DIRECTION('',(1.,0.,-0.));
#1061 = FACE_BOUND('',#1062,.F.);
#1062 = EDGE_LOOP('',(#1063));
#1063 = ORIENTED_EDGE('',*,*,#1064,.T.);
#1064 = EDGE_CURVE('',#1065,#1065,#1067,.T.);
#1065 = VERTEX_POINT('',#1066);
#1066 = CARTESIAN_POINT('',(76.16875,-87.027,0.));
#1067 = CIRCLE('',#1068,1.5);
#1068 = AXIS2_PLACEMENT_3D('',#1069,#1070,#1071);
#1069 = CARTESIAN_POINT('',(76.16875,-85.527,0.));
#1070 = DIRECTION('',(-0.,0.,-1.));
#1071 = DIRECTION('',(-0.,-1.,0.));
#1072 = FACE_BOUND('',#1073,.F.);
#1073 = EDGE_LOOP('',(#1074));
#1074 = ORIENTED_EDGE('',*,*,#1075,.T.);
#1075 = EDGE_CURVE('',#1076,#1076,#1078,.T.);
#1076 = VERTEX_POINT('',#1077);
#1077 = CARTESIAN_POINT('',(57.16875,-80.55,0.));
#1078 = CIRCLE('',#1079,1.5);
#1079 = AXIS2_PLACEMENT_3D('',#1080,#1081,#1082);
#1080 = CARTESIAN_POINT('',(57.16875,-79.05,0.));
#1081 = DIRECTION('',(-0.,0.,-1.));
#1082 = DIRECTION('',(-0.,-1.,0.));
#1083 = FACE_BOUND('',#1084,.F.);
#1084 = EDGE_LOOP('',(#1085));
#1085 = ORIENTED_EDGE('',*,*,#1086,.T.);
#1086 = EDGE_CURVE('',#1087,#1087,#1089,.T.);
#1087 = VERTEX_POINT('',#1088);
#1088 = CARTESIAN_POINT('',(52.16875,-78.35,0.));
#1089 = CIRCLE('',#1090,1.5);
#1090 = AXIS2_PLACEMENT_3D('',#1091,#1092,#1093);
#1091 = CARTESIAN_POINT('',(52.16875,-76.85,0.));
#1092 = DIRECTION('',(-0.,0.,-1.));
#1093 = DIRECTION('',(-0.,-1.,0.));
#1094 = FACE_BOUND('',#1095,.F.);
#1095 = EDGE_LOOP('',(#1096));
#1096 = ORIENTED_EDGE('',*,*,#1097,.T.);
#1097 = EDGE_CURVE('',#1098,#1098,#1100,.T.);
#1098 = VERTEX_POINT('',#1099);
#1099 = CARTESIAN_POINT('',(71.16875,-84.827,0.));
#1100 = CIRCLE('',#1101,1.5);
#1101 = AXIS2_PLACEMENT_3D('',#1102,#1103,#1104);
#1102 = CARTESIAN_POINT('',(71.16875,-83.327,0.));
#1103 = DIRECTION('',(-0.,0.,-1.));
#1104 = DIRECTION('',(-0.,-1.,0.));
#1105 = FACE_BOUND('',#1106,.F.);
#1106 = EDGE_LOOP('',(#1107));
#1107 = ORIENTED_EDGE('',*,*,#1108,.T.);
#1108 = EDGE_CURVE('',#1109,#1109,#1111,.T.);
#1109 = VERTEX_POINT('',#1110);
#1110 = CARTESIAN_POINT('',(70.66875,-80.427,0.));
#1111 = CIRCLE('',#1112,0.85);
#1112 = AXIS2_PLACEMENT_3D('',#1113,#1114,#1115);
#1113 = CARTESIAN_POINT('',(70.66875,-79.577,0.));
#1114 = DIRECTION('',(-0.,0.,-1.));
#1115 = DIRECTION('',(1.671865260612E-14,-1.,-0.));
#1116 = FACE_BOUND('',#1117,.F.);
#1117 = EDGE_LOOP('',(#1118));
#1118 = ORIENTED_EDGE('',*,*,#1119,.T.);
#1119 = EDGE_CURVE('',#1120,#1120,#1122,.T.);
#1120 = VERTEX_POINT('',#1121);
#1121 = CARTESIAN_POINT('',(76.16875,-81.277,0.));
#1122 = CIRCLE('',#1123,1.7);
#1123 = AXIS2_PLACEMENT_3D('',#1124,#1125,#1126);
#1124 = CARTESIAN_POINT('',(76.16875,-79.577,0.));
#1125 = DIRECTION('',(-0.,0.,-1.));
#1126 = DIRECTION('',(-0.,-1.,0.));
#1127 = FACE_BOUND('',#1128,.F.);
#1128 = EDGE_LOOP('',(#1129));
#1129 = ORIENTED_EDGE('',*,*,#1130,.T.);
#1130 = EDGE_CURVE('',#1131,#1131,#1133,.T.);
#1131 = VERTEX_POINT('',#1132);
#1132 = CARTESIAN_POINT('',(89.66875,-94.7145,0.));
#1133 = CIRCLE('',#1134,0.85);
#1134 = AXIS2_PLACEMENT_3D('',#1135,#1136,#1137);
#1135 = CARTESIAN_POINT('',(89.66875,-93.8645,0.));
#1136 = DIRECTION('',(-0.,0.,-1.));
#1137 = DIRECTION('',(1.671865260612E-14,-1.,-0.));
#1138 = FACE_BOUND('',#1139,.F.);
#1139 = EDGE_LOOP('',(#1140));
#1140 = ORIENTED_EDGE('',*,*,#1141,.T.);
#1141 = EDGE_CURVE('',#1142,#1142,#1144,.T.);
#1142 = VERTEX_POINT('',#1143);
#1143 = CARTESIAN_POINT('',(95.16875,-95.5645,0.));
#1144 = CIRCLE('',#1145,1.7);
#1145 = AXIS2_PLACEMENT_3D('',#1146,#1147,#1148);
#1146 = CARTESIAN_POINT('',(95.16875,-93.8645,0.));
#1147 = DIRECTION('',(-0.,0.,-1.));
#1148 = DIRECTION('',(-0.,-1.,0.));
#1149 = FACE_BOUND('',#1150,.F.);
#1150 = EDGE_LOOP('',(#1151));
#1151 = ORIENTED_EDGE('',*,*,#1152,.T.);
#1152 = EDGE_CURVE('',#1153,#1153,#1155,.T.);
#1153 = VERTEX_POINT('',#1154);
#1154 = CARTESIAN_POINT('',(100.66875,-94.7145,0.));
#1155 = CIRCLE('',#1156,0.85);
#1156 = AXIS2_PLACEMENT_3D('',#1157,#1158,#1159);
#1157 = CARTESIAN_POINT('',(100.66875,-93.8645,0.));
#1158 = DIRECTION('',(-0.,0.,-1.));
#1159 = DIRECTION('',(1.671865260612E-14,-1.,-0.));
#1160 = FACE_BOUND('',#1161,.F.);
#1161 = EDGE_LOOP('',(#1162));
#1162 = ORIENTED_EDGE('',*,*,#1163,.T.);
#1163 = EDGE_CURVE('',#1164,#1164,#1166,.T.);
#1164 = VERTEX_POINT('',#1165);
#1165 = CARTESIAN_POINT('',(81.66875,-80.427,0.));
#1166 = CIRCLE('',#1167,0.85);
#1167 = AXIS2_PLACEMENT_3D('',#1168,#1169,#1170);
#1168 = CARTESIAN_POINT('',(81.66875,-79.577,0.));
#1169 = DIRECTION('',(-0.,0.,-1.));
#1170 = DIRECTION('',(1.671865260612E-14,-1.,-0.));
#1171 = FACE_BOUND('',#1172,.F.);
#1172 = EDGE_LOOP('',(#1173));
#1173 = ORIENTED_EDGE('',*,*,#1174,.T.);
#1174 = EDGE_CURVE('',#1175,#1175,#1177,.T.);
#1175 = VERTEX_POINT('',#1176);
#1176 = CARTESIAN_POINT('',(89.66875,-75.6645,0.));
#1177 = CIRCLE('',#1178,0.85);
#1178 = AXIS2_PLACEMENT_3D('',#1179,#1180,#1181);
#1179 = CARTESIAN_POINT('',(89.66875,-74.8145,0.));
#1180 = DIRECTION('',(-0.,0.,-1.));
#1181 = DIRECTION('',(1.671865260612E-14,-1.,-0.));
#1182 = FACE_BOUND('',#1183,.F.);
#1183 = EDGE_LOOP('',(#1184));
#1184 = ORIENTED_EDGE('',*,*,#1185,.T.);
#1185 = EDGE_CURVE('',#1186,#1186,#1188,.T.);
#1186 = VERTEX_POINT('',#1187);
#1187 = CARTESIAN_POINT('',(95.16875,-82.2645,0.));
#1188 = CIRCLE('',#1189,1.5);
#1189 = AXIS2_PLACEMENT_3D('',#1190,#1191,#1192);
#1190 = CARTESIAN_POINT('',(95.16875,-80.7645,0.));
#1191 = DIRECTION('',(-0.,0.,-1.));
#1192 = DIRECTION('',(-0.,-1.,0.));
#1193 = FACE_BOUND('',#1194,.F.);
#1194 = EDGE_LOOP('',(#1195));
#1195 = ORIENTED_EDGE('',*,*,#1196,.T.);
#1196 = EDGE_CURVE('',#1197,#1197,#1199,.T.);
#1197 = VERTEX_POINT('',#1198);
#1198 = CARTESIAN_POINT('',(90.16875,-80.0645,0.));
#1199 = CIRCLE('',#1200,1.5);
#1200 = AXIS2_PLACEMENT_3D('',#1201,#1202,#1203);
#1201 = CARTESIAN_POINT('',(90.16875,-78.5645,0.));
#1202 = DIRECTION('',(-0.,0.,-1.));
#1203 = DIRECTION('',(-0.,-1.,0.));
#1204 = FACE_BOUND('',#1205,.F.);
#1205 = EDGE_LOOP('',(#1206));
#1206 = ORIENTED_EDGE('',*,*,#1207,.T.);
#1207 = EDGE_CURVE('',#1208,#1208,#1210,.T.);
#1208 = VERTEX_POINT('',#1209);
#1209 = CARTESIAN_POINT('',(95.16875,-76.5145,0.));
#1210 = CIRCLE('',#1211,1.7);
#1211 = AXIS2_PLACEMENT_3D('',#1212,#1213,#1214);
#1212 = CARTESIAN_POINT('',(95.16875,-74.8145,0.));
#1213 = DIRECTION('',(-0.,0.,-1.));
#1214 = DIRECTION('',(-0.,-1.,0.));
#1215 = FACE_BOUND('',#1216,.F.);
#1216 = EDGE_LOOP('',(#1217));
#1217 = ORIENTED_EDGE('',*,*,#1218,.T.);
#1218 = EDGE_CURVE('',#1219,#1219,#1221,.T.);
#1219 = VERTEX_POINT('',#1220);
#1220 = CARTESIAN_POINT('',(100.66875,-75.6645,0.));
#1221 = CIRCLE('',#1222,0.85);
#1222 = AXIS2_PLACEMENT_3D('',#1223,#1224,#1225);
#1223 = CARTESIAN_POINT('',(100.66875,-74.8145,0.));
#1224 = DIRECTION('',(-0.,0.,-1.));
#1225 = DIRECTION('',(1.671865260612E-14,-1.,-0.));
#1226 = FACE_BOUND('',#1227,.F.);
#1227 = EDGE_LOOP('',(#1228));
#1228 = ORIENTED_EDGE('',*,*,#1229,.T.);
#1229 = EDGE_CURVE('',#1230,#1230,#1232,.T.);
#1230 = VERTEX_POINT('',#1231);
#1231 = CARTESIAN_POINT('',(51.66875,-73.95,0.));
#1232 = CIRCLE('',#1233,0.85);
#1233 = AXIS2_PLACEMENT_3D('',#1234,#1235,#1236);
#1234 = CARTESIAN_POINT('',(51.66875,-73.1,0.));
#1235 = DIRECTION('',(-0.,0.,-1.));
#1236 = DIRECTION('',(-0.,-1.,0.));
#1237 = FACE_BOUND('',#1238,.F.);
#1238 = EDGE_LOOP('',(#1239));
#1239 = ORIENTED_EDGE('',*,*,#1240,.T.);
#1240 = EDGE_CURVE('',#1241,#1241,#1243,.T.);
#1241 = VERTEX_POINT('',#1242);
#1242 = CARTESIAN_POINT('',(57.16875,-74.8,0.));
#1243 = CIRCLE('',#1244,1.7);
#1244 = AXIS2_PLACEMENT_3D('',#1245,#1246,#1247);
#1245 = CARTESIAN_POINT('',(57.16875,-73.1,0.));
#1246 = DIRECTION('',(-0.,0.,-1.));
#1247 = DIRECTION('',(-0.,-1.,0.));
#1248 = FACE_BOUND('',#1249,.F.);
#1249 = EDGE_LOOP('',(#1250));
#1250 = ORIENTED_EDGE('',*,*,#1251,.T.);
#1251 = EDGE_CURVE('',#1252,#1252,#1254,.T.);
#1252 = VERTEX_POINT('',#1253);
#1253 = CARTESIAN_POINT('',(62.66875,-73.95,0.));
#1254 = CIRCLE('',#1255,0.85);
#1255 = AXIS2_PLACEMENT_3D('',#1256,#1257,#1258);
#1256 = CARTESIAN_POINT('',(62.66875,-73.1,0.));
#1257 = DIRECTION('',(-0.,0.,-1.));
#1258 = DIRECTION('',(-0.,-1.,0.));
#1259 = FACE_BOUND('',#1260,.F.);
#1260 = EDGE_LOOP('',(#1261));
#1261 = ORIENTED_EDGE('',*,*,#1262,.T.);
#1262 = EDGE_CURVE('',#1263,#1263,#1265,.T.);
#1263 = VERTEX_POINT('',#1264);
#1264 = CARTESIAN_POINT('',(76.16875,-67.977,0.));
#1265 = CIRCLE('',#1266,1.5);
#1266 = AXIS2_PLACEMENT_3D('',#1267,#1268,#1269);
#1267 = CARTESIAN_POINT('',(76.16875,-66.477,0.));
#1268 = DIRECTION('',(-0.,0.,-1.));
#1269 = DIRECTION('',(-0.,-1.,0.));
#1270 = FACE_BOUND('',#1271,.F.);
#1271 = EDGE_LOOP('',(#1272,#1283,#1291,#1300));
#1272 = ORIENTED_EDGE('',*,*,#1273,.T.);
#1273 = EDGE_CURVE('',#1274,#1276,#1278,.T.);
#1274 = VERTEX_POINT('',#1275);
#1275 = CARTESIAN_POINT('',(55.659998,-62.66,0.));
#1276 = VERTEX_POINT('',#1277);
#1277 = CARTESIAN_POINT('',(56.259998,-62.66,0.));
#1278 = CIRCLE('',#1279,0.3);
#1279 = AXIS2_PLACEMENT_3D('',#1280,#1281,#1282);
#1280 = CARTESIAN_POINT('',(55.959998,-62.66,0.));
#1281 = DIRECTION('',(0.,-0.,-1.));
#1282 = DIRECTION('',(1.,2.368475785867E-14,-0.));
#1283 = ORIENTED_EDGE('',*,*,#1284,.T.);
#1284 = EDGE_CURVE('',#1276,#1285,#1287,.T.);
#1285 = VERTEX_POINT('',#1286);
#1286 = CARTESIAN_POINT('',(56.259998,-63.76,0.));
#1287 = LINE('',#1288,#1289);
#1288 = CARTESIAN_POINT('',(56.259998,-31.88,0.));
#1289 = VECTOR('',#1290,1.);
#1290 = DIRECTION('',(0.,-1.,0.));
#1291 = ORIENTED_EDGE('',*,*,#1292,.T.);
#1292 = EDGE_CURVE('',#1285,#1293,#1295,.T.);
#1293 = VERTEX_POINT('',#1294);
#1294 = CARTESIAN_POINT('',(55.659998,-63.76,0.));
#1295 = CIRCLE('',#1296,0.3);
#1296 = AXIS2_PLACEMENT_3D('',#1297,#1298,#1299);
#1297 = CARTESIAN_POINT('',(55.959998,-63.76,0.));
#1298 = DIRECTION('',(-0.,0.,-1.));
#1299 = DIRECTION('',(-1.,0.,0.));
#1300 = ORIENTED_EDGE('',*,*,#1301,.T.);
#1301 = EDGE_CURVE('',#1293,#1274,#1302,.T.);
#1302 = LINE('',#1303,#1304);
#1303 = CARTESIAN_POINT('',(55.659998,-31.33,0.));
#1304 = VECTOR('',#1305,1.);
#1305 = DIRECTION('',(-0.,1.,0.));
#1306 = FACE_BOUND('',#1307,.F.);
#1307 = EDGE_LOOP('',(#1308));
#1308 = ORIENTED_EDGE('',*,*,#1309,.T.);
#1309 = EDGE_CURVE('',#1310,#1310,#1312,.T.);
#1310 = VERTEX_POINT('',#1311);
#1311 = CARTESIAN_POINT('',(57.389999,-63.004999,0.));
#1312 = CIRCLE('',#1313,0.325);
#1313 = AXIS2_PLACEMENT_3D('',#1314,#1315,#1316);
#1314 = CARTESIAN_POINT('',(57.389999,-62.679999,0.));
#1315 = DIRECTION('',(-0.,0.,-1.));
#1316 = DIRECTION('',(-0.,-1.,0.));
#1317 = FACE_BOUND('',#1318,.F.);
#1318 = EDGE_LOOP('',(#1319));
#1319 = ORIENTED_EDGE('',*,*,#1320,.T.);
#1320 = EDGE_CURVE('',#1321,#1321,#1323,.T.);
#1321 = VERTEX_POINT('',#1322);
#1322 = CARTESIAN_POINT('',(63.169999,-63.004999,0.));
#1323 = CIRCLE('',#1324,0.325);
#1324 = AXIS2_PLACEMENT_3D('',#1325,#1326,#1327);
#1325 = CARTESIAN_POINT('',(63.169999,-62.679999,0.));
#1326 = DIRECTION('',(-0.,0.,-1.));
#1327 = DIRECTION('',(-2.1862853408E-14,-1.,0.));
#1328 = FACE_BOUND('',#1329,.F.);
#1329 = EDGE_LOOP('',(#1330,#1341,#1349,#1358));
#1330 = ORIENTED_EDGE('',*,*,#1331,.T.);
#1331 = EDGE_CURVE('',#1332,#1334,#1336,.T.);
#1332 = VERTEX_POINT('',#1333);
#1333 = CARTESIAN_POINT('',(55.659999,-58.729999,0.));
#1334 = VERTEX_POINT('',#1335);
#1335 = CARTESIAN_POINT('',(56.259999,-58.729999,0.));
#1336 = CIRCLE('',#1337,0.3);
#1337 = AXIS2_PLACEMENT_3D('',#1338,#1339,#1340);
#1338 = CARTESIAN_POINT('',(55.959999,-58.729999,0.));
#1339 = DIRECTION('',(0.,-0.,-1.));
#1340 = DIRECTION('',(1.,0.,-0.));
#1341 = ORIENTED_EDGE('',*,*,#1342,.T.);
#1342 = EDGE_CURVE('',#1334,#1343,#1345,.T.);
#1343 = VERTEX_POINT('',#1344);
#1344 = CARTESIAN_POINT('',(56.259999,-59.329999,0.));
#1345 = LINE('',#1346,#1347);
#1346 = CARTESIAN_POINT('',(56.259999,-29.6649995,0.));
#1347 = VECTOR('',#1348,1.);
#1348 = DIRECTION('',(0.,-1.,0.));
#1349 = ORIENTED_EDGE('',*,*,#1350,.T.);
#1350 = EDGE_CURVE('',#1343,#1351,#1353,.T.);
#1351 = VERTEX_POINT('',#1352);
#1352 = CARTESIAN_POINT('',(55.659999,-59.329999,0.));
#1353 = CIRCLE('',#1354,0.3);
#1354 = AXIS2_PLACEMENT_3D('',#1355,#1356,#1357);
#1355 = CARTESIAN_POINT('',(55.959999,-59.329999,0.));
#1356 = DIRECTION('',(-0.,0.,-1.));
#1357 = DIRECTION('',(-1.,0.,0.));
#1358 = ORIENTED_EDGE('',*,*,#1359,.T.);
#1359 = EDGE_CURVE('',#1351,#1332,#1360,.T.);
#1360 = LINE('',#1361,#1362);
#1361 = CARTESIAN_POINT('',(55.659999,-29.3649995,0.));
#1362 = VECTOR('',#1363,1.);
#1363 = DIRECTION('',(-0.,1.,0.));
#1364 = FACE_BOUND('',#1365,.F.);
#1365 = EDGE_LOOP('',(#1366,#1377,#1385,#1394));
#1366 = ORIENTED_EDGE('',*,*,#1367,.T.);
#1367 = EDGE_CURVE('',#1368,#1370,#1372,.T.);
#1368 = VERTEX_POINT('',#1369);
#1369 = CARTESIAN_POINT('',(64.3,-62.659999,0.));
#1370 = VERTEX_POINT('',#1371);
#1371 = CARTESIAN_POINT('',(64.9,-62.659999,0.));
#1372 = CIRCLE('',#1373,0.3);
#1373 = AXIS2_PLACEMENT_3D('',#1374,#1375,#1376);
#1374 = CARTESIAN_POINT('',(64.6,-62.659999,0.));
#1375 = DIRECTION('',(0.,-0.,-1.));
#1376 = DIRECTION('',(1.,4.736951571734E-14,-0.));
#1377 = ORIENTED_EDGE('',*,*,#1378,.T.);
#1378 = EDGE_CURVE('',#1370,#1379,#1381,.T.);
#1379 = VERTEX_POINT('',#1380);
#1380 = CARTESIAN_POINT('',(64.9,-63.759999,0.));
#1381 = LINE('',#1382,#1383);
#1382 = CARTESIAN_POINT('',(64.9,-31.8799995,0.));
#1383 = VECTOR('',#1384,1.);
#1384 = DIRECTION('',(0.,-1.,0.));
#1385 = ORIENTED_EDGE('',*,*,#1386,.T.);
#1386 = EDGE_CURVE('',#1379,#1387,#1389,.T.);
#1387 = VERTEX_POINT('',#1388);
#1388 = CARTESIAN_POINT('',(64.3,-63.759999,0.));
#1389 = CIRCLE('',#1390,0.3);
#1390 = AXIS2_PLACEMENT_3D('',#1391,#1392,#1393);
#1391 = CARTESIAN_POINT('',(64.6,-63.759999,0.));
#1392 = DIRECTION('',(-0.,0.,-1.));
#1393 = DIRECTION('',(-1.,-2.368475785867E-14,0.));
#1394 = ORIENTED_EDGE('',*,*,#1395,.T.);
#1395 = EDGE_CURVE('',#1387,#1368,#1396,.T.);
#1396 = LINE('',#1397,#1398);
#1397 = CARTESIAN_POINT('',(64.3,-31.3299995,0.));
#1398 = VECTOR('',#1399,1.);
#1399 = DIRECTION('',(-0.,1.,0.));
#1400 = FACE_BOUND('',#1401,.F.);
#1401 = EDGE_LOOP('',(#1402));
#1402 = ORIENTED_EDGE('',*,*,#1403,.T.);
#1403 = EDGE_CURVE('',#1404,#1404,#1406,.T.);
#1404 = VERTEX_POINT('',#1405);
#1405 = CARTESIAN_POINT('',(71.16875,-65.777,0.));
#1406 = CIRCLE('',#1407,1.5);
#1407 = AXIS2_PLACEMENT_3D('',#1408,#1409,#1410);
#1408 = CARTESIAN_POINT('',(71.16875,-64.277,0.));
#1409 = DIRECTION('',(-0.,0.,-1.));
#1410 = DIRECTION('',(-0.,-1.,0.));
#1411 = FACE_BOUND('',#1412,.F.);
#1412 = EDGE_LOOP('',(#1413));
#1413 = ORIENTED_EDGE('',*,*,#1414,.T.);
#1414 = EDGE_CURVE('',#1415,#1415,#1417,.T.);
#1415 = VERTEX_POINT('',#1416);
#1416 = CARTESIAN_POINT('',(70.66875,-61.377,0.));
#1417 = CIRCLE('',#1418,0.85);
#1418 = AXIS2_PLACEMENT_3D('',#1419,#1420,#1421);
#1419 = CARTESIAN_POINT('',(70.66875,-60.527,0.));
#1420 = DIRECTION('',(-0.,0.,-1.));
#1421 = DIRECTION('',(1.671865260612E-14,-1.,-0.));
#1422 = FACE_BOUND('',#1423,.F.);
#1423 = EDGE_LOOP('',(#1424));
#1424 = ORIENTED_EDGE('',*,*,#1425,.T.);
#1425 = EDGE_CURVE('',#1426,#1426,#1428,.T.);
#1426 = VERTEX_POINT('',#1427);
#1427 = CARTESIAN_POINT('',(76.16875,-62.227,0.));
#1428 = CIRCLE('',#1429,1.7);
#1429 = AXIS2_PLACEMENT_3D('',#1430,#1431,#1432);
#1430 = CARTESIAN_POINT('',(76.16875,-60.527,0.));
#1431 = DIRECTION('',(-0.,0.,-1.));
#1432 = DIRECTION('',(-0.,-1.,0.));
#1433 = FACE_BOUND('',#1434,.F.);
#1434 = EDGE_LOOP('',(#1435,#1446,#1454,#1463));
#1435 = ORIENTED_EDGE('',*,*,#1436,.T.);
#1436 = EDGE_CURVE('',#1437,#1439,#1441,.T.);
#1437 = VERTEX_POINT('',#1438);
#1438 = CARTESIAN_POINT('',(64.299999,-58.729999,0.));
#1439 = VERTEX_POINT('',#1440);
#1440 = CARTESIAN_POINT('',(64.899999,-58.729999,0.));
#1441 = CIRCLE('',#1442,0.3);
#1442 = AXIS2_PLACEMENT_3D('',#1443,#1444,#1445);
#1443 = CARTESIAN_POINT('',(64.599999,-58.729999,0.));
#1444 = DIRECTION('',(0.,-0.,-1.));
#1445 = DIRECTION('',(1.,2.368475785867E-14,-0.));
#1446 = ORIENTED_EDGE('',*,*,#1447,.T.);
#1447 = EDGE_CURVE('',#1439,#1448,#1450,.T.);
#1448 = VERTEX_POINT('',#1449);
#1449 = CARTESIAN_POINT('',(64.899999,-59.329999,0.));
#1450 = LINE('',#1451,#1452);
#1451 = CARTESIAN_POINT('',(64.899999,-29.6649995,0.));
#1452 = VECTOR('',#1453,1.);
#1453 = DIRECTION('',(0.,-1.,0.));
#1454 = ORIENTED_EDGE('',*,*,#1455,.T.);
#1455 = EDGE_CURVE('',#1448,#1456,#1458,.T.);
#1456 = VERTEX_POINT('',#1457);
#1457 = CARTESIAN_POINT('',(64.299999,-59.329999,0.));
#1458 = CIRCLE('',#1459,0.3);
#1459 = AXIS2_PLACEMENT_3D('',#1460,#1461,#1462);
#1460 = CARTESIAN_POINT('',(64.599999,-59.329999,0.));
#1461 = DIRECTION('',(-0.,0.,-1.));
#1462 = DIRECTION('',(-1.,-2.368475785867E-14,0.));
#1463 = ORIENTED_EDGE('',*,*,#1464,.T.);
#1464 = EDGE_CURVE('',#1456,#1437,#1465,.T.);
#1465 = LINE('',#1466,#1467);
#1466 = CARTESIAN_POINT('',(64.299999,-29.3649995,0.));
#1467 = VECTOR('',#1468,1.);
#1468 = DIRECTION('',(-0.,1.,0.));
#1469 = FACE_BOUND('',#1470,.F.);
#1470 = EDGE_LOOP('',(#1471));
#1471 = ORIENTED_EDGE('',*,*,#1472,.F.);
#1472 = EDGE_CURVE('',#1473,#1473,#1475,.T.);
#1473 = VERTEX_POINT('',#1474);
#1474 = CARTESIAN_POINT('',(88.2,-65.4,0.));
#1475 = CIRCLE('',#1476,2.);
#1476 = AXIS2_PLACEMENT_3D('',#1477,#1478,#1479);
#1477 = CARTESIAN_POINT('',(86.2,-65.4,0.));
#1478 = DIRECTION('',(0.,0.,1.));
#1479 = DIRECTION('',(1.,0.,-0.));
#1480 = FACE_BOUND('',#1481,.F.);
#1481 = EDGE_LOOP('',(#1482));
#1482 = ORIENTED_EDGE('',*,*,#1483,.T.);
#1483 = EDGE_CURVE('',#1484,#1484,#1486,.T.);
#1484 = VERTEX_POINT('',#1485);
#1485 = CARTESIAN_POINT('',(81.66875,-61.377,0.));
#1486 = CIRCLE('',#1487,0.85);
#1487 = AXIS2_PLACEMENT_3D('',#1488,#1489,#1490);
#1488 = CARTESIAN_POINT('',(81.66875,-60.527,0.));
#1489 = DIRECTION('',(-0.,0.,-1.));
#1490 = DIRECTION('',(1.671865260612E-14,-1.,-0.));
#1491 = FACE_BOUND('',#1492,.F.);
#1492 = EDGE_LOOP('',(#1493));
#1493 = ORIENTED_EDGE('',*,*,#1494,.T.);
#1494 = EDGE_CURVE('',#1495,#1495,#1497,.T.);
#1495 = VERTEX_POINT('',#1496);
#1496 = CARTESIAN_POINT('',(89.66875,-56.6145,0.));
#1497 = CIRCLE('',#1498,0.85);
#1498 = AXIS2_PLACEMENT_3D('',#1499,#1500,#1501);
#1499 = CARTESIAN_POINT('',(89.66875,-55.7645,0.));
#1500 = DIRECTION('',(-0.,0.,-1.));
#1501 = DIRECTION('',(1.671865260612E-14,-1.,-0.));
#1502 = FACE_BOUND('',#1503,.F.);
#1503 = EDGE_LOOP('',(#1504));
#1504 = ORIENTED_EDGE('',*,*,#1505,.T.);
#1505 = EDGE_CURVE('',#1506,#1506,#1508,.T.);
#1506 = VERTEX_POINT('',#1507);
#1507 = CARTESIAN_POINT('',(90.16875,-61.0145,0.));
#1508 = CIRCLE('',#1509,1.5);
#1509 = AXIS2_PLACEMENT_3D('',#1510,#1511,#1512);
#1510 = CARTESIAN_POINT('',(90.16875,-59.5145,0.));
#1511 = DIRECTION('',(-0.,0.,-1.));
#1512 = DIRECTION('',(-0.,-1.,0.));
#1513 = FACE_BOUND('',#1514,.F.);
#1514 = EDGE_LOOP('',(#1515));
#1515 = ORIENTED_EDGE('',*,*,#1516,.T.);
#1516 = EDGE_CURVE('',#1517,#1517,#1519,.T.);
#1517 = VERTEX_POINT('',#1518);
#1518 = CARTESIAN_POINT('',(95.16875,-63.2145,0.));
#1519 = CIRCLE('',#1520,1.5);
#1520 = AXIS2_PLACEMENT_3D('',#1521,#1522,#1523);
#1521 = CARTESIAN_POINT('',(95.16875,-61.7145,0.));
#1522 = DIRECTION('',(-0.,0.,-1.));
#1523 = DIRECTION('',(-0.,-1.,0.));
#1524 = FACE_BOUND('',#1525,.F.);
#1525 = EDGE_LOOP('',(#1526));
#1526 = ORIENTED_EDGE('',*,*,#1527,.T.);
#1527 = EDGE_CURVE('',#1528,#1528,#1530,.T.);
#1528 = VERTEX_POINT('',#1529);
#1529 = CARTESIAN_POINT('',(95.16875,-57.4645,0.));
#1530 = CIRCLE('',#1531,1.7);
#1531 = AXIS2_PLACEMENT_3D('',#1532,#1533,#1534);
#1532 = CARTESIAN_POINT('',(95.16875,-55.7645,0.));
#1533 = DIRECTION('',(-0.,0.,-1.));
#1534 = DIRECTION('',(-0.,-1.,0.));
#1535 = FACE_BOUND('',#1536,.F.);
#1536 = EDGE_LOOP('',(#1537));
#1537 = ORIENTED_EDGE('',*,*,#1538,.T.);
#1538 = EDGE_CURVE('',#1539,#1539,#1541,.T.);
#1539 = VERTEX_POINT('',#1540);
#1540 = CARTESIAN_POINT('',(100.66875,-56.6145,0.));
#1541 = CIRCLE('',#1542,0.85);
#1542 = AXIS2_PLACEMENT_3D('',#1543,#1544,#1545);
#1543 = CARTESIAN_POINT('',(100.66875,-55.7645,0.));
#1544 = DIRECTION('',(-0.,0.,-1.));
#1545 = DIRECTION('',(1.671865260612E-14,-1.,-0.));
#1546 = FACE_BOUND('',#1547,.F.);
#1547 = EDGE_LOOP('',(#1548));
#1548 = ORIENTED_EDGE('',*,*,#1549,.T.);
#1549 = EDGE_CURVE('',#1550,#1550,#1552,.T.);
#1550 = VERTEX_POINT('',#1551);
#1551 = CARTESIAN_POINT('',(114.16875,-87.027,0.));
#1552 = CIRCLE('',#1553,1.5);
#1553 = AXIS2_PLACEMENT_3D('',#1554,#1555,#1556);
#1554 = CARTESIAN_POINT('',(114.16875,-85.527,0.));
#1555 = DIRECTION('',(-0.,0.,-1.));
#1556 = DIRECTION('',(-0.,-1.,0.));
#1557 = FACE_BOUND('',#1558,.F.);
#1558 = EDGE_LOOP('',(#1559));
#1559 = ORIENTED_EDGE('',*,*,#1560,.F.);
#1560 = EDGE_CURVE('',#1561,#1561,#1563,.T.);
#1561 = VERTEX_POINT('',#1562);
#1562 = CARTESIAN_POINT('',(125.723771,-92.492893,0.));
#1563 = CIRCLE('',#1564,2.);
#1564 = AXIS2_PLACEMENT_3D('',#1565,#1566,#1567);
#1565 = CARTESIAN_POINT('',(123.723771,-92.492893,0.));
#1566 = DIRECTION('',(0.,0.,1.));
#1567 = DIRECTION('',(1.,0.,-0.));
#1568 = FACE_BOUND('',#1569,.F.);
#1569 = EDGE_LOOP('',(#1570));
#1570 = ORIENTED_EDGE('',*,*,#1571,.T.);
#1571 = EDGE_CURVE('',#1572,#1572,#1574,.T.);
#1572 = VERTEX_POINT('',#1573);
#1573 = CARTESIAN_POINT('',(128.16875,-87.6845,0.));
#1574 = CIRCLE('',#1575,1.5);
#1575 = AXIS2_PLACEMENT_3D('',#1576,#1577,#1578);
#1576 = CARTESIAN_POINT('',(128.16875,-86.1845,0.));
#1577 = DIRECTION('',(-0.,0.,-1.));
#1578 = DIRECTION('',(-0.,-1.,0.));
#1579 = FACE_BOUND('',#1580,.F.);
#1580 = EDGE_LOOP('',(#1581));
#1581 = ORIENTED_EDGE('',*,*,#1582,.T.);
#1582 = EDGE_CURVE('',#1583,#1583,#1585,.T.);
#1583 = VERTEX_POINT('',#1584);
#1584 = CARTESIAN_POINT('',(109.16875,-84.827,0.));
#1585 = CIRCLE('',#1586,1.5);
#1586 = AXIS2_PLACEMENT_3D('',#1587,#1588,#1589);
#1587 = CARTESIAN_POINT('',(109.16875,-83.327,0.));
#1588 = DIRECTION('',(-0.,0.,-1.));
#1589 = DIRECTION('',(-0.,-1.,0.));
#1590 = FACE_BOUND('',#1591,.F.);
#1591 = EDGE_LOOP('',(#1592));
#1592 = ORIENTED_EDGE('',*,*,#1593,.T.);
#1593 = EDGE_CURVE('',#1594,#1594,#1596,.T.);
#1594 = VERTEX_POINT('',#1595);
#1595 = CARTESIAN_POINT('',(108.66875,-80.427,0.));
#1596 = CIRCLE('',#1597,0.85);
#1597 = AXIS2_PLACEMENT_3D('',#1598,#1599,#1600);
#1598 = CARTESIAN_POINT('',(108.66875,-79.577,0.));
#1599 = DIRECTION('',(-0.,0.,-1.));
#1600 = DIRECTION('',(1.671865260612E-14,-1.,-0.));
#1601 = FACE_BOUND('',#1602,.F.);
#1602 = EDGE_LOOP('',(#1603));
#1603 = ORIENTED_EDGE('',*,*,#1604,.T.);
#1604 = EDGE_CURVE('',#1605,#1605,#1607,.T.);
#1605 = VERTEX_POINT('',#1606);
#1606 = CARTESIAN_POINT('',(114.16875,-81.277,0.));
#1607 = CIRCLE('',#1608,1.7);
#1608 = AXIS2_PLACEMENT_3D('',#1609,#1610,#1611);
#1609 = CARTESIAN_POINT('',(114.16875,-79.577,0.));
#1610 = DIRECTION('',(-0.,0.,-1.));
#1611 = DIRECTION('',(-0.,-1.,0.));
#1612 = FACE_BOUND('',#1613,.F.);
#1613 = EDGE_LOOP('',(#1614));
#1614 = ORIENTED_EDGE('',*,*,#1615,.T.);
#1615 = EDGE_CURVE('',#1616,#1616,#1618,.T.);
#1616 = VERTEX_POINT('',#1617);
#1617 = CARTESIAN_POINT('',(127.66875,-83.2845,0.));
#1618 = CIRCLE('',#1619,0.85);
#1619 = AXIS2_PLACEMENT_3D('',#1620,#1621,#1622);
#1620 = CARTESIAN_POINT('',(127.66875,-82.4345,0.));
#1621 = DIRECTION('',(-0.,0.,-1.));
#1622 = DIRECTION('',(-0.,-1.,0.));
#1623 = FACE_BOUND('',#1624,.F.);
#1624 = EDGE_LOOP('',(#1625));
#1625 = ORIENTED_EDGE('',*,*,#1626,.T.);
#1626 = EDGE_CURVE('',#1627,#1627,#1629,.T.);
#1627 = VERTEX_POINT('',#1628);
#1628 = CARTESIAN_POINT('',(119.66875,-80.427,0.));
#1629 = CIRCLE('',#1630,0.85);
#1630 = AXIS2_PLACEMENT_3D('',#1631,#1632,#1633);
#1631 = CARTESIAN_POINT('',(119.66875,-79.577,0.));
#1632 = DIRECTION('',(-0.,0.,-1.));
#1633 = DIRECTION('',(1.671865260612E-14,-1.,-0.));
#1634 = FACE_BOUND('',#1635,.F.);
#1635 = EDGE_LOOP('',(#1636));
#1636 = ORIENTED_EDGE('',*,*,#1637,.T.);
#1637 = EDGE_CURVE('',#1638,#1638,#1640,.T.);
#1638 = VERTEX_POINT('',#1639);
#1639 = CARTESIAN_POINT('',(133.16875,-89.8845,0.));
#1640 = CIRCLE('',#1641,1.5);
#1641 = AXIS2_PLACEMENT_3D('',#1642,#1643,#1644);
#1642 = CARTESIAN_POINT('',(133.16875,-88.3845,0.));
#1643 = DIRECTION('',(-0.,0.,-1.));
#1644 = DIRECTION('',(-0.,-1.,0.));
#1645 = FACE_BOUND('',#1646,.F.);
#1646 = EDGE_LOOP('',(#1647));
#1647 = ORIENTED_EDGE('',*,*,#1648,.T.);
#1648 = EDGE_CURVE('',#1649,#1649,#1651,.T.);
#1649 = VERTEX_POINT('',#1650);
#1650 = CARTESIAN_POINT('',(133.16875,-84.1345,0.));
#1651 = CIRCLE('',#1652,1.7);
#1652 = AXIS2_PLACEMENT_3D('',#1653,#1654,#1655);
#1653 = CARTESIAN_POINT('',(133.16875,-82.4345,0.));
#1654 = DIRECTION('',(-0.,0.,-1.));
#1655 = DIRECTION('',(-0.,-1.,0.));
#1656 = FACE_BOUND('',#1657,.F.);
#1657 = EDGE_LOOP('',(#1658));
#1658 = ORIENTED_EDGE('',*,*,#1659,.T.);
#1659 = EDGE_CURVE('',#1660,#1660,#1662,.T.);
#1660 = VERTEX_POINT('',#1661);
#1661 = CARTESIAN_POINT('',(138.66875,-83.2845,0.));
#1662 = CIRCLE('',#1663,0.85);
#1663 = AXIS2_PLACEMENT_3D('',#1664,#1665,#1666);
#1664 = CARTESIAN_POINT('',(138.66875,-82.4345,0.));
#1665 = DIRECTION('',(-0.,0.,-1.));
#1666 = DIRECTION('',(-0.,-1.,0.));
#1667 = FACE_BOUND('',#1668,.F.);
#1668 = EDGE_LOOP('',(#1669));
#1669 = ORIENTED_EDGE('',*,*,#1670,.T.);
#1670 = EDGE_CURVE('',#1671,#1671,#1673,.T.);
#1671 = VERTEX_POINT('',#1672);
#1672 = CARTESIAN_POINT('',(114.16875,-67.977,0.));
#1673 = CIRCLE('',#1674,1.5);
#1674 = AXIS2_PLACEMENT_3D('',#1675,#1676,#1677);
#1675 = CARTESIAN_POINT('',(114.16875,-66.477,0.));
#1676 = DIRECTION('',(-0.,0.,-1.));
#1677 = DIRECTION('',(-0.,-1.,0.));
#1678 = FACE_BOUND('',#1679,.F.);
#1679 = EDGE_LOOP('',(#1680));
#1680 = ORIENTED_EDGE('',*,*,#1681,.F.);
#1681 = EDGE_CURVE('',#1682,#1682,#1684,.T.);
#1682 = VERTEX_POINT('',#1683);
#1683 = CARTESIAN_POINT('',(126.,-72.7,0.));
#1684 = CIRCLE('',#1685,2.);
#1685 = AXIS2_PLACEMENT_3D('',#1686,#1687,#1688);
#1686 = CARTESIAN_POINT('',(124.,-72.7,0.));
#1687 = DIRECTION('',(0.,0.,1.));
#1688 = DIRECTION('',(1.,0.,-0.));
#1689 = FACE_BOUND('',#1690,.F.);
#1690 = EDGE_LOOP('',(#1691));
#1691 = ORIENTED_EDGE('',*,*,#1692,.T.);
#1692 = EDGE_CURVE('',#1693,#1693,#1695,.T.);
#1693 = VERTEX_POINT('',#1694);
#1694 = CARTESIAN_POINT('',(128.16875,-68.6345,0.));
#1695 = CIRCLE('',#1696,1.5);
#1696 = AXIS2_PLACEMENT_3D('',#1697,#1698,#1699);
#1697 = CARTESIAN_POINT('',(128.16875,-67.1345,0.));
#1698 = DIRECTION('',(-0.,0.,-1.));
#1699 = DIRECTION('',(-0.,-1.,0.));
#1700 = FACE_BOUND('',#1701,.F.);
#1701 = EDGE_LOOP('',(#1702));
#1702 = ORIENTED_EDGE('',*,*,#1703,.T.);
#1703 = EDGE_CURVE('',#1704,#1704,#1706,.T.);
#1704 = VERTEX_POINT('',#1705);
#1705 = CARTESIAN_POINT('',(109.16875,-65.777,0.));
#1706 = CIRCLE('',#1707,1.5);
#1707 = AXIS2_PLACEMENT_3D('',#1708,#1709,#1710);
#1708 = CARTESIAN_POINT('',(109.16875,-64.277,0.));
#1709 = DIRECTION('',(-0.,0.,-1.));
#1710 = DIRECTION('',(-0.,-1.,0.));
#1711 = FACE_BOUND('',#1712,.F.);
#1712 = EDGE_LOOP('',(#1713));
#1713 = ORIENTED_EDGE('',*,*,#1714,.T.);
#1714 = EDGE_CURVE('',#1715,#1715,#1717,.T.);
#1715 = VERTEX_POINT('',#1716);
#1716 = CARTESIAN_POINT('',(108.66875,-61.377,0.));
#1717 = CIRCLE('',#1718,0.85);
#1718 = AXIS2_PLACEMENT_3D('',#1719,#1720,#1721);
#1719 = CARTESIAN_POINT('',(108.66875,-60.527,0.));
#1720 = DIRECTION('',(-0.,0.,-1.));
#1721 = DIRECTION('',(1.671865260612E-14,-1.,-0.));
#1722 = FACE_BOUND('',#1723,.F.);
#1723 = EDGE_LOOP('',(#1724));
#1724 = ORIENTED_EDGE('',*,*,#1725,.T.);
#1725 = EDGE_CURVE('',#1726,#1726,#1728,.T.);
#1726 = VERTEX_POINT('',#1727);
#1727 = CARTESIAN_POINT('',(114.16875,-62.227,0.));
#1728 = CIRCLE('',#1729,1.7);
#1729 = AXIS2_PLACEMENT_3D('',#1730,#1731,#1732);
#1730 = CARTESIAN_POINT('',(114.16875,-60.527,0.));
#1731 = DIRECTION('',(-0.,0.,-1.));
#1732 = DIRECTION('',(-0.,-1.,0.));
#1733 = FACE_BOUND('',#1734,.F.);
#1734 = EDGE_LOOP('',(#1735));
#1735 = ORIENTED_EDGE('',*,*,#1736,.T.);
#1736 = EDGE_CURVE('',#1737,#1737,#1739,.T.);
#1737 = VERTEX_POINT('',#1738);
#1738 = CARTESIAN_POINT('',(119.66875,-61.377,0.));
#1739 = CIRCLE('',#1740,0.85);
#1740 = AXIS2_PLACEMENT_3D('',#1741,#1742,#1743);
#1741 = CARTESIAN_POINT('',(119.66875,-60.527,0.));
#1742 = DIRECTION('',(-0.,0.,-1.));
#1743 = DIRECTION('',(1.671865260612E-14,-1.,-0.));
#1744 = FACE_BOUND('',#1745,.F.);
#1745 = EDGE_LOOP('',(#1746));
#1746 = ORIENTED_EDGE('',*,*,#1747,.T.);
#1747 = EDGE_CURVE('',#1748,#1748,#1750,.T.);
#1748 = VERTEX_POINT('',#1749);
#1749 = CARTESIAN_POINT('',(127.66875,-64.2345,0.));
#1750 = CIRCLE('',#1751,0.85);
#1751 = AXIS2_PLACEMENT_3D('',#1752,#1753,#1754);
#1752 = CARTESIAN_POINT('',(127.66875,-63.3845,0.));
#1753 = DIRECTION('',(-0.,0.,-1.));
#1754 = DIRECTION('',(-0.,-1.,0.));
#1755 = FACE_BOUND('',#1756,.F.);
#1756 = EDGE_LOOP('',(#1757));
#1757 = ORIENTED_EDGE('',*,*,#1758,.T.);
#1758 = EDGE_CURVE('',#1759,#1759,#1761,.T.);
#1759 = VERTEX_POINT('',#1760);
#1760 = CARTESIAN_POINT('',(133.16875,-70.8345,0.));
#1761 = CIRCLE('',#1762,1.5);
#1762 = AXIS2_PLACEMENT_3D('',#1763,#1764,#1765);
#1763 = CARTESIAN_POINT('',(133.16875,-69.3345,0.));
#1764 = DIRECTION('',(-0.,0.,-1.));
#1765 = DIRECTION('',(-0.,-1.,0.));
#1766 = FACE_BOUND('',#1767,.F.);
#1767 = EDGE_LOOP('',(#1768));
#1768 = ORIENTED_EDGE('',*,*,#1769,.T.);
#1769 = EDGE_CURVE('',#1770,#1770,#1772,.T.);
#1770 = VERTEX_POINT('',#1771);
#1771 = CARTESIAN_POINT('',(133.16875,-65.0845,0.));
#1772 = CIRCLE('',#1773,1.7);
#1773 = AXIS2_PLACEMENT_3D('',#1774,#1775,#1776);
#1774 = CARTESIAN_POINT('',(133.16875,-63.3845,0.));
#1775 = DIRECTION('',(-0.,0.,-1.));
#1776 = DIRECTION('',(-0.,-1.,0.));
#1777 = FACE_BOUND('',#1778,.F.);
#1778 = EDGE_LOOP('',(#1779));
#1779 = ORIENTED_EDGE('',*,*,#1780,.T.);
#1780 = EDGE_CURVE('',#1781,#1781,#1783,.T.);
#1781 = VERTEX_POINT('',#1782);
#1782 = CARTESIAN_POINT('',(138.66875,-64.2345,0.));
#1783 = CIRCLE('',#1784,0.85);
#1784 = AXIS2_PLACEMENT_3D('',#1785,#1786,#1787);
#1785 = CARTESIAN_POINT('',(138.66875,-63.3845,0.));
#1786 = DIRECTION('',(-0.,0.,-1.));
#1787 = DIRECTION('',(-0.,-1.,0.));
#1788 = PLANE('',#1789);
#1789 = AXIS2_PLACEMENT_3D('',#1790,#1791,#1792);
#1790 = CARTESIAN_POINT('',(0.,0.,0.));
#1791 = DIRECTION('',(0.,0.,1.));
#1792 = DIRECTION('',(1.,0.,-0.));
#1793 = ADVANCED_FACE('',(#1794,#2087,#2098,#2109,#2120,#2131,#2142,
    #2153,#2164,#2175,#2186,#2197,#2208,#2219,#2230,#2241,#2252,#2263,
    #2274,#2285,#2296,#2307,#2318,#2329,#2340,#2351,#2362,#2373,#2384,
    #2395,#2431,#2442,#2478,#2489,#2500,#2511,#2522,#2533,#2544,#2555,
    #2566,#2577,#2613,#2649,#2660,#2671,#2682,#2693,#2704,#2715,#2726,
    #2737,#2748,#2759,#2770,#2781,#2792,#2803,#2814,#2825,#2836,#2847,
    #2858,#2869,#2880,#2891,#2902,#2913,#2924,#2960,#2971,#2982,#3018,
    #3054,#3065,#3076,#3087,#3123,#3134,#3145,#3156,#3167,#3178,#3189,
    #3200,#3211,#3222,#3233,#3244,#3255,#3266,#3277,#3288,#3299,#3310,
    #3321,#3332,#3343,#3354,#3365,#3376,#3387,#3398,#3409,#3420,#3431),
  #3442,.T.);
#1794 = FACE_BOUND('',#1795,.T.);
#1795 = EDGE_LOOP('',(#1796,#1797,#1798,#1807,#1815,#1824,#1832,#1841,
    #1849,#1858,#1866,#1875,#1883,#1892,#1901,#1909,#1918,#1926,#1935,
    #1943,#1952,#1960,#1969,#1977,#1986,#1994,#2003,#2011,#2020,#2028,
    #2037,#2045,#2054,#2062,#2071,#2079,#2086));
#1796 = ORIENTED_EDGE('',*,*,#49,.F.);
#1797 = ORIENTED_EDGE('',*,*,#91,.F.);
#1798 = ORIENTED_EDGE('',*,*,#1799,.F.);
#1799 = EDGE_CURVE('',#1800,#84,#1802,.T.);
#1800 = VERTEX_POINT('',#1801);
#1801 = CARTESIAN_POINT('',(84.523771,-46.992893,1.51));
#1802 = CIRCLE('',#1803,0.999999252925);
#1803 = AXIS2_PLACEMENT_3D('',#1804,#1805,#1806);
#1804 = CARTESIAN_POINT('',(85.523770252925,-46.99289225292,1.51));
#1805 = DIRECTION('',(0.,0.,-1.));
#1806 = DIRECTION('',(-1.,-7.470757278485E-07,-0.));
#1807 = ORIENTED_EDGE('',*,*,#1808,.F.);
#1808 = EDGE_CURVE('',#1809,#1800,#1811,.T.);
#1809 = VERTEX_POINT('',#1810);
#1810 = CARTESIAN_POINT('',(84.523771,-49.792893,1.51));
#1811 = LINE('',#1812,#1813);
#1812 = CARTESIAN_POINT('',(84.523771,-49.792893,1.51));
#1813 = VECTOR('',#1814,1.);
#1814 = DIRECTION('',(0.,1.,0.));
#1815 = ORIENTED_EDGE('',*,*,#1816,.F.);
#1816 = EDGE_CURVE('',#1817,#1809,#1819,.T.);
#1817 = VERTEX_POINT('',#1818);
#1818 = CARTESIAN_POINT('',(83.523771,-50.792893,1.51));
#1819 = CIRCLE('',#1820,0.999999252925);
#1820 = AXIS2_PLACEMENT_3D('',#1821,#1822,#1823);
#1821 = CARTESIAN_POINT('',(83.523771747075,-49.79289374707,1.51));
#1822 = DIRECTION('',(0.,0.,1.));
#1823 = DIRECTION('',(-7.470757491648E-07,-1.,0.));
#1824 = ORIENTED_EDGE('',*,*,#1825,.F.);
#1825 = EDGE_CURVE('',#1826,#1817,#1828,.T.);
#1826 = VERTEX_POINT('',#1827);
#1827 = CARTESIAN_POINT('',(63.823221,-50.792893,1.51));
#1828 = LINE('',#1829,#1830);
#1829 = CARTESIAN_POINT('',(63.823221,-50.792893,1.51));
#1830 = VECTOR('',#1831,1.);
#1831 = DIRECTION('',(1.,0.,0.));
#1832 = ORIENTED_EDGE('',*,*,#1833,.F.);
#1833 = EDGE_CURVE('',#1834,#1826,#1836,.T.);
#1834 = VERTEX_POINT('',#1835);
#1835 = CARTESIAN_POINT('',(63.273605,-50.957476,1.51));
#1836 = CIRCLE('',#1837,0.999996301817);
#1837 = AXIS2_PLACEMENT_3D('',#1838,#1839,#1840);
#1838 = CARTESIAN_POINT('',(63.823220519063,-51.79288930181,1.51));
#1839 = DIRECTION('',(0.,0.,-1.));
#1840 = DIRECTION('',(-0.549617551649,0.83541639134,0.));
#1841 = ORIENTED_EDGE('',*,*,#1842,.F.);
#1842 = EDGE_CURVE('',#1843,#1834,#1845,.T.);
#1843 = VERTEX_POINT('',#1844);
#1844 = CARTESIAN_POINT('',(47.,-61.,1.51));
#1845 = LINE('',#1846,#1847);
#1846 = CARTESIAN_POINT('',(47.,-61.,1.51));
#1847 = VECTOR('',#1848,1.);
#1848 = DIRECTION('',(0.851004148069,0.52515896638,0.));
#1849 = ORIENTED_EDGE('',*,*,#1850,.F.);
#1850 = EDGE_CURVE('',#1851,#1843,#1853,.T.);
#1851 = VERTEX_POINT('',#1852);
#1852 = CARTESIAN_POINT('',(46.549616,-61.835417,1.51));
#1853 = CIRCLE('',#1854,1.000030012982);
#1854 = AXIS2_PLACEMENT_3D('',#1855,#1856,#1857);
#1855 = CARTESIAN_POINT('',(47.549646012844,-61.83543359247,1.51));
#1856 = DIRECTION('',(0.,0.,-1.));
#1857 = DIRECTION('',(-0.999999999862,1.659197305278E-05,0.));
#1858 = ORIENTED_EDGE('',*,*,#1859,.F.);
#1859 = EDGE_CURVE('',#1860,#1851,#1862,.T.);
#1860 = VERTEX_POINT('',#1861);
#1861 = CARTESIAN_POINT('',(46.523771,-120.992893,1.51));
#1862 = LINE('',#1863,#1864);
#1863 = CARTESIAN_POINT('',(46.523771,-120.992893,1.51));
#1864 = VECTOR('',#1865,1.);
#1865 = DIRECTION('',(4.368847233019E-04,0.999999904566,0.));
#1866 = ORIENTED_EDGE('',*,*,#1867,.F.);
#1867 = EDGE_CURVE('',#1868,#1860,#1870,.T.);
#1868 = VERTEX_POINT('',#1869);
#1869 = CARTESIAN_POINT('',(47.523771,-121.992893,1.51));
#1870 = CIRCLE('',#1871,0.999999252925);
#1871 = AXIS2_PLACEMENT_3D('',#1872,#1873,#1874);
#1872 = CARTESIAN_POINT('',(47.523770252925,-120.992893747,1.51));
#1873 = DIRECTION('',(0.,0.,-1.));
#1874 = DIRECTION('',(7.470757491648E-07,-1.,0.));
#1875 = ORIENTED_EDGE('',*,*,#1876,.F.);
#1876 = EDGE_CURVE('',#1877,#1868,#1879,.T.);
#1877 = VERTEX_POINT('',#1878);
#1878 = CARTESIAN_POINT('',(66.723771,-121.992893,1.51));
#1879 = LINE('',#1880,#1881);
#1880 = CARTESIAN_POINT('',(66.723771,-121.992893,1.51));
#1881 = VECTOR('',#1882,1.);
#1882 = DIRECTION('',(-1.,0.,0.));
#1883 = ORIENTED_EDGE('',*,*,#1884,.F.);
#1884 = EDGE_CURVE('',#1885,#1877,#1887,.T.);
#1885 = VERTEX_POINT('',#1886);
#1886 = CARTESIAN_POINT('',(67.023771,-121.692893,1.51));
#1887 = CIRCLE('',#1888,0.300000117299);
#1888 = AXIS2_PLACEMENT_3D('',#1889,#1890,#1891);
#1889 = CARTESIAN_POINT('',(66.723770882701,-121.6928928827,1.51));
#1890 = DIRECTION('',(0.,0.,-1.));
#1891 = DIRECTION('',(1.,-3.909954089759E-07,0.));
#1892 = ORIENTED_EDGE('',*,*,#1893,.F.);
#1893 = EDGE_CURVE('',#1894,#1885,#1896,.T.);
#1894 = VERTEX_POINT('',#1895);
#1895 = CARTESIAN_POINT('',(68.023771,-120.692893,1.51));
#1896 = CIRCLE('',#1897,0.999999252925);
#1897 = AXIS2_PLACEMENT_3D('',#1898,#1899,#1900);
#1898 = CARTESIAN_POINT('',(68.023770252925,-121.6928922529,1.51));
#1899 = DIRECTION('',(0.,0.,1.));
#1900 = DIRECTION('',(7.470757065322E-07,1.,-0.));
#1901 = ORIENTED_EDGE('',*,*,#1902,.F.);
#1902 = EDGE_CURVE('',#1903,#1894,#1905,.T.);
#1903 = VERTEX_POINT('',#1904);
#1904 = CARTESIAN_POINT('',(110.957581,-120.692893,1.51));
#1905 = LINE('',#1906,#1907);
#1906 = CARTESIAN_POINT('',(110.957581,-120.692893,1.51));
#1907 = VECTOR('',#1908,1.);
#1908 = DIRECTION('',(-1.,0.,0.));
#1909 = ORIENTED_EDGE('',*,*,#1910,.F.);
#1910 = EDGE_CURVE('',#1911,#1903,#1913,.T.);
#1911 = VERTEX_POINT('',#1912);
#1912 = CARTESIAN_POINT('',(111.815074,-121.178397,1.51));
#1913 = CIRCLE('',#1914,0.999999574965);
#1914 = AXIS2_PLACEMENT_3D('',#1915,#1916,#1917);
#1915 = CARTESIAN_POINT('',(110.95758146168,-121.6928925749,1.51));
#1916 = DIRECTION('',(0.,0.,1.));
#1917 = DIRECTION('',(0.857492902783,0.514495793644,-0.));
#1918 = ORIENTED_EDGE('',*,*,#1919,.F.);
#1919 = EDGE_CURVE('',#1920,#1911,#1922,.T.);
#1920 = VERTEX_POINT('',#1921);
#1921 = CARTESIAN_POINT('',(117.890179,-131.303573,1.51));
#1922 = LINE('',#1923,#1924);
#1923 = CARTESIAN_POINT('',(117.890179,-131.303573,1.51));
#1924 = VECTOR('',#1925,1.);
#1925 = DIRECTION('',(-0.514495718065,0.85749294813,0.));
#1926 = ORIENTED_EDGE('',*,*,#1927,.F.);
#1927 = EDGE_CURVE('',#1928,#1920,#1930,.T.);
#1928 = VERTEX_POINT('',#1929);
#1929 = CARTESIAN_POINT('',(118.57062,-131.773279,1.51));
#1930 = CIRCLE('',#1931,1.000007456937);
#1931 = AXIS2_PLACEMENT_3D('',#1932,#1933,#1934);
#1932 = CARTESIAN_POINT('',(118.74767674204,-130.7890707781,1.51));
#1933 = DIRECTION('',(0.,0.,-1.));
#1934 = DIRECTION('',(-0.177055421749,-0.984200882762,-0.));
#1935 = ORIENTED_EDGE('',*,*,#1936,.F.);
#1936 = EDGE_CURVE('',#1937,#1928,#1939,.T.);
#1937 = VERTEX_POINT('',#1938);
#1938 = CARTESIAN_POINT('',(136.886572,-135.068212,1.51));
#1939 = LINE('',#1940,#1941);
#1940 = CARTESIAN_POINT('',(136.886572,-135.068212,1.51));
#1941 = VECTOR('',#1942,1.);
#1942 = DIRECTION('',(-0.984201478703,0.177052109048,0.));
#1943 = ORIENTED_EDGE('',*,*,#1944,.F.);
#1944 = EDGE_CURVE('',#1945,#1937,#1947,.T.);
#1945 = VERTEX_POINT('',#1946);
#1946 = CARTESIAN_POINT('',(137.14899,-135.154156,1.51));
#1947 = CIRCLE('',#1948,0.999179570955);
#1948 = AXIS2_PLACEMENT_3D('',#1949,#1950,#1951);
#1949 = CARTESIAN_POINT('',(136.70977856766,-136.0516264077,1.51));
#1950 = DIRECTION('',(0.,0.,1.));
#1951 = DIRECTION('',(0.439572070029,0.898207323089,-0.));
#1952 = ORIENTED_EDGE('',*,*,#1953,.F.);
#1953 = EDGE_CURVE('',#1954,#1945,#1956,.T.);
#1954 = VERTEX_POINT('',#1955);
#1955 = CARTESIAN_POINT('',(154.706205,-143.743976,1.51));
#1956 = LINE('',#1957,#1958);
#1957 = CARTESIAN_POINT('',(154.706205,-143.743976,1.51));
#1958 = VECTOR('',#1959,1.);
#1959 = DIRECTION('',(-0.898257290978,0.439469952563,0.));
#1960 = ORIENTED_EDGE('',*,*,#1961,.F.);
#1961 = EDGE_CURVE('',#1962,#1954,#1964,.T.);
#1962 = VERTEX_POINT('',#1963);
#1963 = CARTESIAN_POINT('',(156.053074,-143.265988,1.51));
#1964 = CIRCLE('',#1965,1.000010808796);
#1965 = AXIS2_PLACEMENT_3D('',#1966,#1967,#1968);
#1966 = CARTESIAN_POINT('',(155.14566947418,-142.8457039957,1.51));
#1967 = DIRECTION('',(-0.,0.,-1.));
#1968 = DIRECTION('',(0.907394717972,-0.420279461546,-0.));
#1969 = ORIENTED_EDGE('',*,*,#1970,.F.);
#1970 = EDGE_CURVE('',#1971,#1962,#1973,.T.);
#1971 = VERTEX_POINT('',#1972);
#1972 = CARTESIAN_POINT('',(164.000291,-126.107224,1.51));
#1973 = LINE('',#1974,#1975);
#1974 = CARTESIAN_POINT('',(164.000291,-126.107224,1.51));
#1975 = VECTOR('',#1976,1.);
#1976 = DIRECTION('',(-0.420269223058,-0.907399460078,0.));
#1977 = ORIENTED_EDGE('',*,*,#1978,.F.);
#1978 = EDGE_CURVE('',#1979,#1971,#1981,.T.);
#1979 = VERTEX_POINT('',#1980);
#1980 = CARTESIAN_POINT('',(163.506243,-124.776384,1.51));
#1981 = CIRCLE('',#1982,0.99999793676);
#1982 = AXIS2_PLACEMENT_3D('',#1983,#1984,#1985);
#1983 = CARTESIAN_POINT('',(163.09289398521,-125.6869544066,1.51));
#1984 = DIRECTION('',(0.,0.,-1.));
#1985 = DIRECTION('',(0.413349867627,0.910572285397,0.));
#1986 = ORIENTED_EDGE('',*,*,#1987,.F.);
#1987 = EDGE_CURVE('',#1988,#1979,#1990,.T.);
#1988 = VERTEX_POINT('',#1989);
#1989 = CARTESIAN_POINT('',(149.810419,-118.559201,1.51));
#1990 = LINE('',#1991,#1992);
#1991 = CARTESIAN_POINT('',(149.810419,-118.559201,1.51));
#1992 = VECTOR('',#1993,1.);
#1993 = DIRECTION('',(0.910571529769,-0.413351532202,0.));
#1994 = ORIENTED_EDGE('',*,*,#1995,.F.);
#1995 = EDGE_CURVE('',#1996,#1988,#1998,.T.);
#1996 = VERTEX_POINT('',#1997);
#1997 = CARTESIAN_POINT('',(149.223771,-117.648629,1.51));
#1998 = CIRCLE('',#1999,1.000109647494);
#1999 = AXIS2_PLACEMENT_3D('',#2000,#2001,#2002);
#2000 = CARTESIAN_POINT('',(150.22388064504,-117.6485590423,1.51));
#2001 = DIRECTION('',(0.,0.,1.));
#2002 = DIRECTION('',(-0.999999997553,-6.99500092873E-05,0.));
#2003 = ORIENTED_EDGE('',*,*,#2004,.F.);
#2004 = EDGE_CURVE('',#2005,#1996,#2007,.T.);
#2005 = VERTEX_POINT('',#2006);
#2006 = CARTESIAN_POINT('',(149.193111,-59.427825,1.51));
#2007 = LINE('',#2008,#2009);
#2008 = CARTESIAN_POINT('',(149.193111,-59.427825,1.51));
#2009 = VECTOR('',#2010,1.);
#2010 = DIRECTION('',(5.266158081333E-04,-0.999999861338,0.));
#2011 = ORIENTED_EDGE('',*,*,#2012,.F.);
#2012 = EDGE_CURVE('',#2013,#2005,#2015,.T.);
#2013 = VERTEX_POINT('',#2014);
#2014 = CARTESIAN_POINT('',(148.900687,-58.721716,1.51));
#2015 = CIRCLE('',#2016,0.99984860078);
#2016 = AXIS2_PLACEMENT_3D('',#2017,#2018,#2019);
#2017 = CARTESIAN_POINT('',(148.19326250767,-59.42829070386,1.51));
#2018 = DIRECTION('',(0.,0.,-1.));
#2019 = DIRECTION('',(0.707531612058,0.706681694923,0.));
#2020 = ORIENTED_EDGE('',*,*,#2021,.F.);
#2021 = EDGE_CURVE('',#2022,#2013,#2024,.T.);
#2022 = VERTEX_POINT('',#2023);
#2023 = CARTESIAN_POINT('',(144.071653,-53.886256,1.51));
#2024 = LINE('',#2025,#2026);
#2025 = CARTESIAN_POINT('',(144.071653,-53.886256,1.51));
#2026 = VECTOR('',#2027,1.);
#2027 = DIRECTION('',(0.706636463982,-0.707576785777,0.));
#2028 = ORIENTED_EDGE('',*,*,#2029,.F.);
#2029 = EDGE_CURVE('',#2030,#2022,#2032,.T.);
#2030 = VERTEX_POINT('',#2031);
#2031 = CARTESIAN_POINT('',(143.364076,-53.592893,1.51));
#2032 = CIRCLE('',#2033,1.000008944217);
#2033 = AXIS2_PLACEMENT_3D('',#2034,#2035,#2036);
#2034 = CARTESIAN_POINT('',(143.36407304123,-54.59290194421,1.51));
#2035 = DIRECTION('',(0.,0.,-1.));
#2036 = DIRECTION('',(2.958735788517E-06,0.999999999996,0.));
#2037 = ORIENTED_EDGE('',*,*,#2038,.F.);
#2038 = EDGE_CURVE('',#2039,#2030,#2041,.T.);
#2039 = VERTEX_POINT('',#2040);
#2040 = CARTESIAN_POINT('',(125.123771,-53.592893,1.51));
#2041 = LINE('',#2042,#2043);
#2042 = CARTESIAN_POINT('',(125.123771,-53.592893,1.51));
#2043 = VECTOR('',#2044,1.);
#2044 = DIRECTION('',(1.,0.,0.));
#2045 = ORIENTED_EDGE('',*,*,#2046,.F.);
#2046 = EDGE_CURVE('',#2047,#2039,#2049,.T.);
#2047 = VERTEX_POINT('',#2048);
#2048 = CARTESIAN_POINT('',(124.123771,-52.592893,1.51));
#2049 = CIRCLE('',#2050,0.999999252925);
#2050 = AXIS2_PLACEMENT_3D('',#2051,#2052,#2053);
#2051 = CARTESIAN_POINT('',(125.12377025292,-52.59289374707,1.51));
#2052 = DIRECTION('',(0.,0.,1.));
#2053 = DIRECTION('',(-1.,7.470757491648E-07,0.));
#2054 = ORIENTED_EDGE('',*,*,#2055,.F.);
#2055 = EDGE_CURVE('',#2056,#2047,#2058,.T.);
#2056 = VERTEX_POINT('',#2057);
#2057 = CARTESIAN_POINT('',(124.123771,-51.792893,1.51));
#2058 = LINE('',#2059,#2060);
#2059 = CARTESIAN_POINT('',(124.123771,-51.792893,1.51));
#2060 = VECTOR('',#2061,1.);
#2061 = DIRECTION('',(0.,-1.,0.));
#2062 = ORIENTED_EDGE('',*,*,#2063,.F.);
#2063 = EDGE_CURVE('',#2064,#2056,#2066,.T.);
#2064 = VERTEX_POINT('',#2065);
#2065 = CARTESIAN_POINT('',(123.123771,-50.792893,1.51));
#2066 = CIRCLE('',#2067,0.999999252925);
#2067 = AXIS2_PLACEMENT_3D('',#2068,#2069,#2070);
#2068 = CARTESIAN_POINT('',(123.12377174707,-51.79289225292,1.51));
#2069 = DIRECTION('',(0.,0.,-1.));
#2070 = DIRECTION('',(-7.470757349539E-07,1.,0.));
#2071 = ORIENTED_EDGE('',*,*,#2072,.F.);
#2072 = EDGE_CURVE('',#2073,#2064,#2075,.T.);
#2073 = VERTEX_POINT('',#2074);
#2074 = CARTESIAN_POINT('',(106.023771,-50.792893,1.51));
#2075 = LINE('',#2076,#2077);
#2076 = CARTESIAN_POINT('',(106.023771,-50.792893,1.51));
#2077 = VECTOR('',#2078,1.);
#2078 = DIRECTION('',(1.,0.,0.));
#2079 = ORIENTED_EDGE('',*,*,#2080,.F.);
#2080 = EDGE_CURVE('',#114,#2073,#2081,.T.);
#2081 = CIRCLE('',#2082,0.999999252925);
#2082 = AXIS2_PLACEMENT_3D('',#2083,#2084,#2085);
#2083 = CARTESIAN_POINT('',(106.02377025292,-49.79289374707,1.51));
#2084 = DIRECTION('',(0.,0.,1.));
#2085 = DIRECTION('',(-1.,7.470757278485E-07,0.));
#2086 = ORIENTED_EDGE('',*,*,#113,.F.);
#2087 = FACE_BOUND('',#2088,.T.);
#2088 = EDGE_LOOP('',(#2089));
#2089 = ORIENTED_EDGE('',*,*,#2090,.T.);
#2090 = EDGE_CURVE('',#2091,#2091,#2093,.T.);
#2091 = VERTEX_POINT('',#2092);
#2092 = CARTESIAN_POINT('',(57.16875,-118.65,1.51));
#2093 = CIRCLE('',#2094,1.5);
#2094 = AXIS2_PLACEMENT_3D('',#2095,#2096,#2097);
#2095 = CARTESIAN_POINT('',(57.16875,-117.15,1.51));
#2096 = DIRECTION('',(-0.,0.,-1.));
#2097 = DIRECTION('',(-0.,-1.,0.));
#2098 = FACE_BOUND('',#2099,.T.);
#2099 = EDGE_LOOP('',(#2100));
#2100 = ORIENTED_EDGE('',*,*,#2101,.T.);
#2101 = EDGE_CURVE('',#2102,#2102,#2104,.T.);
#2102 = VERTEX_POINT('',#2103);
#2103 = CARTESIAN_POINT('',(78.65,-116.405,1.51));
#2104 = CIRCLE('',#2105,0.45);
#2105 = AXIS2_PLACEMENT_3D('',#2106,#2107,#2108);
#2106 = CARTESIAN_POINT('',(78.65,-115.955,1.51));
#2107 = DIRECTION('',(-0.,0.,-1.));
#2108 = DIRECTION('',(-0.,-1.,0.));
#2109 = FACE_BOUND('',#2110,.T.);
#2110 = EDGE_LOOP('',(#2111));
#2111 = ORIENTED_EDGE('',*,*,#2112,.T.);
#2112 = EDGE_CURVE('',#2113,#2113,#2115,.T.);
#2113 = VERTEX_POINT('',#2114);
#2114 = CARTESIAN_POINT('',(81.65,-116.405,1.51));
#2115 = CIRCLE('',#2116,0.45);
#2116 = AXIS2_PLACEMENT_3D('',#2117,#2118,#2119);
#2117 = CARTESIAN_POINT('',(81.65,-115.955,1.51));
#2118 = DIRECTION('',(-0.,0.,-1.));
#2119 = DIRECTION('',(-0.,-1.,0.));
#2120 = FACE_BOUND('',#2121,.T.);
#2121 = EDGE_LOOP('',(#2122));
#2122 = ORIENTED_EDGE('',*,*,#2123,.T.);
#2123 = EDGE_CURVE('',#2124,#2124,#2126,.T.);
#2124 = VERTEX_POINT('',#2125);
#2125 = CARTESIAN_POINT('',(52.16875,-116.45,1.51));
#2126 = CIRCLE('',#2127,1.5);
#2127 = AXIS2_PLACEMENT_3D('',#2128,#2129,#2130);
#2128 = CARTESIAN_POINT('',(52.16875,-114.95,1.51));
#2129 = DIRECTION('',(-0.,0.,-1.));
#2130 = DIRECTION('',(-0.,-1.,0.));
#2131 = FACE_BOUND('',#2132,.T.);
#2132 = EDGE_LOOP('',(#2133));
#2133 = ORIENTED_EDGE('',*,*,#2134,.T.);
#2134 = EDGE_CURVE('',#2135,#2135,#2137,.T.);
#2135 = VERTEX_POINT('',#2136);
#2136 = CARTESIAN_POINT('',(51.66875,-112.05,1.51));
#2137 = CIRCLE('',#2138,0.85);
#2138 = AXIS2_PLACEMENT_3D('',#2139,#2140,#2141);
#2139 = CARTESIAN_POINT('',(51.66875,-111.2,1.51));
#2140 = DIRECTION('',(-0.,0.,-1.));
#2141 = DIRECTION('',(-0.,-1.,0.));
#2142 = FACE_BOUND('',#2143,.T.);
#2143 = EDGE_LOOP('',(#2144));
#2144 = ORIENTED_EDGE('',*,*,#2145,.T.);
#2145 = EDGE_CURVE('',#2146,#2146,#2148,.T.);
#2146 = VERTEX_POINT('',#2147);
#2147 = CARTESIAN_POINT('',(57.16875,-112.9,1.51));
#2148 = CIRCLE('',#2149,1.7);
#2149 = AXIS2_PLACEMENT_3D('',#2150,#2151,#2152);
#2150 = CARTESIAN_POINT('',(57.16875,-111.2,1.51));
#2151 = DIRECTION('',(-0.,0.,-1.));
#2152 = DIRECTION('',(-0.,-1.,0.));
#2153 = FACE_BOUND('',#2154,.T.);
#2154 = EDGE_LOOP('',(#2155));
#2155 = ORIENTED_EDGE('',*,*,#2156,.T.);
#2156 = EDGE_CURVE('',#2157,#2157,#2159,.T.);
#2157 = VERTEX_POINT('',#2158);
#2158 = CARTESIAN_POINT('',(62.66875,-112.05,1.51));
#2159 = CIRCLE('',#2160,0.85);
#2160 = AXIS2_PLACEMENT_3D('',#2161,#2162,#2163);
#2161 = CARTESIAN_POINT('',(62.66875,-111.2,1.51));
#2162 = DIRECTION('',(-0.,0.,-1.));
#2163 = DIRECTION('',(-0.,-1.,0.));
#2164 = FACE_BOUND('',#2165,.T.);
#2165 = EDGE_LOOP('',(#2166));
#2166 = ORIENTED_EDGE('',*,*,#2167,.T.);
#2167 = EDGE_CURVE('',#2168,#2168,#2170,.T.);
#2168 = VERTEX_POINT('',#2169);
#2169 = CARTESIAN_POINT('',(57.16875,-99.6,1.51));
#2170 = CIRCLE('',#2171,1.5);
#2171 = AXIS2_PLACEMENT_3D('',#2172,#2173,#2174);
#2172 = CARTESIAN_POINT('',(57.16875,-98.1,1.51));
#2173 = DIRECTION('',(-0.,0.,-1.));
#2174 = DIRECTION('',(-0.,-1.,0.));
#2175 = FACE_BOUND('',#2176,.T.);
#2176 = EDGE_LOOP('',(#2177));
#2177 = ORIENTED_EDGE('',*,*,#2178,.T.);
#2178 = EDGE_CURVE('',#2179,#2179,#2181,.T.);
#2179 = VERTEX_POINT('',#2180);
#2180 = CARTESIAN_POINT('',(52.16875,-97.4,1.51));
#2181 = CIRCLE('',#2182,1.5);
#2182 = AXIS2_PLACEMENT_3D('',#2183,#2184,#2185);
#2183 = CARTESIAN_POINT('',(52.16875,-95.9,1.51));
#2184 = DIRECTION('',(-0.,0.,-1.));
#2185 = DIRECTION('',(-0.,-1.,0.));
#2186 = FACE_BOUND('',#2187,.T.);
#2187 = EDGE_LOOP('',(#2188));
#2188 = ORIENTED_EDGE('',*,*,#2189,.T.);
#2189 = EDGE_CURVE('',#2190,#2190,#2192,.T.);
#2190 = VERTEX_POINT('',#2191);
#2191 = CARTESIAN_POINT('',(76.16875,-106.077,1.51));
#2192 = CIRCLE('',#2193,1.5);
#2193 = AXIS2_PLACEMENT_3D('',#2194,#2195,#2196);
#2194 = CARTESIAN_POINT('',(76.16875,-104.577,1.51));
#2195 = DIRECTION('',(-0.,0.,-1.));
#2196 = DIRECTION('',(-0.,-1.,0.));
#2197 = FACE_BOUND('',#2198,.T.);
#2198 = EDGE_LOOP('',(#2199));
#2199 = ORIENTED_EDGE('',*,*,#2200,.T.);
#2200 = EDGE_CURVE('',#2201,#2201,#2203,.T.);
#2201 = VERTEX_POINT('',#2202);
#2202 = CARTESIAN_POINT('',(71.16875,-103.877,1.51));
#2203 = CIRCLE('',#2204,1.5);
#2204 = AXIS2_PLACEMENT_3D('',#2205,#2206,#2207);
#2205 = CARTESIAN_POINT('',(71.16875,-102.377,1.51));
#2206 = DIRECTION('',(-0.,0.,-1.));
#2207 = DIRECTION('',(-0.,-1.,0.));
#2208 = FACE_BOUND('',#2209,.T.);
#2209 = EDGE_LOOP('',(#2210));
#2210 = ORIENTED_EDGE('',*,*,#2211,.T.);
#2211 = EDGE_CURVE('',#2212,#2212,#2214,.T.);
#2212 = VERTEX_POINT('',#2213);
#2213 = CARTESIAN_POINT('',(70.66875,-99.477,1.51));
#2214 = CIRCLE('',#2215,0.85);
#2215 = AXIS2_PLACEMENT_3D('',#2216,#2217,#2218);
#2216 = CARTESIAN_POINT('',(70.66875,-98.627,1.51));
#2217 = DIRECTION('',(-0.,0.,-1.));
#2218 = DIRECTION('',(1.671865260612E-14,-1.,-0.));
#2219 = FACE_BOUND('',#2220,.T.);
#2220 = EDGE_LOOP('',(#2221));
#2221 = ORIENTED_EDGE('',*,*,#2222,.T.);
#2222 = EDGE_CURVE('',#2223,#2223,#2225,.T.);
#2223 = VERTEX_POINT('',#2224);
#2224 = CARTESIAN_POINT('',(76.16875,-100.327,1.51));
#2225 = CIRCLE('',#2226,1.7);
#2226 = AXIS2_PLACEMENT_3D('',#2227,#2228,#2229);
#2227 = CARTESIAN_POINT('',(76.16875,-98.627,1.51));
#2228 = DIRECTION('',(-0.,0.,-1.));
#2229 = DIRECTION('',(-0.,-1.,0.));
#2230 = FACE_BOUND('',#2231,.T.);
#2231 = EDGE_LOOP('',(#2232));
#2232 = ORIENTED_EDGE('',*,*,#2233,.F.);
#2233 = EDGE_CURVE('',#2234,#2234,#2236,.T.);
#2234 = VERTEX_POINT('',#2235);
#2235 = CARTESIAN_POINT('',(87.8,-102.5,1.51));
#2236 = CIRCLE('',#2237,2.);
#2237 = AXIS2_PLACEMENT_3D('',#2238,#2239,#2240);
#2238 = CARTESIAN_POINT('',(85.8,-102.5,1.51));
#2239 = DIRECTION('',(0.,0.,1.));
#2240 = DIRECTION('',(1.,0.,-0.));
#2241 = FACE_BOUND('',#2242,.T.);
#2242 = EDGE_LOOP('',(#2243));
#2243 = ORIENTED_EDGE('',*,*,#2244,.T.);
#2244 = EDGE_CURVE('',#2245,#2245,#2247,.T.);
#2245 = VERTEX_POINT('',#2246);
#2246 = CARTESIAN_POINT('',(81.66875,-99.477,1.51));
#2247 = CIRCLE('',#2248,0.85);
#2248 = AXIS2_PLACEMENT_3D('',#2249,#2250,#2251);
#2249 = CARTESIAN_POINT('',(81.66875,-98.627,1.51));
#2250 = DIRECTION('',(-0.,0.,-1.));
#2251 = DIRECTION('',(1.671865260612E-14,-1.,-0.));
#2252 = FACE_BOUND('',#2253,.T.);
#2253 = EDGE_LOOP('',(#2254));
#2254 = ORIENTED_EDGE('',*,*,#2255,.T.);
#2255 = EDGE_CURVE('',#2256,#2256,#2258,.T.);
#2256 = VERTEX_POINT('',#2257);
#2257 = CARTESIAN_POINT('',(95.16875,-101.3145,1.51));
#2258 = CIRCLE('',#2259,1.5);
#2259 = AXIS2_PLACEMENT_3D('',#2260,#2261,#2262);
#2260 = CARTESIAN_POINT('',(95.16875,-99.8145,1.51));
#2261 = DIRECTION('',(-0.,0.,-1.));
#2262 = DIRECTION('',(-0.,-1.,0.));
#2263 = FACE_BOUND('',#2264,.T.);
#2264 = EDGE_LOOP('',(#2265));
#2265 = ORIENTED_EDGE('',*,*,#2266,.T.);
#2266 = EDGE_CURVE('',#2267,#2267,#2269,.T.);
#2267 = VERTEX_POINT('',#2268);
#2268 = CARTESIAN_POINT('',(90.16875,-99.1145,1.51));
#2269 = CIRCLE('',#2270,1.5);
#2270 = AXIS2_PLACEMENT_3D('',#2271,#2272,#2273);
#2271 = CARTESIAN_POINT('',(90.16875,-97.6145,1.51));
#2272 = DIRECTION('',(-0.,0.,-1.));
#2273 = DIRECTION('',(-0.,-1.,0.));
#2274 = FACE_BOUND('',#2275,.T.);
#2275 = EDGE_LOOP('',(#2276));
#2276 = ORIENTED_EDGE('',*,*,#2277,.T.);
#2277 = EDGE_CURVE('',#2278,#2278,#2280,.T.);
#2278 = VERTEX_POINT('',#2279);
#2279 = CARTESIAN_POINT('',(128.716535,-130.468305,1.51));
#2280 = CIRCLE('',#2281,1.5);
#2281 = AXIS2_PLACEMENT_3D('',#2282,#2283,#2284);
#2282 = CARTESIAN_POINT('',(128.716535,-128.968305,1.51));
#2283 = DIRECTION('',(-0.,0.,-1.));
#2284 = DIRECTION('',(-0.,-1.,0.));
#2285 = FACE_BOUND('',#2286,.T.);
#2286 = EDGE_LOOP('',(#2287));
#2287 = ORIENTED_EDGE('',*,*,#2288,.F.);
#2288 = EDGE_CURVE('',#2289,#2289,#2291,.T.);
#2289 = VERTEX_POINT('',#2290);
#2290 = CARTESIAN_POINT('',(117.2,-119.7,1.51));
#2291 = CIRCLE('',#2292,2.);
#2292 = AXIS2_PLACEMENT_3D('',#2293,#2294,#2295);
#2293 = CARTESIAN_POINT('',(115.2,-119.7,1.51));
#2294 = DIRECTION('',(0.,0.,1.));
#2295 = DIRECTION('',(1.,0.,-0.));
#2296 = FACE_BOUND('',#2297,.T.);
#2297 = EDGE_LOOP('',(#2298));
#2298 = ORIENTED_EDGE('',*,*,#2299,.T.);
#2299 = EDGE_CURVE('',#2300,#2300,#2302,.T.);
#2300 = VERTEX_POINT('',#2301);
#2301 = CARTESIAN_POINT('',(124.174522,-127.433487,1.51));
#2302 = CIRCLE('',#2303,1.5);
#2303 = AXIS2_PLACEMENT_3D('',#2304,#2305,#2306);
#2304 = CARTESIAN_POINT('',(124.174522,-125.933487,1.51));
#2305 = DIRECTION('',(-0.,0.,-1.));
#2306 = DIRECTION('',(-0.,-1.,0.));
#2307 = FACE_BOUND('',#2308,.T.);
#2308 = EDGE_LOOP('',(#2309));
#2309 = ORIENTED_EDGE('',*,*,#2310,.T.);
#2310 = EDGE_CURVE('',#2311,#2311,#2313,.T.);
#2311 = VERTEX_POINT('',#2312);
#2312 = CARTESIAN_POINT('',(124.333298,-123.003634,1.51));
#2313 = CIRCLE('',#2314,0.85);
#2314 = AXIS2_PLACEMENT_3D('',#2315,#2316,#2317);
#2315 = CARTESIAN_POINT('',(124.333298,-122.153634,1.51));
#2316 = DIRECTION('',(-0.,0.,-1.));
#2317 = DIRECTION('',(-0.,-1.,0.));
#2318 = FACE_BOUND('',#2319,.T.);
#2319 = EDGE_LOOP('',(#2320));
#2320 = ORIENTED_EDGE('',*,*,#2321,.T.);
#2321 = EDGE_CURVE('',#2322,#2322,#2324,.T.);
#2322 = VERTEX_POINT('',#2323);
#2323 = CARTESIAN_POINT('',(147.619479,-136.428379,1.51));
#2324 = CIRCLE('',#2325,1.5);
#2325 = AXIS2_PLACEMENT_3D('',#2326,#2327,#2328);
#2326 = CARTESIAN_POINT('',(147.619479,-134.928379,1.51));
#2327 = DIRECTION('',(-0.,0.,-1.));
#2328 = DIRECTION('',(-0.,-1.,0.));
#2329 = FACE_BOUND('',#2330,.T.);
#2330 = EDGE_LOOP('',(#2331));
#2331 = ORIENTED_EDGE('',*,*,#2332,.T.);
#2332 = EDGE_CURVE('',#2333,#2333,#2335,.T.);
#2333 = VERTEX_POINT('',#2334);
#2334 = CARTESIAN_POINT('',(155.11875,-132.710249,1.51));
#2335 = CIRCLE('',#2336,0.85);
#2336 = AXIS2_PLACEMENT_3D('',#2337,#2338,#2339);
#2337 = CARTESIAN_POINT('',(155.11875,-131.860249,1.51));
#2338 = DIRECTION('',(-0.,0.,-1.));
#2339 = DIRECTION('',(-0.,-1.,0.));
#2340 = FACE_BOUND('',#2341,.T.);
#2341 = EDGE_LOOP('',(#2342));
#2342 = ORIENTED_EDGE('',*,*,#2343,.T.);
#2343 = EDGE_CURVE('',#2344,#2344,#2346,.T.);
#2344 = VERTEX_POINT('',#2345);
#2345 = CARTESIAN_POINT('',(144.017699,-132.321413,1.51));
#2346 = CIRCLE('',#2347,1.5);
#2347 = AXIS2_PLACEMENT_3D('',#2348,#2349,#2350);
#2348 = CARTESIAN_POINT('',(144.017699,-130.821413,1.51));
#2349 = DIRECTION('',(-0.,0.,-1.));
#2350 = DIRECTION('',(-0.,-1.,0.));
#2351 = FACE_BOUND('',#2352,.T.);
#2352 = EDGE_LOOP('',(#2353));
#2353 = ORIENTED_EDGE('',*,*,#2354,.T.);
#2354 = EDGE_CURVE('',#2355,#2355,#2357,.T.);
#2355 = VERTEX_POINT('',#2356);
#2356 = CARTESIAN_POINT('',(145.149364,-128.061449,1.51));
#2357 = CIRCLE('',#2358,0.85);
#2358 = AXIS2_PLACEMENT_3D('',#2359,#2360,#2361);
#2359 = CARTESIAN_POINT('',(145.149364,-127.211449,1.51));
#2360 = DIRECTION('',(-0.,0.,-1.));
#2361 = DIRECTION('',(-0.,-1.,0.));
#2362 = FACE_BOUND('',#2363,.T.);
#2363 = EDGE_LOOP('',(#2364));
#2364 = ORIENTED_EDGE('',*,*,#2365,.T.);
#2365 = EDGE_CURVE('',#2366,#2366,#2368,.T.);
#2366 = VERTEX_POINT('',#2367);
#2367 = CARTESIAN_POINT('',(150.134057,-131.235849,1.51));
#2368 = CIRCLE('',#2369,1.7);
#2369 = AXIS2_PLACEMENT_3D('',#2370,#2371,#2372);
#2370 = CARTESIAN_POINT('',(150.134057,-129.535849,1.51));
#2371 = DIRECTION('',(-0.,0.,-1.));
#2372 = DIRECTION('',(1.671865260612E-14,-1.,-0.));
#2373 = FACE_BOUND('',#2374,.T.);
#2374 = EDGE_LOOP('',(#2375));
#2375 = ORIENTED_EDGE('',*,*,#2376,.T.);
#2376 = EDGE_CURVE('',#2377,#2377,#2379,.T.);
#2377 = VERTEX_POINT('',#2378);
#2378 = CARTESIAN_POINT('',(135.166184,-124.913764,1.51));
#2379 = CIRCLE('',#2380,0.85);
#2380 = AXIS2_PLACEMENT_3D('',#2381,#2382,#2383);
#2381 = CARTESIAN_POINT('',(135.166184,-124.063764,1.51));
#2382 = DIRECTION('',(-0.,0.,-1.));
#2383 = DIRECTION('',(-0.,-1.,0.));
#2384 = FACE_BOUND('',#2385,.T.);
#2385 = EDGE_LOOP('',(#2386));
#2386 = ORIENTED_EDGE('',*,*,#2387,.T.);
#2387 = EDGE_CURVE('',#2388,#2388,#2390,.T.);
#2388 = VERTEX_POINT('',#2389);
#2389 = CARTESIAN_POINT('',(129.749741,-124.808699,1.51));
#2390 = CIRCLE('',#2391,1.7);
#2391 = AXIS2_PLACEMENT_3D('',#2392,#2393,#2394);
#2392 = CARTESIAN_POINT('',(129.749741,-123.108699,1.51));
#2393 = DIRECTION('',(-0.,0.,-1.));
#2394 = DIRECTION('',(-0.,-1.,0.));
#2395 = FACE_BOUND('',#2396,.T.);
#2396 = EDGE_LOOP('',(#2397,#2408,#2416,#2425));
#2397 = ORIENTED_EDGE('',*,*,#2398,.T.);
#2398 = EDGE_CURVE('',#2399,#2401,#2403,.T.);
#2399 = VERTEX_POINT('',#2400);
#2400 = CARTESIAN_POINT('',(142.64,-117.9125,1.51));
#2401 = VERTEX_POINT('',#2402);
#2402 = CARTESIAN_POINT('',(142.64,-118.5125,1.51));
#2403 = CIRCLE('',#2404,0.3);
#2404 = AXIS2_PLACEMENT_3D('',#2405,#2406,#2407);
#2405 = CARTESIAN_POINT('',(142.64,-118.2125,1.51));
#2406 = DIRECTION('',(-0.,0.,-1.));
#2407 = DIRECTION('',(-0.,-1.,0.));
#2408 = ORIENTED_EDGE('',*,*,#2409,.T.);
#2409 = EDGE_CURVE('',#2401,#2410,#2412,.T.);
#2410 = VERTEX_POINT('',#2411);
#2411 = CARTESIAN_POINT('',(141.54,-118.5125,1.51));
#2412 = LINE('',#2413,#2414);
#2413 = CARTESIAN_POINT('',(70.77,-118.5125,1.51));
#2414 = VECTOR('',#2415,1.);
#2415 = DIRECTION('',(-1.,0.,0.));
#2416 = ORIENTED_EDGE('',*,*,#2417,.T.);
#2417 = EDGE_CURVE('',#2410,#2418,#2420,.T.);
#2418 = VERTEX_POINT('',#2419);
#2419 = CARTESIAN_POINT('',(141.54,-117.9125,1.51));
#2420 = CIRCLE('',#2421,0.3);
#2421 = AXIS2_PLACEMENT_3D('',#2422,#2423,#2424);
#2422 = CARTESIAN_POINT('',(141.54,-118.2125,1.51));
#2423 = DIRECTION('',(-0.,0.,-1.));
#2424 = DIRECTION('',(0.,1.,0.));
#2425 = ORIENTED_EDGE('',*,*,#2426,.T.);
#2426 = EDGE_CURVE('',#2418,#2399,#2427,.T.);
#2427 = LINE('',#2428,#2429);
#2428 = CARTESIAN_POINT('',(71.32,-117.9125,1.51));
#2429 = VECTOR('',#2430,1.);
#2430 = DIRECTION('',(1.,0.,-0.));
#2431 = FACE_BOUND('',#2432,.T.);
#2432 = EDGE_LOOP('',(#2433));
#2433 = ORIENTED_EDGE('',*,*,#2434,.T.);
#2434 = EDGE_CURVE('',#2435,#2435,#2437,.T.);
#2435 = VERTEX_POINT('',#2436);
#2436 = CARTESIAN_POINT('',(142.62,-117.1075,1.51));
#2437 = CIRCLE('',#2438,0.325);
#2438 = AXIS2_PLACEMENT_3D('',#2439,#2440,#2441);
#2439 = CARTESIAN_POINT('',(142.62,-116.7825,1.51));
#2440 = DIRECTION('',(-0.,0.,-1.));
#2441 = DIRECTION('',(-0.,-1.,0.));
#2442 = FACE_BOUND('',#2443,.T.);
#2443 = EDGE_LOOP('',(#2444,#2455,#2463,#2472));
#2444 = ORIENTED_EDGE('',*,*,#2445,.T.);
#2445 = EDGE_CURVE('',#2446,#2448,#2450,.T.);
#2446 = VERTEX_POINT('',#2447);
#2447 = CARTESIAN_POINT('',(146.57,-117.9125,1.51));
#2448 = VERTEX_POINT('',#2449);
#2449 = CARTESIAN_POINT('',(146.57,-118.5125,1.51));
#2450 = CIRCLE('',#2451,0.3);
#2451 = AXIS2_PLACEMENT_3D('',#2452,#2453,#2454);
#2452 = CARTESIAN_POINT('',(146.57,-118.2125,1.51));
#2453 = DIRECTION('',(-0.,0.,-1.));
#2454 = DIRECTION('',(-0.,-1.,0.));
#2455 = ORIENTED_EDGE('',*,*,#2456,.T.);
#2456 = EDGE_CURVE('',#2448,#2457,#2459,.T.);
#2457 = VERTEX_POINT('',#2458);
#2458 = CARTESIAN_POINT('',(145.97,-118.5125,1.51));
#2459 = LINE('',#2460,#2461);
#2460 = CARTESIAN_POINT('',(72.985,-118.5125,1.51));
#2461 = VECTOR('',#2462,1.);
#2462 = DIRECTION('',(-1.,0.,0.));
#2463 = ORIENTED_EDGE('',*,*,#2464,.T.);
#2464 = EDGE_CURVE('',#2457,#2465,#2467,.T.);
#2465 = VERTEX_POINT('',#2466);
#2466 = CARTESIAN_POINT('',(145.97,-117.9125,1.51));
#2467 = CIRCLE('',#2468,0.3);
#2468 = AXIS2_PLACEMENT_3D('',#2469,#2470,#2471);
#2469 = CARTESIAN_POINT('',(145.97,-118.2125,1.51));
#2470 = DIRECTION('',(-0.,0.,-1.));
#2471 = DIRECTION('',(0.,1.,0.));
#2472 = ORIENTED_EDGE('',*,*,#2473,.T.);
#2473 = EDGE_CURVE('',#2465,#2446,#2474,.T.);
#2474 = LINE('',#2475,#2476);
#2475 = CARTESIAN_POINT('',(73.285,-117.9125,1.51));
#2476 = VECTOR('',#2477,1.);
#2477 = DIRECTION('',(1.,0.,-0.));
#2478 = FACE_BOUND('',#2479,.T.);
#2479 = EDGE_LOOP('',(#2480));
#2480 = ORIENTED_EDGE('',*,*,#2481,.T.);
#2481 = EDGE_CURVE('',#2482,#2482,#2484,.T.);
#2482 = VERTEX_POINT('',#2483);
#2483 = CARTESIAN_POINT('',(109.16875,-103.877,1.51));
#2484 = CIRCLE('',#2485,1.5);
#2485 = AXIS2_PLACEMENT_3D('',#2486,#2487,#2488);
#2486 = CARTESIAN_POINT('',(109.16875,-102.377,1.51));
#2487 = DIRECTION('',(-0.,0.,-1.));
#2488 = DIRECTION('',(-0.,-1.,0.));
#2489 = FACE_BOUND('',#2490,.T.);
#2490 = EDGE_LOOP('',(#2491));
#2491 = ORIENTED_EDGE('',*,*,#2492,.T.);
#2492 = EDGE_CURVE('',#2493,#2493,#2495,.T.);
#2493 = VERTEX_POINT('',#2494);
#2494 = CARTESIAN_POINT('',(114.16875,-106.077,1.51));
#2495 = CIRCLE('',#2496,1.5);
#2496 = AXIS2_PLACEMENT_3D('',#2497,#2498,#2499);
#2497 = CARTESIAN_POINT('',(114.16875,-104.577,1.51));
#2498 = DIRECTION('',(-0.,0.,-1.));
#2499 = DIRECTION('',(-0.,-1.,0.));
#2500 = FACE_BOUND('',#2501,.T.);
#2501 = EDGE_LOOP('',(#2502));
#2502 = ORIENTED_EDGE('',*,*,#2503,.T.);
#2503 = EDGE_CURVE('',#2504,#2504,#2506,.T.);
#2504 = VERTEX_POINT('',#2505);
#2505 = CARTESIAN_POINT('',(108.66875,-99.477,1.51));
#2506 = CIRCLE('',#2507,0.85);
#2507 = AXIS2_PLACEMENT_3D('',#2508,#2509,#2510);
#2508 = CARTESIAN_POINT('',(108.66875,-98.627,1.51));
#2509 = DIRECTION('',(-0.,0.,-1.));
#2510 = DIRECTION('',(1.671865260612E-14,-1.,-0.));
#2511 = FACE_BOUND('',#2512,.T.);
#2512 = EDGE_LOOP('',(#2513));
#2513 = ORIENTED_EDGE('',*,*,#2514,.T.);
#2514 = EDGE_CURVE('',#2515,#2515,#2517,.T.);
#2515 = VERTEX_POINT('',#2516);
#2516 = CARTESIAN_POINT('',(114.16875,-100.327,1.51));
#2517 = CIRCLE('',#2518,1.7);
#2518 = AXIS2_PLACEMENT_3D('',#2519,#2520,#2521);
#2519 = CARTESIAN_POINT('',(114.16875,-98.627,1.51));
#2520 = DIRECTION('',(-0.,0.,-1.));
#2521 = DIRECTION('',(-0.,-1.,0.));
#2522 = FACE_BOUND('',#2523,.T.);
#2523 = EDGE_LOOP('',(#2524));
#2524 = ORIENTED_EDGE('',*,*,#2525,.T.);
#2525 = EDGE_CURVE('',#2526,#2526,#2528,.T.);
#2526 = VERTEX_POINT('',#2527);
#2527 = CARTESIAN_POINT('',(128.16875,-106.7345,1.51));
#2528 = CIRCLE('',#2529,1.5);
#2529 = AXIS2_PLACEMENT_3D('',#2530,#2531,#2532);
#2530 = CARTESIAN_POINT('',(128.16875,-105.2345,1.51));
#2531 = DIRECTION('',(-0.,0.,-1.));
#2532 = DIRECTION('',(-0.,-1.,0.));
#2533 = FACE_BOUND('',#2534,.T.);
#2534 = EDGE_LOOP('',(#2535));
#2535 = ORIENTED_EDGE('',*,*,#2536,.T.);
#2536 = EDGE_CURVE('',#2537,#2537,#2539,.T.);
#2537 = VERTEX_POINT('',#2538);
#2538 = CARTESIAN_POINT('',(127.66875,-102.3345,1.51));
#2539 = CIRCLE('',#2540,0.85);
#2540 = AXIS2_PLACEMENT_3D('',#2541,#2542,#2543);
#2541 = CARTESIAN_POINT('',(127.66875,-101.4845,1.51));
#2542 = DIRECTION('',(-0.,0.,-1.));
#2543 = DIRECTION('',(-0.,-1.,0.));
#2544 = FACE_BOUND('',#2545,.T.);
#2545 = EDGE_LOOP('',(#2546));
#2546 = ORIENTED_EDGE('',*,*,#2547,.T.);
#2547 = EDGE_CURVE('',#2548,#2548,#2550,.T.);
#2548 = VERTEX_POINT('',#2549);
#2549 = CARTESIAN_POINT('',(119.66875,-99.477,1.51));
#2550 = CIRCLE('',#2551,0.85);
#2551 = AXIS2_PLACEMENT_3D('',#2552,#2553,#2554);
#2552 = CARTESIAN_POINT('',(119.66875,-98.627,1.51));
#2553 = DIRECTION('',(-0.,0.,-1.));
#2554 = DIRECTION('',(1.671865260612E-14,-1.,-0.));
#2555 = FACE_BOUND('',#2556,.T.);
#2556 = EDGE_LOOP('',(#2557));
#2557 = ORIENTED_EDGE('',*,*,#2558,.T.);
#2558 = EDGE_CURVE('',#2559,#2559,#2561,.T.);
#2559 = VERTEX_POINT('',#2560);
#2560 = CARTESIAN_POINT('',(142.62,-111.3275,1.51));
#2561 = CIRCLE('',#2562,0.325);
#2562 = AXIS2_PLACEMENT_3D('',#2563,#2564,#2565);
#2563 = CARTESIAN_POINT('',(142.62,-111.0025,1.51));
#2564 = DIRECTION('',(-0.,0.,-1.));
#2565 = DIRECTION('',(-0.,-1.,0.));
#2566 = FACE_BOUND('',#2567,.T.);
#2567 = EDGE_LOOP('',(#2568));
#2568 = ORIENTED_EDGE('',*,*,#2569,.T.);
#2569 = EDGE_CURVE('',#2570,#2570,#2572,.T.);
#2570 = VERTEX_POINT('',#2571);
#2571 = CARTESIAN_POINT('',(133.16875,-108.9345,1.51));
#2572 = CIRCLE('',#2573,1.5);
#2573 = AXIS2_PLACEMENT_3D('',#2574,#2575,#2576);
#2574 = CARTESIAN_POINT('',(133.16875,-107.4345,1.51));
#2575 = DIRECTION('',(-0.,0.,-1.));
#2576 = DIRECTION('',(-0.,-1.,0.));
#2577 = FACE_BOUND('',#2578,.T.);
#2578 = EDGE_LOOP('',(#2579,#2590,#2598,#2607));
#2579 = ORIENTED_EDGE('',*,*,#2580,.T.);
#2580 = EDGE_CURVE('',#2581,#2583,#2585,.T.);
#2581 = VERTEX_POINT('',#2582);
#2582 = CARTESIAN_POINT('',(142.64,-109.272501,1.51));
#2583 = VERTEX_POINT('',#2584);
#2584 = CARTESIAN_POINT('',(142.64,-109.872501,1.51));
#2585 = CIRCLE('',#2586,0.3);
#2586 = AXIS2_PLACEMENT_3D('',#2587,#2588,#2589);
#2587 = CARTESIAN_POINT('',(142.64,-109.572501,1.51));
#2588 = DIRECTION('',(-0.,0.,-1.));
#2589 = DIRECTION('',(-9.473903143468E-14,-1.,0.));
#2590 = ORIENTED_EDGE('',*,*,#2591,.T.);
#2591 = EDGE_CURVE('',#2583,#2592,#2594,.T.);
#2592 = VERTEX_POINT('',#2593);
#2593 = CARTESIAN_POINT('',(141.54,-109.872501,1.51));
#2594 = LINE('',#2595,#2596);
#2595 = CARTESIAN_POINT('',(70.77,-109.872501,1.51));
#2596 = VECTOR('',#2597,1.);
#2597 = DIRECTION('',(-1.,0.,0.));
#2598 = ORIENTED_EDGE('',*,*,#2599,.T.);
#2599 = EDGE_CURVE('',#2592,#2600,#2602,.T.);
#2600 = VERTEX_POINT('',#2601);
#2601 = CARTESIAN_POINT('',(141.54,-109.272501,1.51));
#2602 = CIRCLE('',#2603,0.3);
#2603 = AXIS2_PLACEMENT_3D('',#2604,#2605,#2606);
#2604 = CARTESIAN_POINT('',(141.54,-109.572501,1.51));
#2605 = DIRECTION('',(-0.,0.,-1.));
#2606 = DIRECTION('',(0.,1.,0.));
#2607 = ORIENTED_EDGE('',*,*,#2608,.T.);
#2608 = EDGE_CURVE('',#2600,#2581,#2609,.T.);
#2609 = LINE('',#2610,#2611);
#2610 = CARTESIAN_POINT('',(71.32,-109.272501,1.51));
#2611 = VECTOR('',#2612,1.);
#2612 = DIRECTION('',(1.,0.,-0.));
#2613 = FACE_BOUND('',#2614,.T.);
#2614 = EDGE_LOOP('',(#2615,#2626,#2634,#2643));
#2615 = ORIENTED_EDGE('',*,*,#2616,.T.);
#2616 = EDGE_CURVE('',#2617,#2619,#2621,.T.);
#2617 = VERTEX_POINT('',#2618);
#2618 = CARTESIAN_POINT('',(146.57,-109.2725,1.51));
#2619 = VERTEX_POINT('',#2620);
#2620 = CARTESIAN_POINT('',(146.57,-109.8725,1.51));
#2621 = CIRCLE('',#2622,0.3);
#2622 = AXIS2_PLACEMENT_3D('',#2623,#2624,#2625);
#2623 = CARTESIAN_POINT('',(146.57,-109.5725,1.51));
#2624 = DIRECTION('',(-0.,0.,-1.));
#2625 = DIRECTION('',(-0.,-1.,0.));
#2626 = ORIENTED_EDGE('',*,*,#2627,.T.);
#2627 = EDGE_CURVE('',#2619,#2628,#2630,.T.);
#2628 = VERTEX_POINT('',#2629);
#2629 = CARTESIAN_POINT('',(145.97,-109.8725,1.51));
#2630 = LINE('',#2631,#2632);
#2631 = CARTESIAN_POINT('',(72.985,-109.8725,1.51));
#2632 = VECTOR('',#2633,1.);
#2633 = DIRECTION('',(-1.,0.,0.));
#2634 = ORIENTED_EDGE('',*,*,#2635,.T.);
#2635 = EDGE_CURVE('',#2628,#2636,#2638,.T.);
#2636 = VERTEX_POINT('',#2637);
#2637 = CARTESIAN_POINT('',(145.97,-109.2725,1.51));
#2638 = CIRCLE('',#2639,0.3);
#2639 = AXIS2_PLACEMENT_3D('',#2640,#2641,#2642);
#2640 = CARTESIAN_POINT('',(145.97,-109.5725,1.51));
#2641 = DIRECTION('',(-0.,0.,-1.));
#2642 = DIRECTION('',(0.,1.,0.));
#2643 = ORIENTED_EDGE('',*,*,#2644,.T.);
#2644 = EDGE_CURVE('',#2636,#2617,#2645,.T.);
#2645 = LINE('',#2646,#2647);
#2646 = CARTESIAN_POINT('',(73.285,-109.2725,1.51));
#2647 = VECTOR('',#2648,1.);
#2648 = DIRECTION('',(1.,0.,-0.));
#2649 = FACE_BOUND('',#2650,.T.);
#2650 = EDGE_LOOP('',(#2651));
#2651 = ORIENTED_EDGE('',*,*,#2652,.T.);
#2652 = EDGE_CURVE('',#2653,#2653,#2655,.T.);
#2653 = VERTEX_POINT('',#2654);
#2654 = CARTESIAN_POINT('',(133.16875,-103.1845,1.51));
#2655 = CIRCLE('',#2656,1.7);
#2656 = AXIS2_PLACEMENT_3D('',#2657,#2658,#2659);
#2657 = CARTESIAN_POINT('',(133.16875,-101.4845,1.51));
#2658 = DIRECTION('',(-0.,0.,-1.));
#2659 = DIRECTION('',(-0.,-1.,0.));
#2660 = FACE_BOUND('',#2661,.T.);
#2661 = EDGE_LOOP('',(#2662));
#2662 = ORIENTED_EDGE('',*,*,#2663,.T.);
#2663 = EDGE_CURVE('',#2664,#2664,#2666,.T.);
#2664 = VERTEX_POINT('',#2665);
#2665 = CARTESIAN_POINT('',(138.66875,-102.3345,1.51));
#2666 = CIRCLE('',#2667,0.85);
#2667 = AXIS2_PLACEMENT_3D('',#2668,#2669,#2670);
#2668 = CARTESIAN_POINT('',(138.66875,-101.4845,1.51));
#2669 = DIRECTION('',(-0.,0.,-1.));
#2670 = DIRECTION('',(-0.,-1.,0.));
#2671 = FACE_BOUND('',#2672,.T.);
#2672 = EDGE_LOOP('',(#2673));
#2673 = ORIENTED_EDGE('',*,*,#2674,.T.);
#2674 = EDGE_CURVE('',#2675,#2675,#2677,.T.);
#2675 = VERTEX_POINT('',#2676);
#2676 = CARTESIAN_POINT('',(51.66875,-93.,1.51));
#2677 = CIRCLE('',#2678,0.85);
#2678 = AXIS2_PLACEMENT_3D('',#2679,#2680,#2681);
#2679 = CARTESIAN_POINT('',(51.66875,-92.15,1.51));
#2680 = DIRECTION('',(-0.,0.,-1.));
#2681 = DIRECTION('',(-0.,-1.,0.));
#2682 = FACE_BOUND('',#2683,.T.);
#2683 = EDGE_LOOP('',(#2684));
#2684 = ORIENTED_EDGE('',*,*,#2685,.T.);
#2685 = EDGE_CURVE('',#2686,#2686,#2688,.T.);
#2686 = VERTEX_POINT('',#2687);
#2687 = CARTESIAN_POINT('',(57.16875,-93.85,1.51));
#2688 = CIRCLE('',#2689,1.7);
#2689 = AXIS2_PLACEMENT_3D('',#2690,#2691,#2692);
#2690 = CARTESIAN_POINT('',(57.16875,-92.15,1.51));
#2691 = DIRECTION('',(-0.,0.,-1.));
#2692 = DIRECTION('',(-0.,-1.,0.));
#2693 = FACE_BOUND('',#2694,.T.);
#2694 = EDGE_LOOP('',(#2695));
#2695 = ORIENTED_EDGE('',*,*,#2696,.T.);
#2696 = EDGE_CURVE('',#2697,#2697,#2699,.T.);
#2697 = VERTEX_POINT('',#2698);
#2698 = CARTESIAN_POINT('',(62.66875,-93.,1.51));
#2699 = CIRCLE('',#2700,0.85);
#2700 = AXIS2_PLACEMENT_3D('',#2701,#2702,#2703);
#2701 = CARTESIAN_POINT('',(62.66875,-92.15,1.51));
#2702 = DIRECTION('',(-0.,0.,-1.));
#2703 = DIRECTION('',(-0.,-1.,0.));
#2704 = FACE_BOUND('',#2705,.T.);
#2705 = EDGE_LOOP('',(#2706));
#2706 = ORIENTED_EDGE('',*,*,#2707,.F.);
#2707 = EDGE_CURVE('',#2708,#2708,#2710,.T.);
#2708 = VERTEX_POINT('',#2709);
#2709 = CARTESIAN_POINT('',(69.2,-89.1,1.51));
#2710 = CIRCLE('',#2711,2.);
#2711 = AXIS2_PLACEMENT_3D('',#2712,#2713,#2714);
#2712 = CARTESIAN_POINT('',(67.2,-89.1,1.51));
#2713 = DIRECTION('',(0.,0.,1.));
#2714 = DIRECTION('',(1.,0.,-0.));
#2715 = FACE_BOUND('',#2716,.T.);
#2716 = EDGE_LOOP('',(#2717));
#2717 = ORIENTED_EDGE('',*,*,#2718,.T.);
#2718 = EDGE_CURVE('',#2719,#2719,#2721,.T.);
#2719 = VERTEX_POINT('',#2720);
#2720 = CARTESIAN_POINT('',(76.16875,-87.027,1.51));
#2721 = CIRCLE('',#2722,1.5);
#2722 = AXIS2_PLACEMENT_3D('',#2723,#2724,#2725);
#2723 = CARTESIAN_POINT('',(76.16875,-85.527,1.51));
#2724 = DIRECTION('',(-0.,0.,-1.));
#2725 = DIRECTION('',(-0.,-1.,0.));
#2726 = FACE_BOUND('',#2727,.T.);
#2727 = EDGE_LOOP('',(#2728));
#2728 = ORIENTED_EDGE('',*,*,#2729,.T.);
#2729 = EDGE_CURVE('',#2730,#2730,#2732,.T.);
#2730 = VERTEX_POINT('',#2731);
#2731 = CARTESIAN_POINT('',(57.16875,-80.55,1.51));
#2732 = CIRCLE('',#2733,1.5);
#2733 = AXIS2_PLACEMENT_3D('',#2734,#2735,#2736);
#2734 = CARTESIAN_POINT('',(57.16875,-79.05,1.51));
#2735 = DIRECTION('',(-0.,0.,-1.));
#2736 = DIRECTION('',(-0.,-1.,0.));
#2737 = FACE_BOUND('',#2738,.T.);
#2738 = EDGE_LOOP('',(#2739));
#2739 = ORIENTED_EDGE('',*,*,#2740,.T.);
#2740 = EDGE_CURVE('',#2741,#2741,#2743,.T.);
#2741 = VERTEX_POINT('',#2742);
#2742 = CARTESIAN_POINT('',(52.16875,-78.35,1.51));
#2743 = CIRCLE('',#2744,1.5);
#2744 = AXIS2_PLACEMENT_3D('',#2745,#2746,#2747);
#2745 = CARTESIAN_POINT('',(52.16875,-76.85,1.51));
#2746 = DIRECTION('',(-0.,0.,-1.));
#2747 = DIRECTION('',(-0.,-1.,0.));
#2748 = FACE_BOUND('',#2749,.T.);
#2749 = EDGE_LOOP('',(#2750));
#2750 = ORIENTED_EDGE('',*,*,#2751,.T.);
#2751 = EDGE_CURVE('',#2752,#2752,#2754,.T.);
#2752 = VERTEX_POINT('',#2753);
#2753 = CARTESIAN_POINT('',(71.16875,-84.827,1.51));
#2754 = CIRCLE('',#2755,1.5);
#2755 = AXIS2_PLACEMENT_3D('',#2756,#2757,#2758);
#2756 = CARTESIAN_POINT('',(71.16875,-83.327,1.51));
#2757 = DIRECTION('',(-0.,0.,-1.));
#2758 = DIRECTION('',(-0.,-1.,0.));
#2759 = FACE_BOUND('',#2760,.T.);
#2760 = EDGE_LOOP('',(#2761));
#2761 = ORIENTED_EDGE('',*,*,#2762,.T.);
#2762 = EDGE_CURVE('',#2763,#2763,#2765,.T.);
#2763 = VERTEX_POINT('',#2764);
#2764 = CARTESIAN_POINT('',(70.66875,-80.427,1.51));
#2765 = CIRCLE('',#2766,0.85);
#2766 = AXIS2_PLACEMENT_3D('',#2767,#2768,#2769);
#2767 = CARTESIAN_POINT('',(70.66875,-79.577,1.51));
#2768 = DIRECTION('',(-0.,0.,-1.));
#2769 = DIRECTION('',(1.671865260612E-14,-1.,-0.));
#2770 = FACE_BOUND('',#2771,.T.);
#2771 = EDGE_LOOP('',(#2772));
#2772 = ORIENTED_EDGE('',*,*,#2773,.T.);
#2773 = EDGE_CURVE('',#2774,#2774,#2776,.T.);
#2774 = VERTEX_POINT('',#2775);
#2775 = CARTESIAN_POINT('',(76.16875,-81.277,1.51));
#2776 = CIRCLE('',#2777,1.7);
#2777 = AXIS2_PLACEMENT_3D('',#2778,#2779,#2780);
#2778 = CARTESIAN_POINT('',(76.16875,-79.577,1.51));
#2779 = DIRECTION('',(-0.,0.,-1.));
#2780 = DIRECTION('',(-0.,-1.,0.));
#2781 = FACE_BOUND('',#2782,.T.);
#2782 = EDGE_LOOP('',(#2783));
#2783 = ORIENTED_EDGE('',*,*,#2784,.T.);
#2784 = EDGE_CURVE('',#2785,#2785,#2787,.T.);
#2785 = VERTEX_POINT('',#2786);
#2786 = CARTESIAN_POINT('',(89.66875,-94.7145,1.51));
#2787 = CIRCLE('',#2788,0.85);
#2788 = AXIS2_PLACEMENT_3D('',#2789,#2790,#2791);
#2789 = CARTESIAN_POINT('',(89.66875,-93.8645,1.51));
#2790 = DIRECTION('',(-0.,0.,-1.));
#2791 = DIRECTION('',(1.671865260612E-14,-1.,-0.));
#2792 = FACE_BOUND('',#2793,.T.);
#2793 = EDGE_LOOP('',(#2794));
#2794 = ORIENTED_EDGE('',*,*,#2795,.T.);
#2795 = EDGE_CURVE('',#2796,#2796,#2798,.T.);
#2796 = VERTEX_POINT('',#2797);
#2797 = CARTESIAN_POINT('',(95.16875,-95.5645,1.51));
#2798 = CIRCLE('',#2799,1.7);
#2799 = AXIS2_PLACEMENT_3D('',#2800,#2801,#2802);
#2800 = CARTESIAN_POINT('',(95.16875,-93.8645,1.51));
#2801 = DIRECTION('',(-0.,0.,-1.));
#2802 = DIRECTION('',(-0.,-1.,0.));
#2803 = FACE_BOUND('',#2804,.T.);
#2804 = EDGE_LOOP('',(#2805));
#2805 = ORIENTED_EDGE('',*,*,#2806,.T.);
#2806 = EDGE_CURVE('',#2807,#2807,#2809,.T.);
#2807 = VERTEX_POINT('',#2808);
#2808 = CARTESIAN_POINT('',(100.66875,-94.7145,1.51));
#2809 = CIRCLE('',#2810,0.85);
#2810 = AXIS2_PLACEMENT_3D('',#2811,#2812,#2813);
#2811 = CARTESIAN_POINT('',(100.66875,-93.8645,1.51));
#2812 = DIRECTION('',(-0.,0.,-1.));
#2813 = DIRECTION('',(1.671865260612E-14,-1.,-0.));
#2814 = FACE_BOUND('',#2815,.T.);
#2815 = EDGE_LOOP('',(#2816));
#2816 = ORIENTED_EDGE('',*,*,#2817,.T.);
#2817 = EDGE_CURVE('',#2818,#2818,#2820,.T.);
#2818 = VERTEX_POINT('',#2819);
#2819 = CARTESIAN_POINT('',(81.66875,-80.427,1.51));
#2820 = CIRCLE('',#2821,0.85);
#2821 = AXIS2_PLACEMENT_3D('',#2822,#2823,#2824);
#2822 = CARTESIAN_POINT('',(81.66875,-79.577,1.51));
#2823 = DIRECTION('',(-0.,0.,-1.));
#2824 = DIRECTION('',(1.671865260612E-14,-1.,-0.));
#2825 = FACE_BOUND('',#2826,.T.);
#2826 = EDGE_LOOP('',(#2827));
#2827 = ORIENTED_EDGE('',*,*,#2828,.T.);
#2828 = EDGE_CURVE('',#2829,#2829,#2831,.T.);
#2829 = VERTEX_POINT('',#2830);
#2830 = CARTESIAN_POINT('',(89.66875,-75.6645,1.51));
#2831 = CIRCLE('',#2832,0.85);
#2832 = AXIS2_PLACEMENT_3D('',#2833,#2834,#2835);
#2833 = CARTESIAN_POINT('',(89.66875,-74.8145,1.51));
#2834 = DIRECTION('',(-0.,0.,-1.));
#2835 = DIRECTION('',(1.671865260612E-14,-1.,-0.));
#2836 = FACE_BOUND('',#2837,.T.);
#2837 = EDGE_LOOP('',(#2838));
#2838 = ORIENTED_EDGE('',*,*,#2839,.T.);
#2839 = EDGE_CURVE('',#2840,#2840,#2842,.T.);
#2840 = VERTEX_POINT('',#2841);
#2841 = CARTESIAN_POINT('',(95.16875,-82.2645,1.51));
#2842 = CIRCLE('',#2843,1.5);
#2843 = AXIS2_PLACEMENT_3D('',#2844,#2845,#2846);
#2844 = CARTESIAN_POINT('',(95.16875,-80.7645,1.51));
#2845 = DIRECTION('',(-0.,0.,-1.));
#2846 = DIRECTION('',(-0.,-1.,0.));
#2847 = FACE_BOUND('',#2848,.T.);
#2848 = EDGE_LOOP('',(#2849));
#2849 = ORIENTED_EDGE('',*,*,#2850,.T.);
#2850 = EDGE_CURVE('',#2851,#2851,#2853,.T.);
#2851 = VERTEX_POINT('',#2852);
#2852 = CARTESIAN_POINT('',(90.16875,-80.0645,1.51));
#2853 = CIRCLE('',#2854,1.5);
#2854 = AXIS2_PLACEMENT_3D('',#2855,#2856,#2857);
#2855 = CARTESIAN_POINT('',(90.16875,-78.5645,1.51));
#2856 = DIRECTION('',(-0.,0.,-1.));
#2857 = DIRECTION('',(-0.,-1.,0.));
#2858 = FACE_BOUND('',#2859,.T.);
#2859 = EDGE_LOOP('',(#2860));
#2860 = ORIENTED_EDGE('',*,*,#2861,.T.);
#2861 = EDGE_CURVE('',#2862,#2862,#2864,.T.);
#2862 = VERTEX_POINT('',#2863);
#2863 = CARTESIAN_POINT('',(95.16875,-76.5145,1.51));
#2864 = CIRCLE('',#2865,1.7);
#2865 = AXIS2_PLACEMENT_3D('',#2866,#2867,#2868);
#2866 = CARTESIAN_POINT('',(95.16875,-74.8145,1.51));
#2867 = DIRECTION('',(-0.,0.,-1.));
#2868 = DIRECTION('',(-0.,-1.,0.));
#2869 = FACE_BOUND('',#2870,.T.);
#2870 = EDGE_LOOP('',(#2871));
#2871 = ORIENTED_EDGE('',*,*,#2872,.T.);
#2872 = EDGE_CURVE('',#2873,#2873,#2875,.T.);
#2873 = VERTEX_POINT('',#2874);
#2874 = CARTESIAN_POINT('',(100.66875,-75.6645,1.51));
#2875 = CIRCLE('',#2876,0.85);
#2876 = AXIS2_PLACEMENT_3D('',#2877,#2878,#2879);
#2877 = CARTESIAN_POINT('',(100.66875,-74.8145,1.51));
#2878 = DIRECTION('',(-0.,0.,-1.));
#2879 = DIRECTION('',(1.671865260612E-14,-1.,-0.));
#2880 = FACE_BOUND('',#2881,.T.);
#2881 = EDGE_LOOP('',(#2882));
#2882 = ORIENTED_EDGE('',*,*,#2883,.T.);
#2883 = EDGE_CURVE('',#2884,#2884,#2886,.T.);
#2884 = VERTEX_POINT('',#2885);
#2885 = CARTESIAN_POINT('',(51.66875,-73.95,1.51));
#2886 = CIRCLE('',#2887,0.85);
#2887 = AXIS2_PLACEMENT_3D('',#2888,#2889,#2890);
#2888 = CARTESIAN_POINT('',(51.66875,-73.1,1.51));
#2889 = DIRECTION('',(-0.,0.,-1.));
#2890 = DIRECTION('',(-0.,-1.,0.));
#2891 = FACE_BOUND('',#2892,.T.);
#2892 = EDGE_LOOP('',(#2893));
#2893 = ORIENTED_EDGE('',*,*,#2894,.T.);
#2894 = EDGE_CURVE('',#2895,#2895,#2897,.T.);
#2895 = VERTEX_POINT('',#2896);
#2896 = CARTESIAN_POINT('',(57.16875,-74.8,1.51));
#2897 = CIRCLE('',#2898,1.7);
#2898 = AXIS2_PLACEMENT_3D('',#2899,#2900,#2901);
#2899 = CARTESIAN_POINT('',(57.16875,-73.1,1.51));
#2900 = DIRECTION('',(-0.,0.,-1.));
#2901 = DIRECTION('',(-0.,-1.,0.));
#2902 = FACE_BOUND('',#2903,.T.);
#2903 = EDGE_LOOP('',(#2904));
#2904 = ORIENTED_EDGE('',*,*,#2905,.T.);
#2905 = EDGE_CURVE('',#2906,#2906,#2908,.T.);
#2906 = VERTEX_POINT('',#2907);
#2907 = CARTESIAN_POINT('',(62.66875,-73.95,1.51));
#2908 = CIRCLE('',#2909,0.85);
#2909 = AXIS2_PLACEMENT_3D('',#2910,#2911,#2912);
#2910 = CARTESIAN_POINT('',(62.66875,-73.1,1.51));
#2911 = DIRECTION('',(-0.,0.,-1.));
#2912 = DIRECTION('',(-0.,-1.,0.));
#2913 = FACE_BOUND('',#2914,.T.);
#2914 = EDGE_LOOP('',(#2915));
#2915 = ORIENTED_EDGE('',*,*,#2916,.T.);
#2916 = EDGE_CURVE('',#2917,#2917,#2919,.T.);
#2917 = VERTEX_POINT('',#2918);
#2918 = CARTESIAN_POINT('',(76.16875,-67.977,1.51));
#2919 = CIRCLE('',#2920,1.5);
#2920 = AXIS2_PLACEMENT_3D('',#2921,#2922,#2923);
#2921 = CARTESIAN_POINT('',(76.16875,-66.477,1.51));
#2922 = DIRECTION('',(-0.,0.,-1.));
#2923 = DIRECTION('',(-0.,-1.,0.));
#2924 = FACE_BOUND('',#2925,.T.);
#2925 = EDGE_LOOP('',(#2926,#2937,#2945,#2954));
#2926 = ORIENTED_EDGE('',*,*,#2927,.T.);
#2927 = EDGE_CURVE('',#2928,#2930,#2932,.T.);
#2928 = VERTEX_POINT('',#2929);
#2929 = CARTESIAN_POINT('',(55.659998,-62.66,1.51));
#2930 = VERTEX_POINT('',#2931);
#2931 = CARTESIAN_POINT('',(56.259998,-62.66,1.51));
#2932 = CIRCLE('',#2933,0.3);
#2933 = AXIS2_PLACEMENT_3D('',#2934,#2935,#2936);
#2934 = CARTESIAN_POINT('',(55.959998,-62.66,1.51));
#2935 = DIRECTION('',(0.,-0.,-1.));
#2936 = DIRECTION('',(1.,2.368475785867E-14,-0.));
#2937 = ORIENTED_EDGE('',*,*,#2938,.T.);
#2938 = EDGE_CURVE('',#2930,#2939,#2941,.T.);
#2939 = VERTEX_POINT('',#2940);
#2940 = CARTESIAN_POINT('',(56.259998,-63.76,1.51));
#2941 = LINE('',#2942,#2943);
#2942 = CARTESIAN_POINT('',(56.259998,-31.88,1.51));
#2943 = VECTOR('',#2944,1.);
#2944 = DIRECTION('',(0.,-1.,0.));
#2945 = ORIENTED_EDGE('',*,*,#2946,.T.);
#2946 = EDGE_CURVE('',#2939,#2947,#2949,.T.);
#2947 = VERTEX_POINT('',#2948);
#2948 = CARTESIAN_POINT('',(55.659998,-63.76,1.51));
#2949 = CIRCLE('',#2950,0.3);
#2950 = AXIS2_PLACEMENT_3D('',#2951,#2952,#2953);
#2951 = CARTESIAN_POINT('',(55.959998,-63.76,1.51));
#2952 = DIRECTION('',(-0.,0.,-1.));
#2953 = DIRECTION('',(-1.,0.,0.));
#2954 = ORIENTED_EDGE('',*,*,#2955,.T.);
#2955 = EDGE_CURVE('',#2947,#2928,#2956,.T.);
#2956 = LINE('',#2957,#2958);
#2957 = CARTESIAN_POINT('',(55.659998,-31.33,1.51));
#2958 = VECTOR('',#2959,1.);
#2959 = DIRECTION('',(-0.,1.,0.));
#2960 = FACE_BOUND('',#2961,.T.);
#2961 = EDGE_LOOP('',(#2962));
#2962 = ORIENTED_EDGE('',*,*,#2963,.T.);
#2963 = EDGE_CURVE('',#2964,#2964,#2966,.T.);
#2964 = VERTEX_POINT('',#2965);
#2965 = CARTESIAN_POINT('',(57.389999,-63.004999,1.51));
#2966 = CIRCLE('',#2967,0.325);
#2967 = AXIS2_PLACEMENT_3D('',#2968,#2969,#2970);
#2968 = CARTESIAN_POINT('',(57.389999,-62.679999,1.51));
#2969 = DIRECTION('',(-0.,0.,-1.));
#2970 = DIRECTION('',(-0.,-1.,0.));
#2971 = FACE_BOUND('',#2972,.T.);
#2972 = EDGE_LOOP('',(#2973));
#2973 = ORIENTED_EDGE('',*,*,#2974,.T.);
#2974 = EDGE_CURVE('',#2975,#2975,#2977,.T.);
#2975 = VERTEX_POINT('',#2976);
#2976 = CARTESIAN_POINT('',(63.169999,-63.004999,1.51));
#2977 = CIRCLE('',#2978,0.325);
#2978 = AXIS2_PLACEMENT_3D('',#2979,#2980,#2981);
#2979 = CARTESIAN_POINT('',(63.169999,-62.679999,1.51));
#2980 = DIRECTION('',(-0.,0.,-1.));
#2981 = DIRECTION('',(-2.1862853408E-14,-1.,0.));
#2982 = FACE_BOUND('',#2983,.T.);
#2983 = EDGE_LOOP('',(#2984,#2995,#3003,#3012));
#2984 = ORIENTED_EDGE('',*,*,#2985,.T.);
#2985 = EDGE_CURVE('',#2986,#2988,#2990,.T.);
#2986 = VERTEX_POINT('',#2987);
#2987 = CARTESIAN_POINT('',(55.659999,-58.729999,1.51));
#2988 = VERTEX_POINT('',#2989);
#2989 = CARTESIAN_POINT('',(56.259999,-58.729999,1.51));
#2990 = CIRCLE('',#2991,0.3);
#2991 = AXIS2_PLACEMENT_3D('',#2992,#2993,#2994);
#2992 = CARTESIAN_POINT('',(55.959999,-58.729999,1.51));
#2993 = DIRECTION('',(0.,-0.,-1.));
#2994 = DIRECTION('',(1.,0.,-0.));
#2995 = ORIENTED_EDGE('',*,*,#2996,.T.);
#2996 = EDGE_CURVE('',#2988,#2997,#2999,.T.);
#2997 = VERTEX_POINT('',#2998);
#2998 = CARTESIAN_POINT('',(56.259999,-59.329999,1.51));
#2999 = LINE('',#3000,#3001);
#3000 = CARTESIAN_POINT('',(56.259999,-29.6649995,1.51));
#3001 = VECTOR('',#3002,1.);
#3002 = DIRECTION('',(0.,-1.,0.));
#3003 = ORIENTED_EDGE('',*,*,#3004,.T.);
#3004 = EDGE_CURVE('',#2997,#3005,#3007,.T.);
#3005 = VERTEX_POINT('',#3006);
#3006 = CARTESIAN_POINT('',(55.659999,-59.329999,1.51));
#3007 = CIRCLE('',#3008,0.3);
#3008 = AXIS2_PLACEMENT_3D('',#3009,#3010,#3011);
#3009 = CARTESIAN_POINT('',(55.959999,-59.329999,1.51));
#3010 = DIRECTION('',(-0.,0.,-1.));
#3011 = DIRECTION('',(-1.,0.,0.));
#3012 = ORIENTED_EDGE('',*,*,#3013,.T.);
#3013 = EDGE_CURVE('',#3005,#2986,#3014,.T.);
#3014 = LINE('',#3015,#3016);
#3015 = CARTESIAN_POINT('',(55.659999,-29.3649995,1.51));
#3016 = VECTOR('',#3017,1.);
#3017 = DIRECTION('',(-0.,1.,0.));
#3018 = FACE_BOUND('',#3019,.T.);
#3019 = EDGE_LOOP('',(#3020,#3031,#3039,#3048));
#3020 = ORIENTED_EDGE('',*,*,#3021,.T.);
#3021 = EDGE_CURVE('',#3022,#3024,#3026,.T.);
#3022 = VERTEX_POINT('',#3023);
#3023 = CARTESIAN_POINT('',(64.3,-62.659999,1.51));
#3024 = VERTEX_POINT('',#3025);
#3025 = CARTESIAN_POINT('',(64.9,-62.659999,1.51));
#3026 = CIRCLE('',#3027,0.3);
#3027 = AXIS2_PLACEMENT_3D('',#3028,#3029,#3030);
#3028 = CARTESIAN_POINT('',(64.6,-62.659999,1.51));
#3029 = DIRECTION('',(0.,-0.,-1.));
#3030 = DIRECTION('',(1.,4.736951571734E-14,-0.));
#3031 = ORIENTED_EDGE('',*,*,#3032,.T.);
#3032 = EDGE_CURVE('',#3024,#3033,#3035,.T.);
#3033 = VERTEX_POINT('',#3034);
#3034 = CARTESIAN_POINT('',(64.9,-63.759999,1.51));
#3035 = LINE('',#3036,#3037);
#3036 = CARTESIAN_POINT('',(64.9,-31.8799995,1.51));
#3037 = VECTOR('',#3038,1.);
#3038 = DIRECTION('',(0.,-1.,0.));
#3039 = ORIENTED_EDGE('',*,*,#3040,.T.);
#3040 = EDGE_CURVE('',#3033,#3041,#3043,.T.);
#3041 = VERTEX_POINT('',#3042);
#3042 = CARTESIAN_POINT('',(64.3,-63.759999,1.51));
#3043 = CIRCLE('',#3044,0.3);
#3044 = AXIS2_PLACEMENT_3D('',#3045,#3046,#3047);
#3045 = CARTESIAN_POINT('',(64.6,-63.759999,1.51));
#3046 = DIRECTION('',(-0.,0.,-1.));
#3047 = DIRECTION('',(-1.,-2.368475785867E-14,0.));
#3048 = ORIENTED_EDGE('',*,*,#3049,.T.);
#3049 = EDGE_CURVE('',#3041,#3022,#3050,.T.);
#3050 = LINE('',#3051,#3052);
#3051 = CARTESIAN_POINT('',(64.3,-31.3299995,1.51));
#3052 = VECTOR('',#3053,1.);
#3053 = DIRECTION('',(-0.,1.,0.));
#3054 = FACE_BOUND('',#3055,.T.);
#3055 = EDGE_LOOP('',(#3056));
#3056 = ORIENTED_EDGE('',*,*,#3057,.T.);
#3057 = EDGE_CURVE('',#3058,#3058,#3060,.T.);
#3058 = VERTEX_POINT('',#3059);
#3059 = CARTESIAN_POINT('',(71.16875,-65.777,1.51));
#3060 = CIRCLE('',#3061,1.5);
#3061 = AXIS2_PLACEMENT_3D('',#3062,#3063,#3064);
#3062 = CARTESIAN_POINT('',(71.16875,-64.277,1.51));
#3063 = DIRECTION('',(-0.,0.,-1.));
#3064 = DIRECTION('',(-0.,-1.,0.));
#3065 = FACE_BOUND('',#3066,.T.);
#3066 = EDGE_LOOP('',(#3067));
#3067 = ORIENTED_EDGE('',*,*,#3068,.T.);
#3068 = EDGE_CURVE('',#3069,#3069,#3071,.T.);
#3069 = VERTEX_POINT('',#3070);
#3070 = CARTESIAN_POINT('',(70.66875,-61.377,1.51));
#3071 = CIRCLE('',#3072,0.85);
#3072 = AXIS2_PLACEMENT_3D('',#3073,#3074,#3075);
#3073 = CARTESIAN_POINT('',(70.66875,-60.527,1.51));
#3074 = DIRECTION('',(-0.,0.,-1.));
#3075 = DIRECTION('',(1.671865260612E-14,-1.,-0.));
#3076 = FACE_BOUND('',#3077,.T.);
#3077 = EDGE_LOOP('',(#3078));
#3078 = ORIENTED_EDGE('',*,*,#3079,.T.);
#3079 = EDGE_CURVE('',#3080,#3080,#3082,.T.);
#3080 = VERTEX_POINT('',#3081);
#3081 = CARTESIAN_POINT('',(76.16875,-62.227,1.51));
#3082 = CIRCLE('',#3083,1.7);
#3083 = AXIS2_PLACEMENT_3D('',#3084,#3085,#3086);
#3084 = CARTESIAN_POINT('',(76.16875,-60.527,1.51));
#3085 = DIRECTION('',(-0.,0.,-1.));
#3086 = DIRECTION('',(-0.,-1.,0.));
#3087 = FACE_BOUND('',#3088,.T.);
#3088 = EDGE_LOOP('',(#3089,#3100,#3108,#3117));
#3089 = ORIENTED_EDGE('',*,*,#3090,.T.);
#3090 = EDGE_CURVE('',#3091,#3093,#3095,.T.);
#3091 = VERTEX_POINT('',#3092);
#3092 = CARTESIAN_POINT('',(64.299999,-58.729999,1.51));
#3093 = VERTEX_POINT('',#3094);
#3094 = CARTESIAN_POINT('',(64.899999,-58.729999,1.51));
#3095 = CIRCLE('',#3096,0.3);
#3096 = AXIS2_PLACEMENT_3D('',#3097,#3098,#3099);
#3097 = CARTESIAN_POINT('',(64.599999,-58.729999,1.51));
#3098 = DIRECTION('',(0.,-0.,-1.));
#3099 = DIRECTION('',(1.,2.368475785867E-14,-0.));
#3100 = ORIENTED_EDGE('',*,*,#3101,.T.);
#3101 = EDGE_CURVE('',#3093,#3102,#3104,.T.);
#3102 = VERTEX_POINT('',#3103);
#3103 = CARTESIAN_POINT('',(64.899999,-59.329999,1.51));
#3104 = LINE('',#3105,#3106);
#3105 = CARTESIAN_POINT('',(64.899999,-29.6649995,1.51));
#3106 = VECTOR('',#3107,1.);
#3107 = DIRECTION('',(0.,-1.,0.));
#3108 = ORIENTED_EDGE('',*,*,#3109,.T.);
#3109 = EDGE_CURVE('',#3102,#3110,#3112,.T.);
#3110 = VERTEX_POINT('',#3111);
#3111 = CARTESIAN_POINT('',(64.299999,-59.329999,1.51));
#3112 = CIRCLE('',#3113,0.3);
#3113 = AXIS2_PLACEMENT_3D('',#3114,#3115,#3116);
#3114 = CARTESIAN_POINT('',(64.599999,-59.329999,1.51));
#3115 = DIRECTION('',(-0.,0.,-1.));
#3116 = DIRECTION('',(-1.,-2.368475785867E-14,0.));
#3117 = ORIENTED_EDGE('',*,*,#3118,.T.);
#3118 = EDGE_CURVE('',#3110,#3091,#3119,.T.);
#3119 = LINE('',#3120,#3121);
#3120 = CARTESIAN_POINT('',(64.299999,-29.3649995,1.51));
#3121 = VECTOR('',#3122,1.);
#3122 = DIRECTION('',(-0.,1.,0.));
#3123 = FACE_BOUND('',#3124,.T.);
#3124 = EDGE_LOOP('',(#3125));
#3125 = ORIENTED_EDGE('',*,*,#3126,.F.);
#3126 = EDGE_CURVE('',#3127,#3127,#3129,.T.);
#3127 = VERTEX_POINT('',#3128);
#3128 = CARTESIAN_POINT('',(88.2,-65.4,1.51));
#3129 = CIRCLE('',#3130,2.);
#3130 = AXIS2_PLACEMENT_3D('',#3131,#3132,#3133);
#3131 = CARTESIAN_POINT('',(86.2,-65.4,1.51));
#3132 = DIRECTION('',(0.,0.,1.));
#3133 = DIRECTION('',(1.,0.,-0.));
#3134 = FACE_BOUND('',#3135,.T.);
#3135 = EDGE_LOOP('',(#3136));
#3136 = ORIENTED_EDGE('',*,*,#3137,.T.);
#3137 = EDGE_CURVE('',#3138,#3138,#3140,.T.);
#3138 = VERTEX_POINT('',#3139);
#3139 = CARTESIAN_POINT('',(81.66875,-61.377,1.51));
#3140 = CIRCLE('',#3141,0.85);
#3141 = AXIS2_PLACEMENT_3D('',#3142,#3143,#3144);
#3142 = CARTESIAN_POINT('',(81.66875,-60.527,1.51));
#3143 = DIRECTION('',(-0.,0.,-1.));
#3144 = DIRECTION('',(1.671865260612E-14,-1.,-0.));
#3145 = FACE_BOUND('',#3146,.T.);
#3146 = EDGE_LOOP('',(#3147));
#3147 = ORIENTED_EDGE('',*,*,#3148,.T.);
#3148 = EDGE_CURVE('',#3149,#3149,#3151,.T.);
#3149 = VERTEX_POINT('',#3150);
#3150 = CARTESIAN_POINT('',(89.66875,-56.6145,1.51));
#3151 = CIRCLE('',#3152,0.85);
#3152 = AXIS2_PLACEMENT_3D('',#3153,#3154,#3155);
#3153 = CARTESIAN_POINT('',(89.66875,-55.7645,1.51));
#3154 = DIRECTION('',(-0.,0.,-1.));
#3155 = DIRECTION('',(1.671865260612E-14,-1.,-0.));
#3156 = FACE_BOUND('',#3157,.T.);
#3157 = EDGE_LOOP('',(#3158));
#3158 = ORIENTED_EDGE('',*,*,#3159,.T.);
#3159 = EDGE_CURVE('',#3160,#3160,#3162,.T.);
#3160 = VERTEX_POINT('',#3161);
#3161 = CARTESIAN_POINT('',(90.16875,-61.0145,1.51));
#3162 = CIRCLE('',#3163,1.5);
#3163 = AXIS2_PLACEMENT_3D('',#3164,#3165,#3166);
#3164 = CARTESIAN_POINT('',(90.16875,-59.5145,1.51));
#3165 = DIRECTION('',(-0.,0.,-1.));
#3166 = DIRECTION('',(-0.,-1.,0.));
#3167 = FACE_BOUND('',#3168,.T.);
#3168 = EDGE_LOOP('',(#3169));
#3169 = ORIENTED_EDGE('',*,*,#3170,.T.);
#3170 = EDGE_CURVE('',#3171,#3171,#3173,.T.);
#3171 = VERTEX_POINT('',#3172);
#3172 = CARTESIAN_POINT('',(95.16875,-63.2145,1.51));
#3173 = CIRCLE('',#3174,1.5);
#3174 = AXIS2_PLACEMENT_3D('',#3175,#3176,#3177);
#3175 = CARTESIAN_POINT('',(95.16875,-61.7145,1.51));
#3176 = DIRECTION('',(-0.,0.,-1.));
#3177 = DIRECTION('',(-0.,-1.,0.));
#3178 = FACE_BOUND('',#3179,.T.);
#3179 = EDGE_LOOP('',(#3180));
#3180 = ORIENTED_EDGE('',*,*,#3181,.T.);
#3181 = EDGE_CURVE('',#3182,#3182,#3184,.T.);
#3182 = VERTEX_POINT('',#3183);
#3183 = CARTESIAN_POINT('',(95.16875,-57.4645,1.51));
#3184 = CIRCLE('',#3185,1.7);
#3185 = AXIS2_PLACEMENT_3D('',#3186,#3187,#3188);
#3186 = CARTESIAN_POINT('',(95.16875,-55.7645,1.51));
#3187 = DIRECTION('',(-0.,0.,-1.));
#3188 = DIRECTION('',(-0.,-1.,0.));
#3189 = FACE_BOUND('',#3190,.T.);
#3190 = EDGE_LOOP('',(#3191));
#3191 = ORIENTED_EDGE('',*,*,#3192,.T.);
#3192 = EDGE_CURVE('',#3193,#3193,#3195,.T.);
#3193 = VERTEX_POINT('',#3194);
#3194 = CARTESIAN_POINT('',(100.66875,-56.6145,1.51));
#3195 = CIRCLE('',#3196,0.85);
#3196 = AXIS2_PLACEMENT_3D('',#3197,#3198,#3199);
#3197 = CARTESIAN_POINT('',(100.66875,-55.7645,1.51));
#3198 = DIRECTION('',(-0.,0.,-1.));
#3199 = DIRECTION('',(1.671865260612E-14,-1.,-0.));
#3200 = FACE_BOUND('',#3201,.T.);
#3201 = EDGE_LOOP('',(#3202));
#3202 = ORIENTED_EDGE('',*,*,#3203,.T.);
#3203 = EDGE_CURVE('',#3204,#3204,#3206,.T.);
#3204 = VERTEX_POINT('',#3205);
#3205 = CARTESIAN_POINT('',(114.16875,-87.027,1.51));
#3206 = CIRCLE('',#3207,1.5);
#3207 = AXIS2_PLACEMENT_3D('',#3208,#3209,#3210);
#3208 = CARTESIAN_POINT('',(114.16875,-85.527,1.51));
#3209 = DIRECTION('',(-0.,0.,-1.));
#3210 = DIRECTION('',(-0.,-1.,0.));
#3211 = FACE_BOUND('',#3212,.T.);
#3212 = EDGE_LOOP('',(#3213));
#3213 = ORIENTED_EDGE('',*,*,#3214,.F.);
#3214 = EDGE_CURVE('',#3215,#3215,#3217,.T.);
#3215 = VERTEX_POINT('',#3216);
#3216 = CARTESIAN_POINT('',(125.723771,-92.492893,1.51));
#3217 = CIRCLE('',#3218,2.);
#3218 = AXIS2_PLACEMENT_3D('',#3219,#3220,#3221);
#3219 = CARTESIAN_POINT('',(123.723771,-92.492893,1.51));
#3220 = DIRECTION('',(0.,0.,1.));
#3221 = DIRECTION('',(1.,0.,-0.));
#3222 = FACE_BOUND('',#3223,.T.);
#3223 = EDGE_LOOP('',(#3224));
#3224 = ORIENTED_EDGE('',*,*,#3225,.T.);
#3225 = EDGE_CURVE('',#3226,#3226,#3228,.T.);
#3226 = VERTEX_POINT('',#3227);
#3227 = CARTESIAN_POINT('',(128.16875,-87.6845,1.51));
#3228 = CIRCLE('',#3229,1.5);
#3229 = AXIS2_PLACEMENT_3D('',#3230,#3231,#3232);
#3230 = CARTESIAN_POINT('',(128.16875,-86.1845,1.51));
#3231 = DIRECTION('',(-0.,0.,-1.));
#3232 = DIRECTION('',(-0.,-1.,0.));
#3233 = FACE_BOUND('',#3234,.T.);
#3234 = EDGE_LOOP('',(#3235));
#3235 = ORIENTED_EDGE('',*,*,#3236,.T.);
#3236 = EDGE_CURVE('',#3237,#3237,#3239,.T.);
#3237 = VERTEX_POINT('',#3238);
#3238 = CARTESIAN_POINT('',(109.16875,-84.827,1.51));
#3239 = CIRCLE('',#3240,1.5);
#3240 = AXIS2_PLACEMENT_3D('',#3241,#3242,#3243);
#3241 = CARTESIAN_POINT('',(109.16875,-83.327,1.51));
#3242 = DIRECTION('',(-0.,0.,-1.));
#3243 = DIRECTION('',(-0.,-1.,0.));
#3244 = FACE_BOUND('',#3245,.T.);
#3245 = EDGE_LOOP('',(#3246));
#3246 = ORIENTED_EDGE('',*,*,#3247,.T.);
#3247 = EDGE_CURVE('',#3248,#3248,#3250,.T.);
#3248 = VERTEX_POINT('',#3249);
#3249 = CARTESIAN_POINT('',(108.66875,-80.427,1.51));
#3250 = CIRCLE('',#3251,0.85);
#3251 = AXIS2_PLACEMENT_3D('',#3252,#3253,#3254);
#3252 = CARTESIAN_POINT('',(108.66875,-79.577,1.51));
#3253 = DIRECTION('',(-0.,0.,-1.));
#3254 = DIRECTION('',(1.671865260612E-14,-1.,-0.));
#3255 = FACE_BOUND('',#3256,.T.);
#3256 = EDGE_LOOP('',(#3257));
#3257 = ORIENTED_EDGE('',*,*,#3258,.T.);
#3258 = EDGE_CURVE('',#3259,#3259,#3261,.T.);
#3259 = VERTEX_POINT('',#3260);
#3260 = CARTESIAN_POINT('',(114.16875,-81.277,1.51));
#3261 = CIRCLE('',#3262,1.7);
#3262 = AXIS2_PLACEMENT_3D('',#3263,#3264,#3265);
#3263 = CARTESIAN_POINT('',(114.16875,-79.577,1.51));
#3264 = DIRECTION('',(-0.,0.,-1.));
#3265 = DIRECTION('',(-0.,-1.,0.));
#3266 = FACE_BOUND('',#3267,.T.);
#3267 = EDGE_LOOP('',(#3268));
#3268 = ORIENTED_EDGE('',*,*,#3269,.T.);
#3269 = EDGE_CURVE('',#3270,#3270,#3272,.T.);
#3270 = VERTEX_POINT('',#3271);
#3271 = CARTESIAN_POINT('',(127.66875,-83.2845,1.51));
#3272 = CIRCLE('',#3273,0.85);
#3273 = AXIS2_PLACEMENT_3D('',#3274,#3275,#3276);
#3274 = CARTESIAN_POINT('',(127.66875,-82.4345,1.51));
#3275 = DIRECTION('',(-0.,0.,-1.));
#3276 = DIRECTION('',(-0.,-1.,0.));
#3277 = FACE_BOUND('',#3278,.T.);
#3278 = EDGE_LOOP('',(#3279));
#3279 = ORIENTED_EDGE('',*,*,#3280,.T.);
#3280 = EDGE_CURVE('',#3281,#3281,#3283,.T.);
#3281 = VERTEX_POINT('',#3282);
#3282 = CARTESIAN_POINT('',(119.66875,-80.427,1.51));
#3283 = CIRCLE('',#3284,0.85);
#3284 = AXIS2_PLACEMENT_3D('',#3285,#3286,#3287);
#3285 = CARTESIAN_POINT('',(119.66875,-79.577,1.51));
#3286 = DIRECTION('',(-0.,0.,-1.));
#3287 = DIRECTION('',(1.671865260612E-14,-1.,-0.));
#3288 = FACE_BOUND('',#3289,.T.);
#3289 = EDGE_LOOP('',(#3290));
#3290 = ORIENTED_EDGE('',*,*,#3291,.T.);
#3291 = EDGE_CURVE('',#3292,#3292,#3294,.T.);
#3292 = VERTEX_POINT('',#3293);
#3293 = CARTESIAN_POINT('',(133.16875,-89.8845,1.51));
#3294 = CIRCLE('',#3295,1.5);
#3295 = AXIS2_PLACEMENT_3D('',#3296,#3297,#3298);
#3296 = CARTESIAN_POINT('',(133.16875,-88.3845,1.51));
#3297 = DIRECTION('',(-0.,0.,-1.));
#3298 = DIRECTION('',(-0.,-1.,0.));
#3299 = FACE_BOUND('',#3300,.T.);
#3300 = EDGE_LOOP('',(#3301));
#3301 = ORIENTED_EDGE('',*,*,#3302,.T.);
#3302 = EDGE_CURVE('',#3303,#3303,#3305,.T.);
#3303 = VERTEX_POINT('',#3304);
#3304 = CARTESIAN_POINT('',(133.16875,-84.1345,1.51));
#3305 = CIRCLE('',#3306,1.7);
#3306 = AXIS2_PLACEMENT_3D('',#3307,#3308,#3309);
#3307 = CARTESIAN_POINT('',(133.16875,-82.4345,1.51));
#3308 = DIRECTION('',(-0.,0.,-1.));
#3309 = DIRECTION('',(-0.,-1.,0.));
#3310 = FACE_BOUND('',#3311,.T.);
#3311 = EDGE_LOOP('',(#3312));
#3312 = ORIENTED_EDGE('',*,*,#3313,.T.);
#3313 = EDGE_CURVE('',#3314,#3314,#3316,.T.);
#3314 = VERTEX_POINT('',#3315);
#3315 = CARTESIAN_POINT('',(138.66875,-83.2845,1.51));
#3316 = CIRCLE('',#3317,0.85);
#3317 = AXIS2_PLACEMENT_3D('',#3318,#3319,#3320);
#3318 = CARTESIAN_POINT('',(138.66875,-82.4345,1.51));
#3319 = DIRECTION('',(-0.,0.,-1.));
#3320 = DIRECTION('',(-0.,-1.,0.));
#3321 = FACE_BOUND('',#3322,.T.);
#3322 = EDGE_LOOP('',(#3323));
#3323 = ORIENTED_EDGE('',*,*,#3324,.T.);
#3324 = EDGE_CURVE('',#3325,#3325,#3327,.T.);
#3325 = VERTEX_POINT('',#3326);
#3326 = CARTESIAN_POINT('',(114.16875,-67.977,1.51));
#3327 = CIRCLE('',#3328,1.5);
#3328 = AXIS2_PLACEMENT_3D('',#3329,#3330,#3331);
#3329 = CARTESIAN_POINT('',(114.16875,-66.477,1.51));
#3330 = DIRECTION('',(-0.,0.,-1.));
#3331 = DIRECTION('',(-0.,-1.,0.));
#3332 = FACE_BOUND('',#3333,.T.);
#3333 = EDGE_LOOP('',(#3334));
#3334 = ORIENTED_EDGE('',*,*,#3335,.F.);
#3335 = EDGE_CURVE('',#3336,#3336,#3338,.T.);
#3336 = VERTEX_POINT('',#3337);
#3337 = CARTESIAN_POINT('',(126.,-72.7,1.51));
#3338 = CIRCLE('',#3339,2.);
#3339 = AXIS2_PLACEMENT_3D('',#3340,#3341,#3342);
#3340 = CARTESIAN_POINT('',(124.,-72.7,1.51));
#3341 = DIRECTION('',(0.,0.,1.));
#3342 = DIRECTION('',(1.,0.,-0.));
#3343 = FACE_BOUND('',#3344,.T.);
#3344 = EDGE_LOOP('',(#3345));
#3345 = ORIENTED_EDGE('',*,*,#3346,.T.);
#3346 = EDGE_CURVE('',#3347,#3347,#3349,.T.);
#3347 = VERTEX_POINT('',#3348);
#3348 = CARTESIAN_POINT('',(128.16875,-68.6345,1.51));
#3349 = CIRCLE('',#3350,1.5);
#3350 = AXIS2_PLACEMENT_3D('',#3351,#3352,#3353);
#3351 = CARTESIAN_POINT('',(128.16875,-67.1345,1.51));
#3352 = DIRECTION('',(-0.,0.,-1.));
#3353 = DIRECTION('',(-0.,-1.,0.));
#3354 = FACE_BOUND('',#3355,.T.);
#3355 = EDGE_LOOP('',(#3356));
#3356 = ORIENTED_EDGE('',*,*,#3357,.T.);
#3357 = EDGE_CURVE('',#3358,#3358,#3360,.T.);
#3358 = VERTEX_POINT('',#3359);
#3359 = CARTESIAN_POINT('',(109.16875,-65.777,1.51));
#3360 = CIRCLE('',#3361,1.5);
#3361 = AXIS2_PLACEMENT_3D('',#3362,#3363,#3364);
#3362 = CARTESIAN_POINT('',(109.16875,-64.277,1.51));
#3363 = DIRECTION('',(-0.,0.,-1.));
#3364 = DIRECTION('',(-0.,-1.,0.));
#3365 = FACE_BOUND('',#3366,.T.);
#3366 = EDGE_LOOP('',(#3367));
#3367 = ORIENTED_EDGE('',*,*,#3368,.T.);
#3368 = EDGE_CURVE('',#3369,#3369,#3371,.T.);
#3369 = VERTEX_POINT('',#3370);
#3370 = CARTESIAN_POINT('',(108.66875,-61.377,1.51));
#3371 = CIRCLE('',#3372,0.85);
#3372 = AXIS2_PLACEMENT_3D('',#3373,#3374,#3375);
#3373 = CARTESIAN_POINT('',(108.66875,-60.527,1.51));
#3374 = DIRECTION('',(-0.,0.,-1.));
#3375 = DIRECTION('',(1.671865260612E-14,-1.,-0.));
#3376 = FACE_BOUND('',#3377,.T.);
#3377 = EDGE_LOOP('',(#3378));
#3378 = ORIENTED_EDGE('',*,*,#3379,.T.);
#3379 = EDGE_CURVE('',#3380,#3380,#3382,.T.);
#3380 = VERTEX_POINT('',#3381);
#3381 = CARTESIAN_POINT('',(114.16875,-62.227,1.51));
#3382 = CIRCLE('',#3383,1.7);
#3383 = AXIS2_PLACEMENT_3D('',#3384,#3385,#3386);
#3384 = CARTESIAN_POINT('',(114.16875,-60.527,1.51));
#3385 = DIRECTION('',(-0.,0.,-1.));
#3386 = DIRECTION('',(-0.,-1.,0.));
#3387 = FACE_BOUND('',#3388,.T.);
#3388 = EDGE_LOOP('',(#3389));
#3389 = ORIENTED_EDGE('',*,*,#3390,.T.);
#3390 = EDGE_CURVE('',#3391,#3391,#3393,.T.);
#3391 = VERTEX_POINT('',#3392);
#3392 = CARTESIAN_POINT('',(119.66875,-61.377,1.51));
#3393 = CIRCLE('',#3394,0.85);
#3394 = AXIS2_PLACEMENT_3D('',#3395,#3396,#3397);
#3395 = CARTESIAN_POINT('',(119.66875,-60.527,1.51));
#3396 = DIRECTION('',(-0.,0.,-1.));
#3397 = DIRECTION('',(1.671865260612E-14,-1.,-0.));
#3398 = FACE_BOUND('',#3399,.T.);
#3399 = EDGE_LOOP('',(#3400));
#3400 = ORIENTED_EDGE('',*,*,#3401,.T.);
#3401 = EDGE_CURVE('',#3402,#3402,#3404,.T.);
#3402 = VERTEX_POINT('',#3403);
#3403 = CARTESIAN_POINT('',(127.66875,-64.2345,1.51));
#3404 = CIRCLE('',#3405,0.85);
#3405 = AXIS2_PLACEMENT_3D('',#3406,#3407,#3408);
#3406 = CARTESIAN_POINT('',(127.66875,-63.3845,1.51));
#3407 = DIRECTION('',(-0.,0.,-1.));
#3408 = DIRECTION('',(-0.,-1.,0.));
#3409 = FACE_BOUND('',#3410,.T.);
#3410 = EDGE_LOOP('',(#3411));
#3411 = ORIENTED_EDGE('',*,*,#3412,.T.);
#3412 = EDGE_CURVE('',#3413,#3413,#3415,.T.);
#3413 = VERTEX_POINT('',#3414);
#3414 = CARTESIAN_POINT('',(133.16875,-70.8345,1.51));
#3415 = CIRCLE('',#3416,1.5);
#3416 = AXIS2_PLACEMENT_3D('',#3417,#3418,#3419);
#3417 = CARTESIAN_POINT('',(133.16875,-69.3345,1.51));
#3418 = DIRECTION('',(-0.,0.,-1.));
#3419 = DIRECTION('',(-0.,-1.,0.));
#3420 = FACE_BOUND('',#3421,.T.);
#3421 = EDGE_LOOP('',(#3422));
#3422 = ORIENTED_EDGE('',*,*,#3423,.T.);
#3423 = EDGE_CURVE('',#3424,#3424,#3426,.T.);
#3424 = VERTEX_POINT('',#3425);
#3425 = CARTESIAN_POINT('',(133.16875,-65.0845,1.51));
#3426 = CIRCLE('',#3427,1.7);
#3427 = AXIS2_PLACEMENT_3D('',#3428,#3429,#3430);
#3428 = CARTESIAN_POINT('',(133.16875,-63.3845,1.51));
#3429 = DIRECTION('',(-0.,0.,-1.));
#3430 = DIRECTION('',(-0.,-1.,0.));
#3431 = FACE_BOUND('',#3432,.T.);
#3432 = EDGE_LOOP('',(#3433));
#3433 = ORIENTED_EDGE('',*,*,#3434,.T.);
#3434 = EDGE_CURVE('',#3435,#3435,#3437,.T.);
#3435 = VERTEX_POINT('',#3436);
#3436 = CARTESIAN_POINT('',(138.66875,-64.2345,1.51));
#3437 = CIRCLE('',#3438,0.85);
#3438 = AXIS2_PLACEMENT_3D('',#3439,#3440,#3441);
#3439 = CARTESIAN_POINT('',(138.66875,-63.3845,1.51));
#3440 = DIRECTION('',(-0.,0.,-1.));
#3441 = DIRECTION('',(-0.,-1.,0.));
#3442 = PLANE('',#3443);
#3443 = AXIS2_PLACEMENT_3D('',#3444,#3445,#3446);
#3444 = CARTESIAN_POINT('',(0.,0.,1.51));
#3445 = DIRECTION('',(0.,0.,1.));
#3446 = DIRECTION('',(1.,0.,-0.));
#3447 = ADVANCED_FACE('',(#3448),#3459,.T.);
#3448 = FACE_BOUND('',#3449,.T.);
#3449 = EDGE_LOOP('',(#3450,#3456,#3457,#3458));
#3450 = ORIENTED_EDGE('',*,*,#3451,.T.);
#3451 = EDGE_CURVE('',#146,#1800,#3452,.T.);
#3452 = LINE('',#3453,#3454);
#3453 = CARTESIAN_POINT('',(84.523771,-46.992893,0.));
#3454 = VECTOR('',#3455,1.);
#3455 = DIRECTION('',(0.,0.,1.));
#3456 = ORIENTED_EDGE('',*,*,#1799,.T.);
#3457 = ORIENTED_EDGE('',*,*,#81,.F.);
#3458 = ORIENTED_EDGE('',*,*,#145,.F.);
#3459 = CYLINDRICAL_SURFACE('',#3460,0.999999252925);
#3460 = AXIS2_PLACEMENT_3D('',#3461,#3462,#3463);
#3461 = CARTESIAN_POINT('',(85.523770252925,-46.99289225292,0.));
#3462 = DIRECTION('',(0.,0.,-1.));
#3463 = DIRECTION('',(-1.,-7.470757278485E-07,-0.));
#3464 = ADVANCED_FACE('',(#3465),#3476,.F.);
#3465 = FACE_BOUND('',#3466,.T.);
#3466 = EDGE_LOOP('',(#3467,#3468,#3469,#3475));
#3467 = ORIENTED_EDGE('',*,*,#121,.T.);
#3468 = ORIENTED_EDGE('',*,*,#2080,.T.);
#3469 = ORIENTED_EDGE('',*,*,#3470,.F.);
#3470 = EDGE_CURVE('',#419,#2073,#3471,.T.);
#3471 = LINE('',#3472,#3473);
#3472 = CARTESIAN_POINT('',(106.023771,-50.792893,0.));
#3473 = VECTOR('',#3474,1.);
#3474 = DIRECTION('',(0.,0.,1.));
#3475 = ORIENTED_EDGE('',*,*,#426,.F.);
#3476 = CYLINDRICAL_SURFACE('',#3477,0.999999252925);
#3477 = AXIS2_PLACEMENT_3D('',#3478,#3479,#3480);
#3478 = CARTESIAN_POINT('',(106.02377025292,-49.79289374707,0.));
#3479 = DIRECTION('',(-0.,-0.,-1.));
#3480 = DIRECTION('',(-1.,7.470757278485E-07,0.));
#3481 = ADVANCED_FACE('',(#3482),#3493,.T.);
#3482 = FACE_BOUND('',#3483,.T.);
#3483 = EDGE_LOOP('',(#3484,#3490,#3491,#3492));
#3484 = ORIENTED_EDGE('',*,*,#3485,.T.);
#3485 = EDGE_CURVE('',#155,#1809,#3486,.T.);
#3486 = LINE('',#3487,#3488);
#3487 = CARTESIAN_POINT('',(84.523771,-49.792893,0.));
#3488 = VECTOR('',#3489,1.);
#3489 = DIRECTION('',(0.,0.,1.));
#3490 = ORIENTED_EDGE('',*,*,#1808,.T.);
#3491 = ORIENTED_EDGE('',*,*,#3451,.F.);
#3492 = ORIENTED_EDGE('',*,*,#154,.F.);
#3493 = PLANE('',#3494);
#3494 = AXIS2_PLACEMENT_3D('',#3495,#3496,#3497);
#3495 = CARTESIAN_POINT('',(84.523771,-49.792893,0.));
#3496 = DIRECTION('',(-1.,0.,0.));
#3497 = DIRECTION('',(0.,1.,0.));
#3498 = ADVANCED_FACE('',(#3499),#3510,.T.);
#3499 = FACE_BOUND('',#3500,.T.);
#3500 = EDGE_LOOP('',(#3501,#3502,#3503,#3509));
#3501 = ORIENTED_EDGE('',*,*,#3470,.T.);
#3502 = ORIENTED_EDGE('',*,*,#2072,.T.);
#3503 = ORIENTED_EDGE('',*,*,#3504,.F.);
#3504 = EDGE_CURVE('',#410,#2064,#3505,.T.);
#3505 = LINE('',#3506,#3507);
#3506 = CARTESIAN_POINT('',(123.123771,-50.792893,0.));
#3507 = VECTOR('',#3508,1.);
#3508 = DIRECTION('',(0.,0.,1.));
#3509 = ORIENTED_EDGE('',*,*,#418,.F.);
#3510 = PLANE('',#3511);
#3511 = AXIS2_PLACEMENT_3D('',#3512,#3513,#3514);
#3512 = CARTESIAN_POINT('',(106.023771,-50.792893,0.));
#3513 = DIRECTION('',(0.,1.,0.));
#3514 = DIRECTION('',(1.,0.,0.));
#3515 = ADVANCED_FACE('',(#3516),#3527,.F.);
#3516 = FACE_BOUND('',#3517,.T.);
#3517 = EDGE_LOOP('',(#3518,#3524,#3525,#3526));
#3518 = ORIENTED_EDGE('',*,*,#3519,.T.);
#3519 = EDGE_CURVE('',#163,#1817,#3520,.T.);
#3520 = LINE('',#3521,#3522);
#3521 = CARTESIAN_POINT('',(83.523771,-50.792893,0.));
#3522 = VECTOR('',#3523,1.);
#3523 = DIRECTION('',(0.,0.,1.));
#3524 = ORIENTED_EDGE('',*,*,#1816,.T.);
#3525 = ORIENTED_EDGE('',*,*,#3485,.F.);
#3526 = ORIENTED_EDGE('',*,*,#162,.F.);
#3527 = CYLINDRICAL_SURFACE('',#3528,0.999999252925);
#3528 = AXIS2_PLACEMENT_3D('',#3529,#3530,#3531);
#3529 = CARTESIAN_POINT('',(83.523771747075,-49.79289374707,0.));
#3530 = DIRECTION('',(-0.,-0.,-1.));
#3531 = DIRECTION('',(-7.470757491648E-07,-1.,0.));
#3532 = ADVANCED_FACE('',(#3533),#3544,.T.);
#3533 = FACE_BOUND('',#3534,.T.);
#3534 = EDGE_LOOP('',(#3535,#3536,#3537,#3543));
#3535 = ORIENTED_EDGE('',*,*,#3504,.T.);
#3536 = ORIENTED_EDGE('',*,*,#2063,.T.);
#3537 = ORIENTED_EDGE('',*,*,#3538,.F.);
#3538 = EDGE_CURVE('',#402,#2056,#3539,.T.);
#3539 = LINE('',#3540,#3541);
#3540 = CARTESIAN_POINT('',(124.123771,-51.792893,0.));
#3541 = VECTOR('',#3542,1.);
#3542 = DIRECTION('',(0.,0.,1.));
#3543 = ORIENTED_EDGE('',*,*,#409,.F.);
#3544 = CYLINDRICAL_SURFACE('',#3545,0.999999252925);
#3545 = AXIS2_PLACEMENT_3D('',#3546,#3547,#3548);
#3546 = CARTESIAN_POINT('',(123.12377174707,-51.79289225292,0.));
#3547 = DIRECTION('',(0.,0.,-1.));
#3548 = DIRECTION('',(-7.470757349539E-07,1.,0.));
#3549 = ADVANCED_FACE('',(#3550),#3561,.T.);
#3550 = FACE_BOUND('',#3551,.T.);
#3551 = EDGE_LOOP('',(#3552,#3558,#3559,#3560));
#3552 = ORIENTED_EDGE('',*,*,#3553,.T.);
#3553 = EDGE_CURVE('',#172,#1826,#3554,.T.);
#3554 = LINE('',#3555,#3556);
#3555 = CARTESIAN_POINT('',(63.823221,-50.792893,0.));
#3556 = VECTOR('',#3557,1.);
#3557 = DIRECTION('',(0.,0.,1.));
#3558 = ORIENTED_EDGE('',*,*,#1825,.T.);
#3559 = ORIENTED_EDGE('',*,*,#3519,.F.);
#3560 = ORIENTED_EDGE('',*,*,#171,.F.);
#3561 = PLANE('',#3562);
#3562 = AXIS2_PLACEMENT_3D('',#3563,#3564,#3565);
#3563 = CARTESIAN_POINT('',(63.823221,-50.792893,0.));
#3564 = DIRECTION('',(0.,1.,0.));
#3565 = DIRECTION('',(1.,0.,0.));
#3566 = ADVANCED_FACE('',(#3567),#3578,.T.);
#3567 = FACE_BOUND('',#3568,.T.);
#3568 = EDGE_LOOP('',(#3569,#3570,#3571,#3577));
#3569 = ORIENTED_EDGE('',*,*,#3538,.T.);
#3570 = ORIENTED_EDGE('',*,*,#2055,.T.);
#3571 = ORIENTED_EDGE('',*,*,#3572,.F.);
#3572 = EDGE_CURVE('',#393,#2047,#3573,.T.);
#3573 = LINE('',#3574,#3575);
#3574 = CARTESIAN_POINT('',(124.123771,-52.592893,0.));
#3575 = VECTOR('',#3576,1.);
#3576 = DIRECTION('',(0.,0.,1.));
#3577 = ORIENTED_EDGE('',*,*,#401,.F.);
#3578 = PLANE('',#3579);
#3579 = AXIS2_PLACEMENT_3D('',#3580,#3581,#3582);
#3580 = CARTESIAN_POINT('',(124.123771,-51.792893,0.));
#3581 = DIRECTION('',(1.,0.,-0.));
#3582 = DIRECTION('',(0.,-1.,0.));
#3583 = ADVANCED_FACE('',(#3584),#3595,.T.);
#3584 = FACE_BOUND('',#3585,.T.);
#3585 = EDGE_LOOP('',(#3586,#3592,#3593,#3594));
#3586 = ORIENTED_EDGE('',*,*,#3587,.T.);
#3587 = EDGE_CURVE('',#180,#1834,#3588,.T.);
#3588 = LINE('',#3589,#3590);
#3589 = CARTESIAN_POINT('',(63.273605,-50.957476,0.));
#3590 = VECTOR('',#3591,1.);
#3591 = DIRECTION('',(0.,0.,1.));
#3592 = ORIENTED_EDGE('',*,*,#1833,.T.);
#3593 = ORIENTED_EDGE('',*,*,#3553,.F.);
#3594 = ORIENTED_EDGE('',*,*,#179,.F.);
#3595 = CYLINDRICAL_SURFACE('',#3596,0.999996301817);
#3596 = AXIS2_PLACEMENT_3D('',#3597,#3598,#3599);
#3597 = CARTESIAN_POINT('',(63.823220519063,-51.79288930181,0.));
#3598 = DIRECTION('',(0.,0.,-1.));
#3599 = DIRECTION('',(-0.549617551649,0.83541639134,0.));
#3600 = ADVANCED_FACE('',(#3601),#3612,.F.);
#3601 = FACE_BOUND('',#3602,.T.);
#3602 = EDGE_LOOP('',(#3603,#3604,#3605,#3611));
#3603 = ORIENTED_EDGE('',*,*,#3572,.T.);
#3604 = ORIENTED_EDGE('',*,*,#2046,.T.);
#3605 = ORIENTED_EDGE('',*,*,#3606,.F.);
#3606 = EDGE_CURVE('',#385,#2039,#3607,.T.);
#3607 = LINE('',#3608,#3609);
#3608 = CARTESIAN_POINT('',(125.123771,-53.592893,0.));
#3609 = VECTOR('',#3610,1.);
#3610 = DIRECTION('',(0.,0.,1.));
#3611 = ORIENTED_EDGE('',*,*,#392,.F.);
#3612 = CYLINDRICAL_SURFACE('',#3613,0.999999252925);
#3613 = AXIS2_PLACEMENT_3D('',#3614,#3615,#3616);
#3614 = CARTESIAN_POINT('',(125.12377025292,-52.59289374707,0.));
#3615 = DIRECTION('',(-0.,-0.,-1.));
#3616 = DIRECTION('',(-1.,7.470757491648E-07,0.));
#3617 = ADVANCED_FACE('',(#3618),#3629,.T.);
#3618 = FACE_BOUND('',#3619,.T.);
#3619 = EDGE_LOOP('',(#3620,#3626,#3627,#3628));
#3620 = ORIENTED_EDGE('',*,*,#3621,.T.);
#3621 = EDGE_CURVE('',#189,#1843,#3622,.T.);
#3622 = LINE('',#3623,#3624);
#3623 = CARTESIAN_POINT('',(47.,-61.,0.));
#3624 = VECTOR('',#3625,1.);
#3625 = DIRECTION('',(0.,0.,1.));
#3626 = ORIENTED_EDGE('',*,*,#1842,.T.);
#3627 = ORIENTED_EDGE('',*,*,#3587,.F.);
#3628 = ORIENTED_EDGE('',*,*,#188,.F.);
#3629 = PLANE('',#3630);
#3630 = AXIS2_PLACEMENT_3D('',#3631,#3632,#3633);
#3631 = CARTESIAN_POINT('',(47.,-61.,0.));
#3632 = DIRECTION('',(-0.52515896638,0.851004148069,0.));
#3633 = DIRECTION('',(0.851004148069,0.52515896638,0.));
#3634 = ADVANCED_FACE('',(#3635),#3646,.T.);
#3635 = FACE_BOUND('',#3636,.T.);
#3636 = EDGE_LOOP('',(#3637,#3638,#3639,#3645));
#3637 = ORIENTED_EDGE('',*,*,#3606,.T.);
#3638 = ORIENTED_EDGE('',*,*,#2038,.T.);
#3639 = ORIENTED_EDGE('',*,*,#3640,.F.);
#3640 = EDGE_CURVE('',#376,#2030,#3641,.T.);
#3641 = LINE('',#3642,#3643);
#3642 = CARTESIAN_POINT('',(143.364076,-53.592893,0.));
#3643 = VECTOR('',#3644,1.);
#3644 = DIRECTION('',(0.,0.,1.));
#3645 = ORIENTED_EDGE('',*,*,#384,.F.);
#3646 = PLANE('',#3647);
#3647 = AXIS2_PLACEMENT_3D('',#3648,#3649,#3650);
#3648 = CARTESIAN_POINT('',(125.123771,-53.592893,0.));
#3649 = DIRECTION('',(0.,1.,0.));
#3650 = DIRECTION('',(1.,0.,0.));
#3651 = ADVANCED_FACE('',(#3652),#3663,.T.);
#3652 = FACE_BOUND('',#3653,.T.);
#3653 = EDGE_LOOP('',(#3654,#3660,#3661,#3662));
#3654 = ORIENTED_EDGE('',*,*,#3655,.T.);
#3655 = EDGE_CURVE('',#197,#1851,#3656,.T.);
#3656 = LINE('',#3657,#3658);
#3657 = CARTESIAN_POINT('',(46.549616,-61.835417,0.));
#3658 = VECTOR('',#3659,1.);
#3659 = DIRECTION('',(0.,0.,1.));
#3660 = ORIENTED_EDGE('',*,*,#1850,.T.);
#3661 = ORIENTED_EDGE('',*,*,#3621,.F.);
#3662 = ORIENTED_EDGE('',*,*,#196,.F.);
#3663 = CYLINDRICAL_SURFACE('',#3664,1.000030012982);
#3664 = AXIS2_PLACEMENT_3D('',#3665,#3666,#3667);
#3665 = CARTESIAN_POINT('',(47.549646012844,-61.83543359247,0.));
#3666 = DIRECTION('',(0.,0.,-1.));
#3667 = DIRECTION('',(-0.999999999862,1.659197305278E-05,0.));
#3668 = ADVANCED_FACE('',(#3669),#3680,.T.);
#3669 = FACE_BOUND('',#3670,.T.);
#3670 = EDGE_LOOP('',(#3671,#3672,#3673,#3679));
#3671 = ORIENTED_EDGE('',*,*,#3640,.T.);
#3672 = ORIENTED_EDGE('',*,*,#2029,.T.);
#3673 = ORIENTED_EDGE('',*,*,#3674,.F.);
#3674 = EDGE_CURVE('',#368,#2022,#3675,.T.);
#3675 = LINE('',#3676,#3677);
#3676 = CARTESIAN_POINT('',(144.071653,-53.886256,0.));
#3677 = VECTOR('',#3678,1.);
#3678 = DIRECTION('',(0.,0.,1.));
#3679 = ORIENTED_EDGE('',*,*,#375,.F.);
#3680 = CYLINDRICAL_SURFACE('',#3681,1.000008944217);
#3681 = AXIS2_PLACEMENT_3D('',#3682,#3683,#3684);
#3682 = CARTESIAN_POINT('',(143.36407304123,-54.59290194421,0.));
#3683 = DIRECTION('',(0.,0.,-1.));
#3684 = DIRECTION('',(2.958735788517E-06,0.999999999996,0.));
#3685 = ADVANCED_FACE('',(#3686),#3697,.T.);
#3686 = FACE_BOUND('',#3687,.T.);
#3687 = EDGE_LOOP('',(#3688,#3694,#3695,#3696));
#3688 = ORIENTED_EDGE('',*,*,#3689,.T.);
#3689 = EDGE_CURVE('',#206,#1860,#3690,.T.);
#3690 = LINE('',#3691,#3692);
#3691 = CARTESIAN_POINT('',(46.523771,-120.992893,0.));
#3692 = VECTOR('',#3693,1.);
#3693 = DIRECTION('',(0.,0.,1.));
#3694 = ORIENTED_EDGE('',*,*,#1859,.T.);
#3695 = ORIENTED_EDGE('',*,*,#3655,.F.);
#3696 = ORIENTED_EDGE('',*,*,#205,.F.);
#3697 = PLANE('',#3698);
#3698 = AXIS2_PLACEMENT_3D('',#3699,#3700,#3701);
#3699 = CARTESIAN_POINT('',(46.523771,-120.992893,0.));
#3700 = DIRECTION('',(-0.999999904566,4.368847233019E-04,0.));
#3701 = DIRECTION('',(4.368847233019E-04,0.999999904566,0.));
#3702 = ADVANCED_FACE('',(#3703),#3714,.T.);
#3703 = FACE_BOUND('',#3704,.T.);
#3704 = EDGE_LOOP('',(#3705,#3706,#3707,#3713));
#3705 = ORIENTED_EDGE('',*,*,#3674,.T.);
#3706 = ORIENTED_EDGE('',*,*,#2021,.T.);
#3707 = ORIENTED_EDGE('',*,*,#3708,.F.);
#3708 = EDGE_CURVE('',#359,#2013,#3709,.T.);
#3709 = LINE('',#3710,#3711);
#3710 = CARTESIAN_POINT('',(148.900687,-58.721716,0.));
#3711 = VECTOR('',#3712,1.);
#3712 = DIRECTION('',(0.,0.,1.));
#3713 = ORIENTED_EDGE('',*,*,#367,.F.);
#3714 = PLANE('',#3715);
#3715 = AXIS2_PLACEMENT_3D('',#3716,#3717,#3718);
#3716 = CARTESIAN_POINT('',(144.071653,-53.886256,0.));
#3717 = DIRECTION('',(0.707576785777,0.706636463982,-0.));
#3718 = DIRECTION('',(0.706636463982,-0.707576785777,0.));
#3719 = ADVANCED_FACE('',(#3720),#3731,.T.);
#3720 = FACE_BOUND('',#3721,.T.);
#3721 = EDGE_LOOP('',(#3722,#3728,#3729,#3730));
#3722 = ORIENTED_EDGE('',*,*,#3723,.T.);
#3723 = EDGE_CURVE('',#214,#1868,#3724,.T.);
#3724 = LINE('',#3725,#3726);
#3725 = CARTESIAN_POINT('',(47.523771,-121.992893,0.));
#3726 = VECTOR('',#3727,1.);
#3727 = DIRECTION('',(0.,0.,1.));
#3728 = ORIENTED_EDGE('',*,*,#1867,.T.);
#3729 = ORIENTED_EDGE('',*,*,#3689,.F.);
#3730 = ORIENTED_EDGE('',*,*,#213,.F.);
#3731 = CYLINDRICAL_SURFACE('',#3732,0.999999252925);
#3732 = AXIS2_PLACEMENT_3D('',#3733,#3734,#3735);
#3733 = CARTESIAN_POINT('',(47.523770252925,-120.992893747,0.));
#3734 = DIRECTION('',(0.,0.,-1.));
#3735 = DIRECTION('',(7.470757491648E-07,-1.,0.));
#3736 = ADVANCED_FACE('',(#3737),#3748,.T.);
#3737 = FACE_BOUND('',#3738,.T.);
#3738 = EDGE_LOOP('',(#3739,#3740,#3741,#3747));
#3739 = ORIENTED_EDGE('',*,*,#3708,.T.);
#3740 = ORIENTED_EDGE('',*,*,#2012,.T.);
#3741 = ORIENTED_EDGE('',*,*,#3742,.F.);
#3742 = EDGE_CURVE('',#351,#2005,#3743,.T.);
#3743 = LINE('',#3744,#3745);
#3744 = CARTESIAN_POINT('',(149.193111,-59.427825,0.));
#3745 = VECTOR('',#3746,1.);
#3746 = DIRECTION('',(0.,0.,1.));
#3747 = ORIENTED_EDGE('',*,*,#358,.F.);
#3748 = CYLINDRICAL_SURFACE('',#3749,0.99984860078);
#3749 = AXIS2_PLACEMENT_3D('',#3750,#3751,#3752);
#3750 = CARTESIAN_POINT('',(148.19326250767,-59.42829070386,0.));
#3751 = DIRECTION('',(0.,0.,-1.));
#3752 = DIRECTION('',(0.707531612058,0.706681694923,0.));
#3753 = ADVANCED_FACE('',(#3754),#3765,.T.);
#3754 = FACE_BOUND('',#3755,.T.);
#3755 = EDGE_LOOP('',(#3756,#3762,#3763,#3764));
#3756 = ORIENTED_EDGE('',*,*,#3757,.T.);
#3757 = EDGE_CURVE('',#223,#1877,#3758,.T.);
#3758 = LINE('',#3759,#3760);
#3759 = CARTESIAN_POINT('',(66.723771,-121.992893,0.));
#3760 = VECTOR('',#3761,1.);
#3761 = DIRECTION('',(0.,0.,1.));
#3762 = ORIENTED_EDGE('',*,*,#1876,.T.);
#3763 = ORIENTED_EDGE('',*,*,#3723,.F.);
#3764 = ORIENTED_EDGE('',*,*,#222,.F.);
#3765 = PLANE('',#3766);
#3766 = AXIS2_PLACEMENT_3D('',#3767,#3768,#3769);
#3767 = CARTESIAN_POINT('',(66.723771,-121.992893,0.));
#3768 = DIRECTION('',(0.,-1.,0.));
#3769 = DIRECTION('',(-1.,0.,0.));
#3770 = ADVANCED_FACE('',(#3771),#3782,.T.);
#3771 = FACE_BOUND('',#3772,.T.);
#3772 = EDGE_LOOP('',(#3773,#3774,#3775,#3781));
#3773 = ORIENTED_EDGE('',*,*,#3742,.T.);
#3774 = ORIENTED_EDGE('',*,*,#2004,.T.);
#3775 = ORIENTED_EDGE('',*,*,#3776,.F.);
#3776 = EDGE_CURVE('',#342,#1996,#3777,.T.);
#3777 = LINE('',#3778,#3779);
#3778 = CARTESIAN_POINT('',(149.223771,-117.648629,0.));
#3779 = VECTOR('',#3780,1.);
#3780 = DIRECTION('',(0.,0.,1.));
#3781 = ORIENTED_EDGE('',*,*,#350,.F.);
#3782 = PLANE('',#3783);
#3783 = AXIS2_PLACEMENT_3D('',#3784,#3785,#3786);
#3784 = CARTESIAN_POINT('',(149.193111,-59.427825,0.));
#3785 = DIRECTION('',(0.999999861338,5.266158081333E-04,-0.));
#3786 = DIRECTION('',(5.266158081333E-04,-0.999999861338,0.));
#3787 = ADVANCED_FACE('',(#3788),#3799,.T.);
#3788 = FACE_BOUND('',#3789,.T.);
#3789 = EDGE_LOOP('',(#3790,#3796,#3797,#3798));
#3790 = ORIENTED_EDGE('',*,*,#3791,.T.);
#3791 = EDGE_CURVE('',#231,#1885,#3792,.T.);
#3792 = LINE('',#3793,#3794);
#3793 = CARTESIAN_POINT('',(67.023771,-121.692893,0.));
#3794 = VECTOR('',#3795,1.);
#3795 = DIRECTION('',(0.,0.,1.));
#3796 = ORIENTED_EDGE('',*,*,#1884,.T.);
#3797 = ORIENTED_EDGE('',*,*,#3757,.F.);
#3798 = ORIENTED_EDGE('',*,*,#230,.F.);
#3799 = CYLINDRICAL_SURFACE('',#3800,0.300000117299);
#3800 = AXIS2_PLACEMENT_3D('',#3801,#3802,#3803);
#3801 = CARTESIAN_POINT('',(66.723770882701,-121.6928928827,0.));
#3802 = DIRECTION('',(0.,0.,-1.));
#3803 = DIRECTION('',(1.,-3.909954089759E-07,0.));
#3804 = ADVANCED_FACE('',(#3805),#3816,.F.);
#3805 = FACE_BOUND('',#3806,.T.);
#3806 = EDGE_LOOP('',(#3807,#3808,#3809,#3815));
#3807 = ORIENTED_EDGE('',*,*,#3776,.T.);
#3808 = ORIENTED_EDGE('',*,*,#1995,.T.);
#3809 = ORIENTED_EDGE('',*,*,#3810,.F.);
#3810 = EDGE_CURVE('',#334,#1988,#3811,.T.);
#3811 = LINE('',#3812,#3813);
#3812 = CARTESIAN_POINT('',(149.810419,-118.559201,0.));
#3813 = VECTOR('',#3814,1.);
#3814 = DIRECTION('',(0.,0.,1.));
#3815 = ORIENTED_EDGE('',*,*,#341,.F.);
#3816 = CYLINDRICAL_SURFACE('',#3817,1.000109647494);
#3817 = AXIS2_PLACEMENT_3D('',#3818,#3819,#3820);
#3818 = CARTESIAN_POINT('',(150.22388064504,-117.6485590423,0.));
#3819 = DIRECTION('',(-0.,-0.,-1.));
#3820 = DIRECTION('',(-0.999999997553,-6.99500092873E-05,0.));
#3821 = ADVANCED_FACE('',(#3822),#3833,.F.);
#3822 = FACE_BOUND('',#3823,.T.);
#3823 = EDGE_LOOP('',(#3824,#3830,#3831,#3832));
#3824 = ORIENTED_EDGE('',*,*,#3825,.T.);
#3825 = EDGE_CURVE('',#240,#1894,#3826,.T.);
#3826 = LINE('',#3827,#3828);
#3827 = CARTESIAN_POINT('',(68.023771,-120.692893,0.));
#3828 = VECTOR('',#3829,1.);
#3829 = DIRECTION('',(0.,0.,1.));
#3830 = ORIENTED_EDGE('',*,*,#1893,.T.);
#3831 = ORIENTED_EDGE('',*,*,#3791,.F.);
#3832 = ORIENTED_EDGE('',*,*,#239,.F.);
#3833 = CYLINDRICAL_SURFACE('',#3834,0.999999252925);
#3834 = AXIS2_PLACEMENT_3D('',#3835,#3836,#3837);
#3835 = CARTESIAN_POINT('',(68.023770252925,-121.6928922529,0.));
#3836 = DIRECTION('',(-0.,-0.,-1.));
#3837 = DIRECTION('',(7.470757065322E-07,1.,-0.));
#3838 = ADVANCED_FACE('',(#3839),#3850,.T.);
#3839 = FACE_BOUND('',#3840,.T.);
#3840 = EDGE_LOOP('',(#3841,#3842,#3843,#3849));
#3841 = ORIENTED_EDGE('',*,*,#3810,.T.);
#3842 = ORIENTED_EDGE('',*,*,#1987,.T.);
#3843 = ORIENTED_EDGE('',*,*,#3844,.F.);
#3844 = EDGE_CURVE('',#325,#1979,#3845,.T.);
#3845 = LINE('',#3846,#3847);
#3846 = CARTESIAN_POINT('',(163.506243,-124.776384,0.));
#3847 = VECTOR('',#3848,1.);
#3848 = DIRECTION('',(0.,0.,1.));
#3849 = ORIENTED_EDGE('',*,*,#333,.F.);
#3850 = PLANE('',#3851);
#3851 = AXIS2_PLACEMENT_3D('',#3852,#3853,#3854);
#3852 = CARTESIAN_POINT('',(149.810419,-118.559201,0.));
#3853 = DIRECTION('',(0.413351532202,0.910571529769,-0.));
#3854 = DIRECTION('',(0.910571529769,-0.413351532202,0.));
#3855 = ADVANCED_FACE('',(#3856),#3867,.T.);
#3856 = FACE_BOUND('',#3857,.T.);
#3857 = EDGE_LOOP('',(#3858,#3864,#3865,#3866));
#3858 = ORIENTED_EDGE('',*,*,#3859,.T.);
#3859 = EDGE_CURVE('',#249,#1903,#3860,.T.);
#3860 = LINE('',#3861,#3862);
#3861 = CARTESIAN_POINT('',(110.957581,-120.692893,0.));
#3862 = VECTOR('',#3863,1.);
#3863 = DIRECTION('',(0.,0.,1.));
#3864 = ORIENTED_EDGE('',*,*,#1902,.T.);
#3865 = ORIENTED_EDGE('',*,*,#3825,.F.);
#3866 = ORIENTED_EDGE('',*,*,#248,.F.);
#3867 = PLANE('',#3868);
#3868 = AXIS2_PLACEMENT_3D('',#3869,#3870,#3871);
#3869 = CARTESIAN_POINT('',(110.957581,-120.692893,0.));
#3870 = DIRECTION('',(0.,-1.,0.));
#3871 = DIRECTION('',(-1.,0.,0.));
#3872 = ADVANCED_FACE('',(#3873),#3884,.T.);
#3873 = FACE_BOUND('',#3874,.T.);
#3874 = EDGE_LOOP('',(#3875,#3876,#3877,#3883));
#3875 = ORIENTED_EDGE('',*,*,#3844,.T.);
#3876 = ORIENTED_EDGE('',*,*,#1978,.T.);
#3877 = ORIENTED_EDGE('',*,*,#3878,.F.);
#3878 = EDGE_CURVE('',#317,#1971,#3879,.T.);
#3879 = LINE('',#3880,#3881);
#3880 = CARTESIAN_POINT('',(164.000291,-126.107224,0.));
#3881 = VECTOR('',#3882,1.);
#3882 = DIRECTION('',(0.,0.,1.));
#3883 = ORIENTED_EDGE('',*,*,#324,.F.);
#3884 = CYLINDRICAL_SURFACE('',#3885,0.99999793676);
#3885 = AXIS2_PLACEMENT_3D('',#3886,#3887,#3888);
#3886 = CARTESIAN_POINT('',(163.09289398521,-125.6869544066,0.));
#3887 = DIRECTION('',(0.,0.,-1.));
#3888 = DIRECTION('',(0.413349867627,0.910572285397,0.));
#3889 = ADVANCED_FACE('',(#3890),#3901,.F.);
#3890 = FACE_BOUND('',#3891,.T.);
#3891 = EDGE_LOOP('',(#3892,#3898,#3899,#3900));
#3892 = ORIENTED_EDGE('',*,*,#3893,.T.);
#3893 = EDGE_CURVE('',#257,#1911,#3894,.T.);
#3894 = LINE('',#3895,#3896);
#3895 = CARTESIAN_POINT('',(111.815074,-121.178397,0.));
#3896 = VECTOR('',#3897,1.);
#3897 = DIRECTION('',(0.,0.,1.));
#3898 = ORIENTED_EDGE('',*,*,#1910,.T.);
#3899 = ORIENTED_EDGE('',*,*,#3859,.F.);
#3900 = ORIENTED_EDGE('',*,*,#256,.F.);
#3901 = CYLINDRICAL_SURFACE('',#3902,0.999999574965);
#3902 = AXIS2_PLACEMENT_3D('',#3903,#3904,#3905);
#3903 = CARTESIAN_POINT('',(110.95758146168,-121.6928925749,0.));
#3904 = DIRECTION('',(-0.,-0.,-1.));
#3905 = DIRECTION('',(0.857492902783,0.514495793644,-0.));
#3906 = ADVANCED_FACE('',(#3907),#3918,.T.);
#3907 = FACE_BOUND('',#3908,.T.);
#3908 = EDGE_LOOP('',(#3909,#3910,#3911,#3917));
#3909 = ORIENTED_EDGE('',*,*,#3878,.T.);
#3910 = ORIENTED_EDGE('',*,*,#1970,.T.);
#3911 = ORIENTED_EDGE('',*,*,#3912,.F.);
#3912 = EDGE_CURVE('',#308,#1962,#3913,.T.);
#3913 = LINE('',#3914,#3915);
#3914 = CARTESIAN_POINT('',(156.053074,-143.265988,0.));
#3915 = VECTOR('',#3916,1.);
#3916 = DIRECTION('',(0.,0.,1.));
#3917 = ORIENTED_EDGE('',*,*,#316,.F.);
#3918 = PLANE('',#3919);
#3919 = AXIS2_PLACEMENT_3D('',#3920,#3921,#3922);
#3920 = CARTESIAN_POINT('',(164.000291,-126.107224,0.));
#3921 = DIRECTION('',(0.907399460078,-0.420269223058,0.));
#3922 = DIRECTION('',(-0.420269223058,-0.907399460078,0.));
#3923 = ADVANCED_FACE('',(#3924),#3935,.T.);
#3924 = FACE_BOUND('',#3925,.T.);
#3925 = EDGE_LOOP('',(#3926,#3932,#3933,#3934));
#3926 = ORIENTED_EDGE('',*,*,#3927,.T.);
#3927 = EDGE_CURVE('',#266,#1920,#3928,.T.);
#3928 = LINE('',#3929,#3930);
#3929 = CARTESIAN_POINT('',(117.890179,-131.303573,0.));
#3930 = VECTOR('',#3931,1.);
#3931 = DIRECTION('',(0.,0.,1.));
#3932 = ORIENTED_EDGE('',*,*,#1919,.T.);
#3933 = ORIENTED_EDGE('',*,*,#3893,.F.);
#3934 = ORIENTED_EDGE('',*,*,#265,.F.);
#3935 = PLANE('',#3936);
#3936 = AXIS2_PLACEMENT_3D('',#3937,#3938,#3939);
#3937 = CARTESIAN_POINT('',(117.890179,-131.303573,0.));
#3938 = DIRECTION('',(-0.85749294813,-0.514495718065,0.));
#3939 = DIRECTION('',(-0.514495718065,0.85749294813,0.));
#3940 = ADVANCED_FACE('',(#3941),#3952,.T.);
#3941 = FACE_BOUND('',#3942,.T.);
#3942 = EDGE_LOOP('',(#3943,#3944,#3945,#3951));
#3943 = ORIENTED_EDGE('',*,*,#3912,.T.);
#3944 = ORIENTED_EDGE('',*,*,#1961,.T.);
#3945 = ORIENTED_EDGE('',*,*,#3946,.F.);
#3946 = EDGE_CURVE('',#300,#1954,#3947,.T.);
#3947 = LINE('',#3948,#3949);
#3948 = CARTESIAN_POINT('',(154.706205,-143.743976,0.));
#3949 = VECTOR('',#3950,1.);
#3950 = DIRECTION('',(0.,0.,1.));
#3951 = ORIENTED_EDGE('',*,*,#307,.F.);
#3952 = CYLINDRICAL_SURFACE('',#3953,1.000010808796);
#3953 = AXIS2_PLACEMENT_3D('',#3954,#3955,#3956);
#3954 = CARTESIAN_POINT('',(155.14566947418,-142.8457039957,0.));
#3955 = DIRECTION('',(-0.,0.,-1.));
#3956 = DIRECTION('',(0.907394717972,-0.420279461546,-0.));
#3957 = ADVANCED_FACE('',(#3958),#3969,.T.);
#3958 = FACE_BOUND('',#3959,.T.);
#3959 = EDGE_LOOP('',(#3960,#3966,#3967,#3968));
#3960 = ORIENTED_EDGE('',*,*,#3961,.T.);
#3961 = EDGE_CURVE('',#274,#1928,#3962,.T.);
#3962 = LINE('',#3963,#3964);
#3963 = CARTESIAN_POINT('',(118.57062,-131.773279,0.));
#3964 = VECTOR('',#3965,1.);
#3965 = DIRECTION('',(0.,0.,1.));
#3966 = ORIENTED_EDGE('',*,*,#1927,.T.);
#3967 = ORIENTED_EDGE('',*,*,#3927,.F.);
#3968 = ORIENTED_EDGE('',*,*,#273,.F.);
#3969 = CYLINDRICAL_SURFACE('',#3970,1.000007456937);
#3970 = AXIS2_PLACEMENT_3D('',#3971,#3972,#3973);
#3971 = CARTESIAN_POINT('',(118.74767674204,-130.7890707781,0.));
#3972 = DIRECTION('',(0.,0.,-1.));
#3973 = DIRECTION('',(-0.177055421749,-0.984200882762,-0.));
#3974 = ADVANCED_FACE('',(#3975),#3986,.T.);
#3975 = FACE_BOUND('',#3976,.T.);
#3976 = EDGE_LOOP('',(#3977,#3978,#3979,#3985));
#3977 = ORIENTED_EDGE('',*,*,#3946,.T.);
#3978 = ORIENTED_EDGE('',*,*,#1953,.T.);
#3979 = ORIENTED_EDGE('',*,*,#3980,.F.);
#3980 = EDGE_CURVE('',#291,#1945,#3981,.T.);
#3981 = LINE('',#3982,#3983);
#3982 = CARTESIAN_POINT('',(137.14899,-135.154156,0.));
#3983 = VECTOR('',#3984,1.);
#3984 = DIRECTION('',(0.,0.,1.));
#3985 = ORIENTED_EDGE('',*,*,#299,.F.);
#3986 = PLANE('',#3987);
#3987 = AXIS2_PLACEMENT_3D('',#3988,#3989,#3990);
#3988 = CARTESIAN_POINT('',(154.706205,-143.743976,0.));
#3989 = DIRECTION('',(-0.439469952563,-0.898257290978,0.));
#3990 = DIRECTION('',(-0.898257290978,0.439469952563,0.));
#3991 = ADVANCED_FACE('',(#3992),#4003,.T.);
#3992 = FACE_BOUND('',#3993,.T.);
#3993 = EDGE_LOOP('',(#3994,#4000,#4001,#4002));
#3994 = ORIENTED_EDGE('',*,*,#3995,.T.);
#3995 = EDGE_CURVE('',#283,#1937,#3996,.T.);
#3996 = LINE('',#3997,#3998);
#3997 = CARTESIAN_POINT('',(136.886572,-135.068212,0.));
#3998 = VECTOR('',#3999,1.);
#3999 = DIRECTION('',(0.,0.,1.));
#4000 = ORIENTED_EDGE('',*,*,#1936,.T.);
#4001 = ORIENTED_EDGE('',*,*,#3961,.F.);
#4002 = ORIENTED_EDGE('',*,*,#282,.F.);
#4003 = PLANE('',#4004);
#4004 = AXIS2_PLACEMENT_3D('',#4005,#4006,#4007);
#4005 = CARTESIAN_POINT('',(136.886572,-135.068212,0.));
#4006 = DIRECTION('',(-0.177052109048,-0.984201478703,0.));
#4007 = DIRECTION('',(-0.984201478703,0.177052109048,0.));
#4008 = ADVANCED_FACE('',(#4009),#4015,.F.);
#4009 = FACE_BOUND('',#4010,.T.);
#4010 = EDGE_LOOP('',(#4011,#4012,#4013,#4014));
#4011 = ORIENTED_EDGE('',*,*,#3980,.T.);
#4012 = ORIENTED_EDGE('',*,*,#1944,.T.);
#4013 = ORIENTED_EDGE('',*,*,#3995,.F.);
#4014 = ORIENTED_EDGE('',*,*,#290,.F.);
#4015 = CYLINDRICAL_SURFACE('',#4016,0.999179570955);
#4016 = AXIS2_PLACEMENT_3D('',#4017,#4018,#4019);
#4017 = CARTESIAN_POINT('',(136.70977856766,-136.0516264077,0.));
#4018 = DIRECTION('',(-0.,-0.,-1.));
#4019 = DIRECTION('',(0.439572070029,0.898207323089,-0.));
#4020 = ADVANCED_FACE('',(#4021),#4032,.F.);
#4021 = FACE_BOUND('',#4022,.T.);
#4022 = EDGE_LOOP('',(#4023,#4024,#4030,#4031));
#4023 = ORIENTED_EDGE('',*,*,#436,.T.);
#4024 = ORIENTED_EDGE('',*,*,#4025,.T.);
#4025 = EDGE_CURVE('',#437,#2091,#4026,.T.);
#4026 = LINE('',#4027,#4028);
#4027 = CARTESIAN_POINT('',(57.16875,-118.65,-4.6E-02));
#4028 = VECTOR('',#4029,1.);
#4029 = DIRECTION('',(0.,0.,1.));
#4030 = ORIENTED_EDGE('',*,*,#2090,.F.);
#4031 = ORIENTED_EDGE('',*,*,#4025,.F.);
#4032 = CYLINDRICAL_SURFACE('',#4033,1.5);
#4033 = AXIS2_PLACEMENT_3D('',#4034,#4035,#4036);
#4034 = CARTESIAN_POINT('',(57.16875,-117.15,-4.6E-02));
#4035 = DIRECTION('',(-0.,-0.,-1.));
#4036 = DIRECTION('',(-0.,-1.,0.));
#4037 = ADVANCED_FACE('',(#4038),#4049,.F.);
#4038 = FACE_BOUND('',#4039,.T.);
#4039 = EDGE_LOOP('',(#4040,#4041,#4047,#4048));
#4040 = ORIENTED_EDGE('',*,*,#447,.T.);
#4041 = ORIENTED_EDGE('',*,*,#4042,.T.);
#4042 = EDGE_CURVE('',#448,#2102,#4043,.T.);
#4043 = LINE('',#4044,#4045);
#4044 = CARTESIAN_POINT('',(78.65,-116.405,-4.6E-02));
#4045 = VECTOR('',#4046,1.);
#4046 = DIRECTION('',(0.,0.,1.));
#4047 = ORIENTED_EDGE('',*,*,#2101,.F.);
#4048 = ORIENTED_EDGE('',*,*,#4042,.F.);
#4049 = CYLINDRICAL_SURFACE('',#4050,0.45);
#4050 = AXIS2_PLACEMENT_3D('',#4051,#4052,#4053);
#4051 = CARTESIAN_POINT('',(78.65,-115.955,-4.6E-02));
#4052 = DIRECTION('',(-0.,-0.,-1.));
#4053 = DIRECTION('',(-0.,-1.,0.));
#4054 = ADVANCED_FACE('',(#4055),#4066,.F.);
#4055 = FACE_BOUND('',#4056,.T.);
#4056 = EDGE_LOOP('',(#4057,#4058,#4064,#4065));
#4057 = ORIENTED_EDGE('',*,*,#458,.T.);
#4058 = ORIENTED_EDGE('',*,*,#4059,.T.);
#4059 = EDGE_CURVE('',#459,#2113,#4060,.T.);
#4060 = LINE('',#4061,#4062);
#4061 = CARTESIAN_POINT('',(81.65,-116.405,-4.6E-02));
#4062 = VECTOR('',#4063,1.);
#4063 = DIRECTION('',(0.,0.,1.));
#4064 = ORIENTED_EDGE('',*,*,#2112,.F.);
#4065 = ORIENTED_EDGE('',*,*,#4059,.F.);
#4066 = CYLINDRICAL_SURFACE('',#4067,0.45);
#4067 = AXIS2_PLACEMENT_3D('',#4068,#4069,#4070);
#4068 = CARTESIAN_POINT('',(81.65,-115.955,-4.6E-02));
#4069 = DIRECTION('',(-0.,-0.,-1.));
#4070 = DIRECTION('',(-0.,-1.,0.));
#4071 = ADVANCED_FACE('',(#4072),#4083,.F.);
#4072 = FACE_BOUND('',#4073,.T.);
#4073 = EDGE_LOOP('',(#4074,#4075,#4081,#4082));
#4074 = ORIENTED_EDGE('',*,*,#469,.T.);
#4075 = ORIENTED_EDGE('',*,*,#4076,.T.);
#4076 = EDGE_CURVE('',#470,#2124,#4077,.T.);
#4077 = LINE('',#4078,#4079);
#4078 = CARTESIAN_POINT('',(52.16875,-116.45,-4.6E-02));
#4079 = VECTOR('',#4080,1.);
#4080 = DIRECTION('',(0.,0.,1.));
#4081 = ORIENTED_EDGE('',*,*,#2123,.F.);
#4082 = ORIENTED_EDGE('',*,*,#4076,.F.);
#4083 = CYLINDRICAL_SURFACE('',#4084,1.5);
#4084 = AXIS2_PLACEMENT_3D('',#4085,#4086,#4087);
#4085 = CARTESIAN_POINT('',(52.16875,-114.95,-4.6E-02));
#4086 = DIRECTION('',(-0.,-0.,-1.));
#4087 = DIRECTION('',(-0.,-1.,0.));
#4088 = ADVANCED_FACE('',(#4089),#4100,.F.);
#4089 = FACE_BOUND('',#4090,.T.);
#4090 = EDGE_LOOP('',(#4091,#4092,#4098,#4099));
#4091 = ORIENTED_EDGE('',*,*,#480,.T.);
#4092 = ORIENTED_EDGE('',*,*,#4093,.T.);
#4093 = EDGE_CURVE('',#481,#2135,#4094,.T.);
#4094 = LINE('',#4095,#4096);
#4095 = CARTESIAN_POINT('',(51.66875,-112.05,-4.6E-02));
#4096 = VECTOR('',#4097,1.);
#4097 = DIRECTION('',(0.,0.,1.));
#4098 = ORIENTED_EDGE('',*,*,#2134,.F.);
#4099 = ORIENTED_EDGE('',*,*,#4093,.F.);
#4100 = CYLINDRICAL_SURFACE('',#4101,0.85);
#4101 = AXIS2_PLACEMENT_3D('',#4102,#4103,#4104);
#4102 = CARTESIAN_POINT('',(51.66875,-111.2,-4.6E-02));
#4103 = DIRECTION('',(-0.,-0.,-1.));
#4104 = DIRECTION('',(-0.,-1.,0.));
#4105 = ADVANCED_FACE('',(#4106),#4117,.F.);
#4106 = FACE_BOUND('',#4107,.T.);
#4107 = EDGE_LOOP('',(#4108,#4109,#4115,#4116));
#4108 = ORIENTED_EDGE('',*,*,#491,.T.);
#4109 = ORIENTED_EDGE('',*,*,#4110,.T.);
#4110 = EDGE_CURVE('',#492,#2146,#4111,.T.);
#4111 = LINE('',#4112,#4113);
#4112 = CARTESIAN_POINT('',(57.16875,-112.9,-4.6E-02));
#4113 = VECTOR('',#4114,1.);
#4114 = DIRECTION('',(0.,0.,1.));
#4115 = ORIENTED_EDGE('',*,*,#2145,.F.);
#4116 = ORIENTED_EDGE('',*,*,#4110,.F.);
#4117 = CYLINDRICAL_SURFACE('',#4118,1.7);
#4118 = AXIS2_PLACEMENT_3D('',#4119,#4120,#4121);
#4119 = CARTESIAN_POINT('',(57.16875,-111.2,-4.6E-02));
#4120 = DIRECTION('',(-0.,-0.,-1.));
#4121 = DIRECTION('',(-0.,-1.,0.));
#4122 = ADVANCED_FACE('',(#4123),#4134,.F.);
#4123 = FACE_BOUND('',#4124,.T.);
#4124 = EDGE_LOOP('',(#4125,#4126,#4132,#4133));
#4125 = ORIENTED_EDGE('',*,*,#502,.T.);
#4126 = ORIENTED_EDGE('',*,*,#4127,.T.);
#4127 = EDGE_CURVE('',#503,#2157,#4128,.T.);
#4128 = LINE('',#4129,#4130);
#4129 = CARTESIAN_POINT('',(62.66875,-112.05,-4.6E-02));
#4130 = VECTOR('',#4131,1.);
#4131 = DIRECTION('',(0.,0.,1.));
#4132 = ORIENTED_EDGE('',*,*,#2156,.F.);
#4133 = ORIENTED_EDGE('',*,*,#4127,.F.);
#4134 = CYLINDRICAL_SURFACE('',#4135,0.85);
#4135 = AXIS2_PLACEMENT_3D('',#4136,#4137,#4138);
#4136 = CARTESIAN_POINT('',(62.66875,-111.2,-4.6E-02));
#4137 = DIRECTION('',(-0.,-0.,-1.));
#4138 = DIRECTION('',(-0.,-1.,0.));
#4139 = ADVANCED_FACE('',(#4140),#4151,.F.);
#4140 = FACE_BOUND('',#4141,.T.);
#4141 = EDGE_LOOP('',(#4142,#4143,#4149,#4150));
#4142 = ORIENTED_EDGE('',*,*,#513,.T.);
#4143 = ORIENTED_EDGE('',*,*,#4144,.T.);
#4144 = EDGE_CURVE('',#514,#2168,#4145,.T.);
#4145 = LINE('',#4146,#4147);
#4146 = CARTESIAN_POINT('',(57.16875,-99.6,-4.6E-02));
#4147 = VECTOR('',#4148,1.);
#4148 = DIRECTION('',(0.,0.,1.));
#4149 = ORIENTED_EDGE('',*,*,#2167,.F.);
#4150 = ORIENTED_EDGE('',*,*,#4144,.F.);
#4151 = CYLINDRICAL_SURFACE('',#4152,1.5);
#4152 = AXIS2_PLACEMENT_3D('',#4153,#4154,#4155);
#4153 = CARTESIAN_POINT('',(57.16875,-98.1,-4.6E-02));
#4154 = DIRECTION('',(-0.,-0.,-1.));
#4155 = DIRECTION('',(-0.,-1.,0.));
#4156 = ADVANCED_FACE('',(#4157),#4168,.F.);
#4157 = FACE_BOUND('',#4158,.T.);
#4158 = EDGE_LOOP('',(#4159,#4160,#4166,#4167));
#4159 = ORIENTED_EDGE('',*,*,#524,.T.);
#4160 = ORIENTED_EDGE('',*,*,#4161,.T.);
#4161 = EDGE_CURVE('',#525,#2179,#4162,.T.);
#4162 = LINE('',#4163,#4164);
#4163 = CARTESIAN_POINT('',(52.16875,-97.4,-4.6E-02));
#4164 = VECTOR('',#4165,1.);
#4165 = DIRECTION('',(0.,0.,1.));
#4166 = ORIENTED_EDGE('',*,*,#2178,.F.);
#4167 = ORIENTED_EDGE('',*,*,#4161,.F.);
#4168 = CYLINDRICAL_SURFACE('',#4169,1.5);
#4169 = AXIS2_PLACEMENT_3D('',#4170,#4171,#4172);
#4170 = CARTESIAN_POINT('',(52.16875,-95.9,-4.6E-02));
#4171 = DIRECTION('',(-0.,-0.,-1.));
#4172 = DIRECTION('',(-0.,-1.,0.));
#4173 = ADVANCED_FACE('',(#4174),#4185,.F.);
#4174 = FACE_BOUND('',#4175,.T.);
#4175 = EDGE_LOOP('',(#4176,#4177,#4183,#4184));
#4176 = ORIENTED_EDGE('',*,*,#535,.T.);
#4177 = ORIENTED_EDGE('',*,*,#4178,.T.);
#4178 = EDGE_CURVE('',#536,#2190,#4179,.T.);
#4179 = LINE('',#4180,#4181);
#4180 = CARTESIAN_POINT('',(76.16875,-106.077,-4.6E-02));
#4181 = VECTOR('',#4182,1.);
#4182 = DIRECTION('',(0.,0.,1.));
#4183 = ORIENTED_EDGE('',*,*,#2189,.F.);
#4184 = ORIENTED_EDGE('',*,*,#4178,.F.);
#4185 = CYLINDRICAL_SURFACE('',#4186,1.5);
#4186 = AXIS2_PLACEMENT_3D('',#4187,#4188,#4189);
#4187 = CARTESIAN_POINT('',(76.16875,-104.577,-4.6E-02));
#4188 = DIRECTION('',(-0.,-0.,-1.));
#4189 = DIRECTION('',(-0.,-1.,0.));
#4190 = ADVANCED_FACE('',(#4191),#4202,.F.);
#4191 = FACE_BOUND('',#4192,.T.);
#4192 = EDGE_LOOP('',(#4193,#4194,#4200,#4201));
#4193 = ORIENTED_EDGE('',*,*,#546,.T.);
#4194 = ORIENTED_EDGE('',*,*,#4195,.T.);
#4195 = EDGE_CURVE('',#547,#2201,#4196,.T.);
#4196 = LINE('',#4197,#4198);
#4197 = CARTESIAN_POINT('',(71.16875,-103.877,-4.6E-02));
#4198 = VECTOR('',#4199,1.);
#4199 = DIRECTION('',(0.,0.,1.));
#4200 = ORIENTED_EDGE('',*,*,#2200,.F.);
#4201 = ORIENTED_EDGE('',*,*,#4195,.F.);
#4202 = CYLINDRICAL_SURFACE('',#4203,1.5);
#4203 = AXIS2_PLACEMENT_3D('',#4204,#4205,#4206);
#4204 = CARTESIAN_POINT('',(71.16875,-102.377,-4.6E-02));
#4205 = DIRECTION('',(-0.,-0.,-1.));
#4206 = DIRECTION('',(-0.,-1.,0.));
#4207 = ADVANCED_FACE('',(#4208),#4219,.F.);
#4208 = FACE_BOUND('',#4209,.T.);
#4209 = EDGE_LOOP('',(#4210,#4211,#4217,#4218));
#4210 = ORIENTED_EDGE('',*,*,#557,.T.);
#4211 = ORIENTED_EDGE('',*,*,#4212,.T.);
#4212 = EDGE_CURVE('',#558,#2212,#4213,.T.);
#4213 = LINE('',#4214,#4215);
#4214 = CARTESIAN_POINT('',(70.66875,-99.477,-4.6E-02));
#4215 = VECTOR('',#4216,1.);
#4216 = DIRECTION('',(0.,0.,1.));
#4217 = ORIENTED_EDGE('',*,*,#2211,.F.);
#4218 = ORIENTED_EDGE('',*,*,#4212,.F.);
#4219 = CYLINDRICAL_SURFACE('',#4220,0.85);
#4220 = AXIS2_PLACEMENT_3D('',#4221,#4222,#4223);
#4221 = CARTESIAN_POINT('',(70.66875,-98.627,-4.6E-02));
#4222 = DIRECTION('',(-0.,0.,-1.));
#4223 = DIRECTION('',(1.671865260612E-14,-1.,-0.));
#4224 = ADVANCED_FACE('',(#4225),#4236,.F.);
#4225 = FACE_BOUND('',#4226,.T.);
#4226 = EDGE_LOOP('',(#4227,#4228,#4234,#4235));
#4227 = ORIENTED_EDGE('',*,*,#568,.T.);
#4228 = ORIENTED_EDGE('',*,*,#4229,.T.);
#4229 = EDGE_CURVE('',#569,#2223,#4230,.T.);
#4230 = LINE('',#4231,#4232);
#4231 = CARTESIAN_POINT('',(76.16875,-100.327,-4.6E-02));
#4232 = VECTOR('',#4233,1.);
#4233 = DIRECTION('',(0.,0.,1.));
#4234 = ORIENTED_EDGE('',*,*,#2222,.F.);
#4235 = ORIENTED_EDGE('',*,*,#4229,.F.);
#4236 = CYLINDRICAL_SURFACE('',#4237,1.7);
#4237 = AXIS2_PLACEMENT_3D('',#4238,#4239,#4240);
#4238 = CARTESIAN_POINT('',(76.16875,-98.627,-4.6E-02));
#4239 = DIRECTION('',(-0.,-0.,-1.));
#4240 = DIRECTION('',(-0.,-1.,0.));
#4241 = ADVANCED_FACE('',(#4242),#4253,.F.);
#4242 = FACE_BOUND('',#4243,.T.);
#4243 = EDGE_LOOP('',(#4244,#4250,#4251,#4252));
#4244 = ORIENTED_EDGE('',*,*,#4245,.T.);
#4245 = EDGE_CURVE('',#580,#2234,#4246,.T.);
#4246 = LINE('',#4247,#4248);
#4247 = CARTESIAN_POINT('',(87.8,-102.5,0.));
#4248 = VECTOR('',#4249,1.);
#4249 = DIRECTION('',(0.,0.,1.));
#4250 = ORIENTED_EDGE('',*,*,#2233,.T.);
#4251 = ORIENTED_EDGE('',*,*,#4245,.F.);
#4252 = ORIENTED_EDGE('',*,*,#579,.F.);
#4253 = CYLINDRICAL_SURFACE('',#4254,2.);
#4254 = AXIS2_PLACEMENT_3D('',#4255,#4256,#4257);
#4255 = CARTESIAN_POINT('',(85.8,-102.5,0.));
#4256 = DIRECTION('',(-0.,-0.,-1.));
#4257 = DIRECTION('',(1.,0.,-0.));
#4258 = ADVANCED_FACE('',(#4259),#4270,.F.);
#4259 = FACE_BOUND('',#4260,.T.);
#4260 = EDGE_LOOP('',(#4261,#4262,#4268,#4269));
#4261 = ORIENTED_EDGE('',*,*,#590,.T.);
#4262 = ORIENTED_EDGE('',*,*,#4263,.T.);
#4263 = EDGE_CURVE('',#591,#2245,#4264,.T.);
#4264 = LINE('',#4265,#4266);
#4265 = CARTESIAN_POINT('',(81.66875,-99.477,-4.6E-02));
#4266 = VECTOR('',#4267,1.);
#4267 = DIRECTION('',(0.,0.,1.));
#4268 = ORIENTED_EDGE('',*,*,#2244,.F.);
#4269 = ORIENTED_EDGE('',*,*,#4263,.F.);
#4270 = CYLINDRICAL_SURFACE('',#4271,0.85);
#4271 = AXIS2_PLACEMENT_3D('',#4272,#4273,#4274);
#4272 = CARTESIAN_POINT('',(81.66875,-98.627,-4.6E-02));
#4273 = DIRECTION('',(-0.,0.,-1.));
#4274 = DIRECTION('',(1.671865260612E-14,-1.,-0.));
#4275 = ADVANCED_FACE('',(#4276),#4287,.F.);
#4276 = FACE_BOUND('',#4277,.T.);
#4277 = EDGE_LOOP('',(#4278,#4279,#4285,#4286));
#4278 = ORIENTED_EDGE('',*,*,#601,.T.);
#4279 = ORIENTED_EDGE('',*,*,#4280,.T.);
#4280 = EDGE_CURVE('',#602,#2256,#4281,.T.);
#4281 = LINE('',#4282,#4283);
#4282 = CARTESIAN_POINT('',(95.16875,-101.3145,-4.6E-02));
#4283 = VECTOR('',#4284,1.);
#4284 = DIRECTION('',(0.,0.,1.));
#4285 = ORIENTED_EDGE('',*,*,#2255,.F.);
#4286 = ORIENTED_EDGE('',*,*,#4280,.F.);
#4287 = CYLINDRICAL_SURFACE('',#4288,1.5);
#4288 = AXIS2_PLACEMENT_3D('',#4289,#4290,#4291);
#4289 = CARTESIAN_POINT('',(95.16875,-99.8145,-4.6E-02));
#4290 = DIRECTION('',(-0.,-0.,-1.));
#4291 = DIRECTION('',(-0.,-1.,0.));
#4292 = ADVANCED_FACE('',(#4293),#4304,.F.);
#4293 = FACE_BOUND('',#4294,.T.);
#4294 = EDGE_LOOP('',(#4295,#4296,#4302,#4303));
#4295 = ORIENTED_EDGE('',*,*,#612,.T.);
#4296 = ORIENTED_EDGE('',*,*,#4297,.T.);
#4297 = EDGE_CURVE('',#613,#2267,#4298,.T.);
#4298 = LINE('',#4299,#4300);
#4299 = CARTESIAN_POINT('',(90.16875,-99.1145,-4.6E-02));
#4300 = VECTOR('',#4301,1.);
#4301 = DIRECTION('',(0.,0.,1.));
#4302 = ORIENTED_EDGE('',*,*,#2266,.F.);
#4303 = ORIENTED_EDGE('',*,*,#4297,.F.);
#4304 = CYLINDRICAL_SURFACE('',#4305,1.5);
#4305 = AXIS2_PLACEMENT_3D('',#4306,#4307,#4308);
#4306 = CARTESIAN_POINT('',(90.16875,-97.6145,-4.6E-02));
#4307 = DIRECTION('',(-0.,-0.,-1.));
#4308 = DIRECTION('',(-0.,-1.,0.));
#4309 = ADVANCED_FACE('',(#4310),#4321,.F.);
#4310 = FACE_BOUND('',#4311,.T.);
#4311 = EDGE_LOOP('',(#4312,#4313,#4319,#4320));
#4312 = ORIENTED_EDGE('',*,*,#623,.T.);
#4313 = ORIENTED_EDGE('',*,*,#4314,.T.);
#4314 = EDGE_CURVE('',#624,#2278,#4315,.T.);
#4315 = LINE('',#4316,#4317);
#4316 = CARTESIAN_POINT('',(128.716535,-130.468305,-4.6E-02));
#4317 = VECTOR('',#4318,1.);
#4318 = DIRECTION('',(0.,0.,1.));
#4319 = ORIENTED_EDGE('',*,*,#2277,.F.);
#4320 = ORIENTED_EDGE('',*,*,#4314,.F.);
#4321 = CYLINDRICAL_SURFACE('',#4322,1.5);
#4322 = AXIS2_PLACEMENT_3D('',#4323,#4324,#4325);
#4323 = CARTESIAN_POINT('',(128.716535,-128.968305,-4.6E-02));
#4324 = DIRECTION('',(-0.,-0.,-1.));
#4325 = DIRECTION('',(-0.,-1.,0.));
#4326 = ADVANCED_FACE('',(#4327),#4338,.F.);
#4327 = FACE_BOUND('',#4328,.T.);
#4328 = EDGE_LOOP('',(#4329,#4335,#4336,#4337));
#4329 = ORIENTED_EDGE('',*,*,#4330,.T.);
#4330 = EDGE_CURVE('',#635,#2289,#4331,.T.);
#4331 = LINE('',#4332,#4333);
#4332 = CARTESIAN_POINT('',(117.2,-119.7,0.));
#4333 = VECTOR('',#4334,1.);
#4334 = DIRECTION('',(0.,0.,1.));
#4335 = ORIENTED_EDGE('',*,*,#2288,.T.);
#4336 = ORIENTED_EDGE('',*,*,#4330,.F.);
#4337 = ORIENTED_EDGE('',*,*,#634,.F.);
#4338 = CYLINDRICAL_SURFACE('',#4339,2.);
#4339 = AXIS2_PLACEMENT_3D('',#4340,#4341,#4342);
#4340 = CARTESIAN_POINT('',(115.2,-119.7,0.));
#4341 = DIRECTION('',(-0.,-0.,-1.));
#4342 = DIRECTION('',(1.,0.,-0.));
#4343 = ADVANCED_FACE('',(#4344),#4355,.F.);
#4344 = FACE_BOUND('',#4345,.T.);
#4345 = EDGE_LOOP('',(#4346,#4347,#4353,#4354));
#4346 = ORIENTED_EDGE('',*,*,#645,.T.);
#4347 = ORIENTED_EDGE('',*,*,#4348,.T.);
#4348 = EDGE_CURVE('',#646,#2300,#4349,.T.);
#4349 = LINE('',#4350,#4351);
#4350 = CARTESIAN_POINT('',(124.174522,-127.433487,-4.6E-02));
#4351 = VECTOR('',#4352,1.);
#4352 = DIRECTION('',(0.,0.,1.));
#4353 = ORIENTED_EDGE('',*,*,#2299,.F.);
#4354 = ORIENTED_EDGE('',*,*,#4348,.F.);
#4355 = CYLINDRICAL_SURFACE('',#4356,1.5);
#4356 = AXIS2_PLACEMENT_3D('',#4357,#4358,#4359);
#4357 = CARTESIAN_POINT('',(124.174522,-125.933487,-4.6E-02));
#4358 = DIRECTION('',(-0.,-0.,-1.));
#4359 = DIRECTION('',(-0.,-1.,0.));
#4360 = ADVANCED_FACE('',(#4361),#4372,.F.);
#4361 = FACE_BOUND('',#4362,.T.);
#4362 = EDGE_LOOP('',(#4363,#4364,#4370,#4371));
#4363 = ORIENTED_EDGE('',*,*,#656,.T.);
#4364 = ORIENTED_EDGE('',*,*,#4365,.T.);
#4365 = EDGE_CURVE('',#657,#2311,#4366,.T.);
#4366 = LINE('',#4367,#4368);
#4367 = CARTESIAN_POINT('',(124.333298,-123.003634,-4.6E-02));
#4368 = VECTOR('',#4369,1.);
#4369 = DIRECTION('',(0.,0.,1.));
#4370 = ORIENTED_EDGE('',*,*,#2310,.F.);
#4371 = ORIENTED_EDGE('',*,*,#4365,.F.);
#4372 = CYLINDRICAL_SURFACE('',#4373,0.85);
#4373 = AXIS2_PLACEMENT_3D('',#4374,#4375,#4376);
#4374 = CARTESIAN_POINT('',(124.333298,-122.153634,-4.6E-02));
#4375 = DIRECTION('',(-0.,-0.,-1.));
#4376 = DIRECTION('',(-0.,-1.,0.));
#4377 = ADVANCED_FACE('',(#4378),#4389,.F.);
#4378 = FACE_BOUND('',#4379,.T.);
#4379 = EDGE_LOOP('',(#4380,#4381,#4387,#4388));
#4380 = ORIENTED_EDGE('',*,*,#667,.T.);
#4381 = ORIENTED_EDGE('',*,*,#4382,.T.);
#4382 = EDGE_CURVE('',#668,#2322,#4383,.T.);
#4383 = LINE('',#4384,#4385);
#4384 = CARTESIAN_POINT('',(147.619479,-136.428379,-4.6E-02));
#4385 = VECTOR('',#4386,1.);
#4386 = DIRECTION('',(0.,0.,1.));
#4387 = ORIENTED_EDGE('',*,*,#2321,.F.);
#4388 = ORIENTED_EDGE('',*,*,#4382,.F.);
#4389 = CYLINDRICAL_SURFACE('',#4390,1.5);
#4390 = AXIS2_PLACEMENT_3D('',#4391,#4392,#4393);
#4391 = CARTESIAN_POINT('',(147.619479,-134.928379,-4.6E-02));
#4392 = DIRECTION('',(-0.,-0.,-1.));
#4393 = DIRECTION('',(-0.,-1.,0.));
#4394 = ADVANCED_FACE('',(#4395),#4406,.F.);
#4395 = FACE_BOUND('',#4396,.T.);
#4396 = EDGE_LOOP('',(#4397,#4398,#4404,#4405));
#4397 = ORIENTED_EDGE('',*,*,#678,.T.);
#4398 = ORIENTED_EDGE('',*,*,#4399,.T.);
#4399 = EDGE_CURVE('',#679,#2333,#4400,.T.);
#4400 = LINE('',#4401,#4402);
#4401 = CARTESIAN_POINT('',(155.11875,-132.710249,-4.6E-02));
#4402 = VECTOR('',#4403,1.);
#4403 = DIRECTION('',(0.,0.,1.));
#4404 = ORIENTED_EDGE('',*,*,#2332,.F.);
#4405 = ORIENTED_EDGE('',*,*,#4399,.F.);
#4406 = CYLINDRICAL_SURFACE('',#4407,0.85);
#4407 = AXIS2_PLACEMENT_3D('',#4408,#4409,#4410);
#4408 = CARTESIAN_POINT('',(155.11875,-131.860249,-4.6E-02));
#4409 = DIRECTION('',(-0.,-0.,-1.));
#4410 = DIRECTION('',(-0.,-1.,0.));
#4411 = ADVANCED_FACE('',(#4412),#4423,.F.);
#4412 = FACE_BOUND('',#4413,.T.);
#4413 = EDGE_LOOP('',(#4414,#4415,#4421,#4422));
#4414 = ORIENTED_EDGE('',*,*,#689,.T.);
#4415 = ORIENTED_EDGE('',*,*,#4416,.T.);
#4416 = EDGE_CURVE('',#690,#2344,#4417,.T.);
#4417 = LINE('',#4418,#4419);
#4418 = CARTESIAN_POINT('',(144.017699,-132.321413,-4.6E-02));
#4419 = VECTOR('',#4420,1.);
#4420 = DIRECTION('',(0.,0.,1.));
#4421 = ORIENTED_EDGE('',*,*,#2343,.F.);
#4422 = ORIENTED_EDGE('',*,*,#4416,.F.);
#4423 = CYLINDRICAL_SURFACE('',#4424,1.5);
#4424 = AXIS2_PLACEMENT_3D('',#4425,#4426,#4427);
#4425 = CARTESIAN_POINT('',(144.017699,-130.821413,-4.6E-02));
#4426 = DIRECTION('',(-0.,-0.,-1.));
#4427 = DIRECTION('',(-0.,-1.,0.));
#4428 = ADVANCED_FACE('',(#4429),#4440,.F.);
#4429 = FACE_BOUND('',#4430,.T.);
#4430 = EDGE_LOOP('',(#4431,#4432,#4438,#4439));
#4431 = ORIENTED_EDGE('',*,*,#700,.T.);
#4432 = ORIENTED_EDGE('',*,*,#4433,.T.);
#4433 = EDGE_CURVE('',#701,#2355,#4434,.T.);
#4434 = LINE('',#4435,#4436);
#4435 = CARTESIAN_POINT('',(145.149364,-128.061449,-4.6E-02));
#4436 = VECTOR('',#4437,1.);
#4437 = DIRECTION('',(0.,0.,1.));
#4438 = ORIENTED_EDGE('',*,*,#2354,.F.);
#4439 = ORIENTED_EDGE('',*,*,#4433,.F.);
#4440 = CYLINDRICAL_SURFACE('',#4441,0.85);
#4441 = AXIS2_PLACEMENT_3D('',#4442,#4443,#4444);
#4442 = CARTESIAN_POINT('',(145.149364,-127.211449,-4.6E-02));
#4443 = DIRECTION('',(-0.,-0.,-1.));
#4444 = DIRECTION('',(-0.,-1.,0.));
#4445 = ADVANCED_FACE('',(#4446),#4457,.F.);
#4446 = FACE_BOUND('',#4447,.T.);
#4447 = EDGE_LOOP('',(#4448,#4449,#4455,#4456));
#4448 = ORIENTED_EDGE('',*,*,#711,.T.);
#4449 = ORIENTED_EDGE('',*,*,#4450,.T.);
#4450 = EDGE_CURVE('',#712,#2366,#4451,.T.);
#4451 = LINE('',#4452,#4453);
#4452 = CARTESIAN_POINT('',(150.134057,-131.235849,-4.6E-02));
#4453 = VECTOR('',#4454,1.);
#4454 = DIRECTION('',(0.,0.,1.));
#4455 = ORIENTED_EDGE('',*,*,#2365,.F.);
#4456 = ORIENTED_EDGE('',*,*,#4450,.F.);
#4457 = CYLINDRICAL_SURFACE('',#4458,1.7);
#4458 = AXIS2_PLACEMENT_3D('',#4459,#4460,#4461);
#4459 = CARTESIAN_POINT('',(150.134057,-129.535849,-4.6E-02));
#4460 = DIRECTION('',(-0.,0.,-1.));
#4461 = DIRECTION('',(1.671865260612E-14,-1.,-0.));
#4462 = ADVANCED_FACE('',(#4463),#4474,.F.);
#4463 = FACE_BOUND('',#4464,.T.);
#4464 = EDGE_LOOP('',(#4465,#4466,#4472,#4473));
#4465 = ORIENTED_EDGE('',*,*,#722,.T.);
#4466 = ORIENTED_EDGE('',*,*,#4467,.T.);
#4467 = EDGE_CURVE('',#723,#2377,#4468,.T.);
#4468 = LINE('',#4469,#4470);
#4469 = CARTESIAN_POINT('',(135.166184,-124.913764,-4.6E-02));
#4470 = VECTOR('',#4471,1.);
#4471 = DIRECTION('',(0.,0.,1.));
#4472 = ORIENTED_EDGE('',*,*,#2376,.F.);
#4473 = ORIENTED_EDGE('',*,*,#4467,.F.);
#4474 = CYLINDRICAL_SURFACE('',#4475,0.85);
#4475 = AXIS2_PLACEMENT_3D('',#4476,#4477,#4478);
#4476 = CARTESIAN_POINT('',(135.166184,-124.063764,-4.6E-02));
#4477 = DIRECTION('',(-0.,-0.,-1.));
#4478 = DIRECTION('',(-0.,-1.,0.));
#4479 = ADVANCED_FACE('',(#4480),#4491,.F.);
#4480 = FACE_BOUND('',#4481,.T.);
#4481 = EDGE_LOOP('',(#4482,#4483,#4489,#4490));
#4482 = ORIENTED_EDGE('',*,*,#733,.T.);
#4483 = ORIENTED_EDGE('',*,*,#4484,.T.);
#4484 = EDGE_CURVE('',#734,#2388,#4485,.T.);
#4485 = LINE('',#4486,#4487);
#4486 = CARTESIAN_POINT('',(129.749741,-124.808699,-4.6E-02));
#4487 = VECTOR('',#4488,1.);
#4488 = DIRECTION('',(0.,0.,1.));
#4489 = ORIENTED_EDGE('',*,*,#2387,.F.);
#4490 = ORIENTED_EDGE('',*,*,#4484,.F.);
#4491 = CYLINDRICAL_SURFACE('',#4492,1.7);
#4492 = AXIS2_PLACEMENT_3D('',#4493,#4494,#4495);
#4493 = CARTESIAN_POINT('',(129.749741,-123.108699,-4.6E-02));
#4494 = DIRECTION('',(-0.,-0.,-1.));
#4495 = DIRECTION('',(-0.,-1.,0.));
#4496 = ADVANCED_FACE('',(#4497),#4513,.F.);
#4497 = FACE_BOUND('',#4498,.T.);
#4498 = EDGE_LOOP('',(#4499,#4500,#4506,#4507));
#4499 = ORIENTED_EDGE('',*,*,#744,.T.);
#4500 = ORIENTED_EDGE('',*,*,#4501,.T.);
#4501 = EDGE_CURVE('',#747,#2401,#4502,.T.);
#4502 = LINE('',#4503,#4504);
#4503 = CARTESIAN_POINT('',(142.64,-118.5125,-4.6E-02));
#4504 = VECTOR('',#4505,1.);
#4505 = DIRECTION('',(0.,0.,1.));
#4506 = ORIENTED_EDGE('',*,*,#2398,.F.);
#4507 = ORIENTED_EDGE('',*,*,#4508,.F.);
#4508 = EDGE_CURVE('',#745,#2399,#4509,.T.);
#4509 = LINE('',#4510,#4511);
#4510 = CARTESIAN_POINT('',(142.64,-117.9125,-4.6E-02));
#4511 = VECTOR('',#4512,1.);
#4512 = DIRECTION('',(0.,0.,1.));
#4513 = CYLINDRICAL_SURFACE('',#4514,0.3);
#4514 = AXIS2_PLACEMENT_3D('',#4515,#4516,#4517);
#4515 = CARTESIAN_POINT('',(142.64,-118.2125,-4.6E-02));
#4516 = DIRECTION('',(-0.,-0.,-1.));
#4517 = DIRECTION('',(-0.,-1.,0.));
#4518 = ADVANCED_FACE('',(#4519),#4530,.T.);
#4519 = FACE_BOUND('',#4520,.T.);
#4520 = EDGE_LOOP('',(#4521,#4522,#4523,#4524));
#4521 = ORIENTED_EDGE('',*,*,#772,.T.);
#4522 = ORIENTED_EDGE('',*,*,#4508,.T.);
#4523 = ORIENTED_EDGE('',*,*,#2426,.F.);
#4524 = ORIENTED_EDGE('',*,*,#4525,.F.);
#4525 = EDGE_CURVE('',#764,#2418,#4526,.T.);
#4526 = LINE('',#4527,#4528);
#4527 = CARTESIAN_POINT('',(141.54,-117.9125,-4.6E-02));
#4528 = VECTOR('',#4529,1.);
#4529 = DIRECTION('',(0.,0.,1.));
#4530 = PLANE('',#4531);
#4531 = AXIS2_PLACEMENT_3D('',#4532,#4533,#4534);
#4532 = CARTESIAN_POINT('',(142.64,-117.9125,-4.6E-02));
#4533 = DIRECTION('',(0.,-1.,0.));
#4534 = DIRECTION('',(-1.,0.,0.));
#4535 = ADVANCED_FACE('',(#4536),#4547,.F.);
#4536 = FACE_BOUND('',#4537,.T.);
#4537 = EDGE_LOOP('',(#4538,#4539,#4540,#4541));
#4538 = ORIENTED_EDGE('',*,*,#763,.T.);
#4539 = ORIENTED_EDGE('',*,*,#4525,.T.);
#4540 = ORIENTED_EDGE('',*,*,#2417,.F.);
#4541 = ORIENTED_EDGE('',*,*,#4542,.F.);
#4542 = EDGE_CURVE('',#756,#2410,#4543,.T.);
#4543 = LINE('',#4544,#4545);
#4544 = CARTESIAN_POINT('',(141.54,-118.5125,-4.6E-02));
#4545 = VECTOR('',#4546,1.);
#4546 = DIRECTION('',(0.,0.,1.));
#4547 = CYLINDRICAL_SURFACE('',#4548,0.3);
#4548 = AXIS2_PLACEMENT_3D('',#4549,#4550,#4551);
#4549 = CARTESIAN_POINT('',(141.54,-118.2125,-4.6E-02));
#4550 = DIRECTION('',(-0.,0.,-1.));
#4551 = DIRECTION('',(0.,1.,0.));
#4552 = ADVANCED_FACE('',(#4553),#4559,.T.);
#4553 = FACE_BOUND('',#4554,.T.);
#4554 = EDGE_LOOP('',(#4555,#4556,#4557,#4558));
#4555 = ORIENTED_EDGE('',*,*,#755,.T.);
#4556 = ORIENTED_EDGE('',*,*,#4542,.T.);
#4557 = ORIENTED_EDGE('',*,*,#2409,.F.);
#4558 = ORIENTED_EDGE('',*,*,#4501,.F.);
#4559 = PLANE('',#4560);
#4560 = AXIS2_PLACEMENT_3D('',#4561,#4562,#4563);
#4561 = CARTESIAN_POINT('',(141.54,-118.5125,-4.6E-02));
#4562 = DIRECTION('',(0.,1.,0.));
#4563 = DIRECTION('',(1.,0.,0.));
#4564 = ADVANCED_FACE('',(#4565),#4576,.F.);
#4565 = FACE_BOUND('',#4566,.T.);
#4566 = EDGE_LOOP('',(#4567,#4568,#4574,#4575));
#4567 = ORIENTED_EDGE('',*,*,#780,.T.);
#4568 = ORIENTED_EDGE('',*,*,#4569,.T.);
#4569 = EDGE_CURVE('',#781,#2435,#4570,.T.);
#4570 = LINE('',#4571,#4572);
#4571 = CARTESIAN_POINT('',(142.62,-117.1075,-4.6E-02));
#4572 = VECTOR('',#4573,1.);
#4573 = DIRECTION('',(0.,0.,1.));
#4574 = ORIENTED_EDGE('',*,*,#2434,.F.);
#4575 = ORIENTED_EDGE('',*,*,#4569,.F.);
#4576 = CYLINDRICAL_SURFACE('',#4577,0.325);
#4577 = AXIS2_PLACEMENT_3D('',#4578,#4579,#4580);
#4578 = CARTESIAN_POINT('',(142.62,-116.7825,-4.6E-02));
#4579 = DIRECTION('',(-0.,-0.,-1.));
#4580 = DIRECTION('',(-0.,-1.,0.));
#4581 = ADVANCED_FACE('',(#4582),#4598,.F.);
#4582 = FACE_BOUND('',#4583,.T.);
#4583 = EDGE_LOOP('',(#4584,#4585,#4591,#4592));
#4584 = ORIENTED_EDGE('',*,*,#791,.T.);
#4585 = ORIENTED_EDGE('',*,*,#4586,.T.);
#4586 = EDGE_CURVE('',#794,#2448,#4587,.T.);
#4587 = LINE('',#4588,#4589);
#4588 = CARTESIAN_POINT('',(146.57,-118.5125,-4.6E-02));
#4589 = VECTOR('',#4590,1.);
#4590 = DIRECTION('',(0.,0.,1.));
#4591 = ORIENTED_EDGE('',*,*,#2445,.F.);
#4592 = ORIENTED_EDGE('',*,*,#4593,.F.);
#4593 = EDGE_CURVE('',#792,#2446,#4594,.T.);
#4594 = LINE('',#4595,#4596);
#4595 = CARTESIAN_POINT('',(146.57,-117.9125,-4.6E-02));
#4596 = VECTOR('',#4597,1.);
#4597 = DIRECTION('',(0.,0.,1.));
#4598 = CYLINDRICAL_SURFACE('',#4599,0.3);
#4599 = AXIS2_PLACEMENT_3D('',#4600,#4601,#4602);
#4600 = CARTESIAN_POINT('',(146.57,-118.2125,-4.6E-02));
#4601 = DIRECTION('',(-0.,-0.,-1.));
#4602 = DIRECTION('',(-0.,-1.,0.));
#4603 = ADVANCED_FACE('',(#4604),#4615,.T.);
#4604 = FACE_BOUND('',#4605,.T.);
#4605 = EDGE_LOOP('',(#4606,#4607,#4608,#4609));
#4606 = ORIENTED_EDGE('',*,*,#819,.T.);
#4607 = ORIENTED_EDGE('',*,*,#4593,.T.);
#4608 = ORIENTED_EDGE('',*,*,#2473,.F.);
#4609 = ORIENTED_EDGE('',*,*,#4610,.F.);
#4610 = EDGE_CURVE('',#811,#2465,#4611,.T.);
#4611 = LINE('',#4612,#4613);
#4612 = CARTESIAN_POINT('',(145.97,-117.9125,-4.6E-02));
#4613 = VECTOR('',#4614,1.);
#4614 = DIRECTION('',(0.,0.,1.));
#4615 = PLANE('',#4616);
#4616 = AXIS2_PLACEMENT_3D('',#4617,#4618,#4619);
#4617 = CARTESIAN_POINT('',(146.57,-117.9125,-4.6E-02));
#4618 = DIRECTION('',(0.,-1.,0.));
#4619 = DIRECTION('',(-1.,0.,0.));
#4620 = ADVANCED_FACE('',(#4621),#4632,.F.);
#4621 = FACE_BOUND('',#4622,.T.);
#4622 = EDGE_LOOP('',(#4623,#4624,#4625,#4626));
#4623 = ORIENTED_EDGE('',*,*,#810,.T.);
#4624 = ORIENTED_EDGE('',*,*,#4610,.T.);
#4625 = ORIENTED_EDGE('',*,*,#2464,.F.);
#4626 = ORIENTED_EDGE('',*,*,#4627,.F.);
#4627 = EDGE_CURVE('',#803,#2457,#4628,.T.);
#4628 = LINE('',#4629,#4630);
#4629 = CARTESIAN_POINT('',(145.97,-118.5125,-4.6E-02));
#4630 = VECTOR('',#4631,1.);
#4631 = DIRECTION('',(0.,0.,1.));
#4632 = CYLINDRICAL_SURFACE('',#4633,0.3);
#4633 = AXIS2_PLACEMENT_3D('',#4634,#4635,#4636);
#4634 = CARTESIAN_POINT('',(145.97,-118.2125,-4.6E-02));
#4635 = DIRECTION('',(-0.,0.,-1.));
#4636 = DIRECTION('',(0.,1.,0.));
#4637 = ADVANCED_FACE('',(#4638),#4644,.T.);
#4638 = FACE_BOUND('',#4639,.T.);
#4639 = EDGE_LOOP('',(#4640,#4641,#4642,#4643));
#4640 = ORIENTED_EDGE('',*,*,#802,.T.);
#4641 = ORIENTED_EDGE('',*,*,#4627,.T.);
#4642 = ORIENTED_EDGE('',*,*,#2456,.F.);
#4643 = ORIENTED_EDGE('',*,*,#4586,.F.);
#4644 = PLANE('',#4645);
#4645 = AXIS2_PLACEMENT_3D('',#4646,#4647,#4648);
#4646 = CARTESIAN_POINT('',(145.97,-118.5125,-4.6E-02));
#4647 = DIRECTION('',(0.,1.,0.));
#4648 = DIRECTION('',(1.,0.,0.));
#4649 = ADVANCED_FACE('',(#4650),#4661,.F.);
#4650 = FACE_BOUND('',#4651,.T.);
#4651 = EDGE_LOOP('',(#4652,#4653,#4659,#4660));
#4652 = ORIENTED_EDGE('',*,*,#827,.T.);
#4653 = ORIENTED_EDGE('',*,*,#4654,.T.);
#4654 = EDGE_CURVE('',#828,#2482,#4655,.T.);
#4655 = LINE('',#4656,#4657);
#4656 = CARTESIAN_POINT('',(109.16875,-103.877,-4.6E-02));
#4657 = VECTOR('',#4658,1.);
#4658 = DIRECTION('',(0.,0.,1.));
#4659 = ORIENTED_EDGE('',*,*,#2481,.F.);
#4660 = ORIENTED_EDGE('',*,*,#4654,.F.);
#4661 = CYLINDRICAL_SURFACE('',#4662,1.5);
#4662 = AXIS2_PLACEMENT_3D('',#4663,#4664,#4665);
#4663 = CARTESIAN_POINT('',(109.16875,-102.377,-4.6E-02));
#4664 = DIRECTION('',(-0.,-0.,-1.));
#4665 = DIRECTION('',(-0.,-1.,0.));
#4666 = ADVANCED_FACE('',(#4667),#4678,.F.);
#4667 = FACE_BOUND('',#4668,.T.);
#4668 = EDGE_LOOP('',(#4669,#4670,#4676,#4677));
#4669 = ORIENTED_EDGE('',*,*,#838,.T.);
#4670 = ORIENTED_EDGE('',*,*,#4671,.T.);
#4671 = EDGE_CURVE('',#839,#2493,#4672,.T.);
#4672 = LINE('',#4673,#4674);
#4673 = CARTESIAN_POINT('',(114.16875,-106.077,-4.6E-02));
#4674 = VECTOR('',#4675,1.);
#4675 = DIRECTION('',(0.,0.,1.));
#4676 = ORIENTED_EDGE('',*,*,#2492,.F.);
#4677 = ORIENTED_EDGE('',*,*,#4671,.F.);
#4678 = CYLINDRICAL_SURFACE('',#4679,1.5);
#4679 = AXIS2_PLACEMENT_3D('',#4680,#4681,#4682);
#4680 = CARTESIAN_POINT('',(114.16875,-104.577,-4.6E-02));
#4681 = DIRECTION('',(-0.,-0.,-1.));
#4682 = DIRECTION('',(-0.,-1.,0.));
#4683 = ADVANCED_FACE('',(#4684),#4695,.F.);
#4684 = FACE_BOUND('',#4685,.T.);
#4685 = EDGE_LOOP('',(#4686,#4687,#4693,#4694));
#4686 = ORIENTED_EDGE('',*,*,#849,.T.);
#4687 = ORIENTED_EDGE('',*,*,#4688,.T.);
#4688 = EDGE_CURVE('',#850,#2504,#4689,.T.);
#4689 = LINE('',#4690,#4691);
#4690 = CARTESIAN_POINT('',(108.66875,-99.477,-4.6E-02));
#4691 = VECTOR('',#4692,1.);
#4692 = DIRECTION('',(0.,0.,1.));
#4693 = ORIENTED_EDGE('',*,*,#2503,.F.);
#4694 = ORIENTED_EDGE('',*,*,#4688,.F.);
#4695 = CYLINDRICAL_SURFACE('',#4696,0.85);
#4696 = AXIS2_PLACEMENT_3D('',#4697,#4698,#4699);
#4697 = CARTESIAN_POINT('',(108.66875,-98.627,-4.6E-02));
#4698 = DIRECTION('',(-0.,0.,-1.));
#4699 = DIRECTION('',(1.671865260612E-14,-1.,-0.));
#4700 = ADVANCED_FACE('',(#4701),#4712,.F.);
#4701 = FACE_BOUND('',#4702,.T.);
#4702 = EDGE_LOOP('',(#4703,#4704,#4710,#4711));
#4703 = ORIENTED_EDGE('',*,*,#860,.T.);
#4704 = ORIENTED_EDGE('',*,*,#4705,.T.);
#4705 = EDGE_CURVE('',#861,#2515,#4706,.T.);
#4706 = LINE('',#4707,#4708);
#4707 = CARTESIAN_POINT('',(114.16875,-100.327,-4.6E-02));
#4708 = VECTOR('',#4709,1.);
#4709 = DIRECTION('',(0.,0.,1.));
#4710 = ORIENTED_EDGE('',*,*,#2514,.F.);
#4711 = ORIENTED_EDGE('',*,*,#4705,.F.);
#4712 = CYLINDRICAL_SURFACE('',#4713,1.7);
#4713 = AXIS2_PLACEMENT_3D('',#4714,#4715,#4716);
#4714 = CARTESIAN_POINT('',(114.16875,-98.627,-4.6E-02));
#4715 = DIRECTION('',(-0.,-0.,-1.));
#4716 = DIRECTION('',(-0.,-1.,0.));
#4717 = ADVANCED_FACE('',(#4718),#4729,.F.);
#4718 = FACE_BOUND('',#4719,.T.);
#4719 = EDGE_LOOP('',(#4720,#4721,#4727,#4728));
#4720 = ORIENTED_EDGE('',*,*,#871,.T.);
#4721 = ORIENTED_EDGE('',*,*,#4722,.T.);
#4722 = EDGE_CURVE('',#872,#2526,#4723,.T.);
#4723 = LINE('',#4724,#4725);
#4724 = CARTESIAN_POINT('',(128.16875,-106.7345,-4.6E-02));
#4725 = VECTOR('',#4726,1.);
#4726 = DIRECTION('',(0.,0.,1.));
#4727 = ORIENTED_EDGE('',*,*,#2525,.F.);
#4728 = ORIENTED_EDGE('',*,*,#4722,.F.);
#4729 = CYLINDRICAL_SURFACE('',#4730,1.5);
#4730 = AXIS2_PLACEMENT_3D('',#4731,#4732,#4733);
#4731 = CARTESIAN_POINT('',(128.16875,-105.2345,-4.6E-02));
#4732 = DIRECTION('',(-0.,-0.,-1.));
#4733 = DIRECTION('',(-0.,-1.,0.));
#4734 = ADVANCED_FACE('',(#4735),#4746,.F.);
#4735 = FACE_BOUND('',#4736,.T.);
#4736 = EDGE_LOOP('',(#4737,#4738,#4744,#4745));
#4737 = ORIENTED_EDGE('',*,*,#882,.T.);
#4738 = ORIENTED_EDGE('',*,*,#4739,.T.);
#4739 = EDGE_CURVE('',#883,#2537,#4740,.T.);
#4740 = LINE('',#4741,#4742);
#4741 = CARTESIAN_POINT('',(127.66875,-102.3345,-4.6E-02));
#4742 = VECTOR('',#4743,1.);
#4743 = DIRECTION('',(0.,0.,1.));
#4744 = ORIENTED_EDGE('',*,*,#2536,.F.);
#4745 = ORIENTED_EDGE('',*,*,#4739,.F.);
#4746 = CYLINDRICAL_SURFACE('',#4747,0.85);
#4747 = AXIS2_PLACEMENT_3D('',#4748,#4749,#4750);
#4748 = CARTESIAN_POINT('',(127.66875,-101.4845,-4.6E-02));
#4749 = DIRECTION('',(-0.,-0.,-1.));
#4750 = DIRECTION('',(-0.,-1.,0.));
#4751 = ADVANCED_FACE('',(#4752),#4763,.F.);
#4752 = FACE_BOUND('',#4753,.T.);
#4753 = EDGE_LOOP('',(#4754,#4755,#4761,#4762));
#4754 = ORIENTED_EDGE('',*,*,#893,.T.);
#4755 = ORIENTED_EDGE('',*,*,#4756,.T.);
#4756 = EDGE_CURVE('',#894,#2548,#4757,.T.);
#4757 = LINE('',#4758,#4759);
#4758 = CARTESIAN_POINT('',(119.66875,-99.477,-4.6E-02));
#4759 = VECTOR('',#4760,1.);
#4760 = DIRECTION('',(0.,0.,1.));
#4761 = ORIENTED_EDGE('',*,*,#2547,.F.);
#4762 = ORIENTED_EDGE('',*,*,#4756,.F.);
#4763 = CYLINDRICAL_SURFACE('',#4764,0.85);
#4764 = AXIS2_PLACEMENT_3D('',#4765,#4766,#4767);
#4765 = CARTESIAN_POINT('',(119.66875,-98.627,-4.6E-02));
#4766 = DIRECTION('',(-0.,0.,-1.));
#4767 = DIRECTION('',(1.671865260612E-14,-1.,-0.));
#4768 = ADVANCED_FACE('',(#4769),#4780,.F.);
#4769 = FACE_BOUND('',#4770,.T.);
#4770 = EDGE_LOOP('',(#4771,#4772,#4778,#4779));
#4771 = ORIENTED_EDGE('',*,*,#904,.T.);
#4772 = ORIENTED_EDGE('',*,*,#4773,.T.);
#4773 = EDGE_CURVE('',#905,#2559,#4774,.T.);
#4774 = LINE('',#4775,#4776);
#4775 = CARTESIAN_POINT('',(142.62,-111.3275,-4.6E-02));
#4776 = VECTOR('',#4777,1.);
#4777 = DIRECTION('',(0.,0.,1.));
#4778 = ORIENTED_EDGE('',*,*,#2558,.F.);
#4779 = ORIENTED_EDGE('',*,*,#4773,.F.);
#4780 = CYLINDRICAL_SURFACE('',#4781,0.325);
#4781 = AXIS2_PLACEMENT_3D('',#4782,#4783,#4784);
#4782 = CARTESIAN_POINT('',(142.62,-111.0025,-4.6E-02));
#4783 = DIRECTION('',(-0.,-0.,-1.));
#4784 = DIRECTION('',(-0.,-1.,0.));
#4785 = ADVANCED_FACE('',(#4786),#4797,.F.);
#4786 = FACE_BOUND('',#4787,.T.);
#4787 = EDGE_LOOP('',(#4788,#4789,#4795,#4796));
#4788 = ORIENTED_EDGE('',*,*,#915,.T.);
#4789 = ORIENTED_EDGE('',*,*,#4790,.T.);
#4790 = EDGE_CURVE('',#916,#2570,#4791,.T.);
#4791 = LINE('',#4792,#4793);
#4792 = CARTESIAN_POINT('',(133.16875,-108.9345,-4.6E-02));
#4793 = VECTOR('',#4794,1.);
#4794 = DIRECTION('',(0.,0.,1.));
#4795 = ORIENTED_EDGE('',*,*,#2569,.F.);
#4796 = ORIENTED_EDGE('',*,*,#4790,.F.);
#4797 = CYLINDRICAL_SURFACE('',#4798,1.5);
#4798 = AXIS2_PLACEMENT_3D('',#4799,#4800,#4801);
#4799 = CARTESIAN_POINT('',(133.16875,-107.4345,-4.6E-02));
#4800 = DIRECTION('',(-0.,-0.,-1.));
#4801 = DIRECTION('',(-0.,-1.,0.));
#4802 = ADVANCED_FACE('',(#4803),#4819,.F.);
#4803 = FACE_BOUND('',#4804,.T.);
#4804 = EDGE_LOOP('',(#4805,#4806,#4812,#4813));
#4805 = ORIENTED_EDGE('',*,*,#926,.T.);
#4806 = ORIENTED_EDGE('',*,*,#4807,.T.);
#4807 = EDGE_CURVE('',#929,#2583,#4808,.T.);
#4808 = LINE('',#4809,#4810);
#4809 = CARTESIAN_POINT('',(142.64,-109.872501,-4.6E-02));
#4810 = VECTOR('',#4811,1.);
#4811 = DIRECTION('',(0.,0.,1.));
#4812 = ORIENTED_EDGE('',*,*,#2580,.F.);
#4813 = ORIENTED_EDGE('',*,*,#4814,.F.);
#4814 = EDGE_CURVE('',#927,#2581,#4815,.T.);
#4815 = LINE('',#4816,#4817);
#4816 = CARTESIAN_POINT('',(142.64,-109.272501,-4.6E-02));
#4817 = VECTOR('',#4818,1.);
#4818 = DIRECTION('',(0.,0.,1.));
#4819 = CYLINDRICAL_SURFACE('',#4820,0.3);
#4820 = AXIS2_PLACEMENT_3D('',#4821,#4822,#4823);
#4821 = CARTESIAN_POINT('',(142.64,-109.572501,-4.6E-02));
#4822 = DIRECTION('',(-0.,-0.,-1.));
#4823 = DIRECTION('',(-9.473903143468E-14,-1.,0.));
#4824 = ADVANCED_FACE('',(#4825),#4836,.T.);
#4825 = FACE_BOUND('',#4826,.T.);
#4826 = EDGE_LOOP('',(#4827,#4828,#4829,#4830));
#4827 = ORIENTED_EDGE('',*,*,#954,.T.);
#4828 = ORIENTED_EDGE('',*,*,#4814,.T.);
#4829 = ORIENTED_EDGE('',*,*,#2608,.F.);
#4830 = ORIENTED_EDGE('',*,*,#4831,.F.);
#4831 = EDGE_CURVE('',#946,#2600,#4832,.T.);
#4832 = LINE('',#4833,#4834);
#4833 = CARTESIAN_POINT('',(141.54,-109.272501,-4.6E-02));
#4834 = VECTOR('',#4835,1.);
#4835 = DIRECTION('',(0.,0.,1.));
#4836 = PLANE('',#4837);
#4837 = AXIS2_PLACEMENT_3D('',#4838,#4839,#4840);
#4838 = CARTESIAN_POINT('',(142.64,-109.272501,-4.6E-02));
#4839 = DIRECTION('',(0.,-1.,0.));
#4840 = DIRECTION('',(-1.,0.,0.));
#4841 = ADVANCED_FACE('',(#4842),#4853,.F.);
#4842 = FACE_BOUND('',#4843,.T.);
#4843 = EDGE_LOOP('',(#4844,#4845,#4846,#4847));
#4844 = ORIENTED_EDGE('',*,*,#945,.T.);
#4845 = ORIENTED_EDGE('',*,*,#4831,.T.);
#4846 = ORIENTED_EDGE('',*,*,#2599,.F.);
#4847 = ORIENTED_EDGE('',*,*,#4848,.F.);
#4848 = EDGE_CURVE('',#938,#2592,#4849,.T.);
#4849 = LINE('',#4850,#4851);
#4850 = CARTESIAN_POINT('',(141.54,-109.872501,-4.6E-02));
#4851 = VECTOR('',#4852,1.);
#4852 = DIRECTION('',(0.,0.,1.));
#4853 = CYLINDRICAL_SURFACE('',#4854,0.3);
#4854 = AXIS2_PLACEMENT_3D('',#4855,#4856,#4857);
#4855 = CARTESIAN_POINT('',(141.54,-109.572501,-4.6E-02));
#4856 = DIRECTION('',(-0.,0.,-1.));
#4857 = DIRECTION('',(0.,1.,0.));
#4858 = ADVANCED_FACE('',(#4859),#4865,.T.);
#4859 = FACE_BOUND('',#4860,.T.);
#4860 = EDGE_LOOP('',(#4861,#4862,#4863,#4864));
#4861 = ORIENTED_EDGE('',*,*,#937,.T.);
#4862 = ORIENTED_EDGE('',*,*,#4848,.T.);
#4863 = ORIENTED_EDGE('',*,*,#2591,.F.);
#4864 = ORIENTED_EDGE('',*,*,#4807,.F.);
#4865 = PLANE('',#4866);
#4866 = AXIS2_PLACEMENT_3D('',#4867,#4868,#4869);
#4867 = CARTESIAN_POINT('',(141.54,-109.872501,-4.6E-02));
#4868 = DIRECTION('',(0.,1.,0.));
#4869 = DIRECTION('',(1.,0.,0.));
#4870 = ADVANCED_FACE('',(#4871),#4887,.F.);
#4871 = FACE_BOUND('',#4872,.T.);
#4872 = EDGE_LOOP('',(#4873,#4874,#4880,#4881));
#4873 = ORIENTED_EDGE('',*,*,#962,.T.);
#4874 = ORIENTED_EDGE('',*,*,#4875,.T.);
#4875 = EDGE_CURVE('',#965,#2619,#4876,.T.);
#4876 = LINE('',#4877,#4878);
#4877 = CARTESIAN_POINT('',(146.57,-109.8725,-4.6E-02));
#4878 = VECTOR('',#4879,1.);
#4879 = DIRECTION('',(0.,0.,1.));
#4880 = ORIENTED_EDGE('',*,*,#2616,.F.);
#4881 = ORIENTED_EDGE('',*,*,#4882,.F.);
#4882 = EDGE_CURVE('',#963,#2617,#4883,.T.);
#4883 = LINE('',#4884,#4885);
#4884 = CARTESIAN_POINT('',(146.57,-109.2725,-4.6E-02));
#4885 = VECTOR('',#4886,1.);
#4886 = DIRECTION('',(0.,0.,1.));
#4887 = CYLINDRICAL_SURFACE('',#4888,0.3);
#4888 = AXIS2_PLACEMENT_3D('',#4889,#4890,#4891);
#4889 = CARTESIAN_POINT('',(146.57,-109.5725,-4.6E-02));
#4890 = DIRECTION('',(-0.,-0.,-1.));
#4891 = DIRECTION('',(-0.,-1.,0.));
#4892 = ADVANCED_FACE('',(#4893),#4904,.T.);
#4893 = FACE_BOUND('',#4894,.T.);
#4894 = EDGE_LOOP('',(#4895,#4896,#4897,#4898));
#4895 = ORIENTED_EDGE('',*,*,#990,.T.);
#4896 = ORIENTED_EDGE('',*,*,#4882,.T.);
#4897 = ORIENTED_EDGE('',*,*,#2644,.F.);
#4898 = ORIENTED_EDGE('',*,*,#4899,.F.);
#4899 = EDGE_CURVE('',#982,#2636,#4900,.T.);
#4900 = LINE('',#4901,#4902);
#4901 = CARTESIAN_POINT('',(145.97,-109.2725,-4.6E-02));
#4902 = VECTOR('',#4903,1.);
#4903 = DIRECTION('',(0.,0.,1.));
#4904 = PLANE('',#4905);
#4905 = AXIS2_PLACEMENT_3D('',#4906,#4907,#4908);
#4906 = CARTESIAN_POINT('',(146.57,-109.2725,-4.6E-02));
#4907 = DIRECTION('',(0.,-1.,0.));
#4908 = DIRECTION('',(-1.,0.,0.));
#4909 = ADVANCED_FACE('',(#4910),#4921,.F.);
#4910 = FACE_BOUND('',#4911,.T.);
#4911 = EDGE_LOOP('',(#4912,#4913,#4914,#4915));
#4912 = ORIENTED_EDGE('',*,*,#981,.T.);
#4913 = ORIENTED_EDGE('',*,*,#4899,.T.);
#4914 = ORIENTED_EDGE('',*,*,#2635,.F.);
#4915 = ORIENTED_EDGE('',*,*,#4916,.F.);
#4916 = EDGE_CURVE('',#974,#2628,#4917,.T.);
#4917 = LINE('',#4918,#4919);
#4918 = CARTESIAN_POINT('',(145.97,-109.8725,-4.6E-02));
#4919 = VECTOR('',#4920,1.);
#4920 = DIRECTION('',(0.,0.,1.));
#4921 = CYLINDRICAL_SURFACE('',#4922,0.3);
#4922 = AXIS2_PLACEMENT_3D('',#4923,#4924,#4925);
#4923 = CARTESIAN_POINT('',(145.97,-109.5725,-4.6E-02));
#4924 = DIRECTION('',(-0.,0.,-1.));
#4925 = DIRECTION('',(0.,1.,0.));
#4926 = ADVANCED_FACE('',(#4927),#4933,.T.);
#4927 = FACE_BOUND('',#4928,.T.);
#4928 = EDGE_LOOP('',(#4929,#4930,#4931,#4932));
#4929 = ORIENTED_EDGE('',*,*,#973,.T.);
#4930 = ORIENTED_EDGE('',*,*,#4916,.T.);
#4931 = ORIENTED_EDGE('',*,*,#2627,.F.);
#4932 = ORIENTED_EDGE('',*,*,#4875,.F.);
#4933 = PLANE('',#4934);
#4934 = AXIS2_PLACEMENT_3D('',#4935,#4936,#4937);
#4935 = CARTESIAN_POINT('',(145.97,-109.8725,-4.6E-02));
#4936 = DIRECTION('',(0.,1.,0.));
#4937 = DIRECTION('',(1.,0.,0.));
#4938 = ADVANCED_FACE('',(#4939),#4950,.F.);
#4939 = FACE_BOUND('',#4940,.T.);
#4940 = EDGE_LOOP('',(#4941,#4942,#4948,#4949));
#4941 = ORIENTED_EDGE('',*,*,#998,.T.);
#4942 = ORIENTED_EDGE('',*,*,#4943,.T.);
#4943 = EDGE_CURVE('',#999,#2653,#4944,.T.);
#4944 = LINE('',#4945,#4946);
#4945 = CARTESIAN_POINT('',(133.16875,-103.1845,-4.6E-02));
#4946 = VECTOR('',#4947,1.);
#4947 = DIRECTION('',(0.,0.,1.));
#4948 = ORIENTED_EDGE('',*,*,#2652,.F.);
#4949 = ORIENTED_EDGE('',*,*,#4943,.F.);
#4950 = CYLINDRICAL_SURFACE('',#4951,1.7);
#4951 = AXIS2_PLACEMENT_3D('',#4952,#4953,#4954);
#4952 = CARTESIAN_POINT('',(133.16875,-101.4845,-4.6E-02));
#4953 = DIRECTION('',(-0.,-0.,-1.));
#4954 = DIRECTION('',(-0.,-1.,0.));
#4955 = ADVANCED_FACE('',(#4956),#4967,.F.);
#4956 = FACE_BOUND('',#4957,.T.);
#4957 = EDGE_LOOP('',(#4958,#4959,#4965,#4966));
#4958 = ORIENTED_EDGE('',*,*,#1009,.T.);
#4959 = ORIENTED_EDGE('',*,*,#4960,.T.);
#4960 = EDGE_CURVE('',#1010,#2664,#4961,.T.);
#4961 = LINE('',#4962,#4963);
#4962 = CARTESIAN_POINT('',(138.66875,-102.3345,-4.6E-02));
#4963 = VECTOR('',#4964,1.);
#4964 = DIRECTION('',(0.,0.,1.));
#4965 = ORIENTED_EDGE('',*,*,#2663,.F.);
#4966 = ORIENTED_EDGE('',*,*,#4960,.F.);
#4967 = CYLINDRICAL_SURFACE('',#4968,0.85);
#4968 = AXIS2_PLACEMENT_3D('',#4969,#4970,#4971);
#4969 = CARTESIAN_POINT('',(138.66875,-101.4845,-4.6E-02));
#4970 = DIRECTION('',(-0.,-0.,-1.));
#4971 = DIRECTION('',(-0.,-1.,0.));
#4972 = ADVANCED_FACE('',(#4973),#4984,.F.);
#4973 = FACE_BOUND('',#4974,.T.);
#4974 = EDGE_LOOP('',(#4975,#4976,#4982,#4983));
#4975 = ORIENTED_EDGE('',*,*,#1020,.T.);
#4976 = ORIENTED_EDGE('',*,*,#4977,.T.);
#4977 = EDGE_CURVE('',#1021,#2675,#4978,.T.);
#4978 = LINE('',#4979,#4980);
#4979 = CARTESIAN_POINT('',(51.66875,-93.,-4.6E-02));
#4980 = VECTOR('',#4981,1.);
#4981 = DIRECTION('',(0.,0.,1.));
#4982 = ORIENTED_EDGE('',*,*,#2674,.F.);
#4983 = ORIENTED_EDGE('',*,*,#4977,.F.);
#4984 = CYLINDRICAL_SURFACE('',#4985,0.85);
#4985 = AXIS2_PLACEMENT_3D('',#4986,#4987,#4988);
#4986 = CARTESIAN_POINT('',(51.66875,-92.15,-4.6E-02));
#4987 = DIRECTION('',(-0.,-0.,-1.));
#4988 = DIRECTION('',(-0.,-1.,0.));
#4989 = ADVANCED_FACE('',(#4990),#5001,.F.);
#4990 = FACE_BOUND('',#4991,.T.);
#4991 = EDGE_LOOP('',(#4992,#4993,#4999,#5000));
#4992 = ORIENTED_EDGE('',*,*,#1031,.T.);
#4993 = ORIENTED_EDGE('',*,*,#4994,.T.);
#4994 = EDGE_CURVE('',#1032,#2686,#4995,.T.);
#4995 = LINE('',#4996,#4997);
#4996 = CARTESIAN_POINT('',(57.16875,-93.85,-4.6E-02));
#4997 = VECTOR('',#4998,1.);
#4998 = DIRECTION('',(0.,0.,1.));
#4999 = ORIENTED_EDGE('',*,*,#2685,.F.);
#5000 = ORIENTED_EDGE('',*,*,#4994,.F.);
#5001 = CYLINDRICAL_SURFACE('',#5002,1.7);
#5002 = AXIS2_PLACEMENT_3D('',#5003,#5004,#5005);
#5003 = CARTESIAN_POINT('',(57.16875,-92.15,-4.6E-02));
#5004 = DIRECTION('',(-0.,-0.,-1.));
#5005 = DIRECTION('',(-0.,-1.,0.));
#5006 = ADVANCED_FACE('',(#5007),#5018,.F.);
#5007 = FACE_BOUND('',#5008,.T.);
#5008 = EDGE_LOOP('',(#5009,#5010,#5016,#5017));
#5009 = ORIENTED_EDGE('',*,*,#1042,.T.);
#5010 = ORIENTED_EDGE('',*,*,#5011,.T.);
#5011 = EDGE_CURVE('',#1043,#2697,#5012,.T.);
#5012 = LINE('',#5013,#5014);
#5013 = CARTESIAN_POINT('',(62.66875,-93.,-4.6E-02));
#5014 = VECTOR('',#5015,1.);
#5015 = DIRECTION('',(0.,0.,1.));
#5016 = ORIENTED_EDGE('',*,*,#2696,.F.);
#5017 = ORIENTED_EDGE('',*,*,#5011,.F.);
#5018 = CYLINDRICAL_SURFACE('',#5019,0.85);
#5019 = AXIS2_PLACEMENT_3D('',#5020,#5021,#5022);
#5020 = CARTESIAN_POINT('',(62.66875,-92.15,-4.6E-02));
#5021 = DIRECTION('',(-0.,-0.,-1.));
#5022 = DIRECTION('',(-0.,-1.,0.));
#5023 = ADVANCED_FACE('',(#5024),#5035,.F.);
#5024 = FACE_BOUND('',#5025,.T.);
#5025 = EDGE_LOOP('',(#5026,#5032,#5033,#5034));
#5026 = ORIENTED_EDGE('',*,*,#5027,.T.);
#5027 = EDGE_CURVE('',#1054,#2708,#5028,.T.);
#5028 = LINE('',#5029,#5030);
#5029 = CARTESIAN_POINT('',(69.2,-89.1,0.));
#5030 = VECTOR('',#5031,1.);
#5031 = DIRECTION('',(0.,0.,1.));
#5032 = ORIENTED_EDGE('',*,*,#2707,.T.);
#5033 = ORIENTED_EDGE('',*,*,#5027,.F.);
#5034 = ORIENTED_EDGE('',*,*,#1053,.F.);
#5035 = CYLINDRICAL_SURFACE('',#5036,2.);
#5036 = AXIS2_PLACEMENT_3D('',#5037,#5038,#5039);
#5037 = CARTESIAN_POINT('',(67.2,-89.1,0.));
#5038 = DIRECTION('',(-0.,-0.,-1.));
#5039 = DIRECTION('',(1.,0.,-0.));
#5040 = ADVANCED_FACE('',(#5041),#5052,.F.);
#5041 = FACE_BOUND('',#5042,.T.);
#5042 = EDGE_LOOP('',(#5043,#5044,#5050,#5051));
#5043 = ORIENTED_EDGE('',*,*,#1064,.T.);
#5044 = ORIENTED_EDGE('',*,*,#5045,.T.);
#5045 = EDGE_CURVE('',#1065,#2719,#5046,.T.);
#5046 = LINE('',#5047,#5048);
#5047 = CARTESIAN_POINT('',(76.16875,-87.027,-4.6E-02));
#5048 = VECTOR('',#5049,1.);
#5049 = DIRECTION('',(0.,0.,1.));
#5050 = ORIENTED_EDGE('',*,*,#2718,.F.);
#5051 = ORIENTED_EDGE('',*,*,#5045,.F.);
#5052 = CYLINDRICAL_SURFACE('',#5053,1.5);
#5053 = AXIS2_PLACEMENT_3D('',#5054,#5055,#5056);
#5054 = CARTESIAN_POINT('',(76.16875,-85.527,-4.6E-02));
#5055 = DIRECTION('',(-0.,-0.,-1.));
#5056 = DIRECTION('',(-0.,-1.,0.));
#5057 = ADVANCED_FACE('',(#5058),#5069,.F.);
#5058 = FACE_BOUND('',#5059,.T.);
#5059 = EDGE_LOOP('',(#5060,#5061,#5067,#5068));
#5060 = ORIENTED_EDGE('',*,*,#1075,.T.);
#5061 = ORIENTED_EDGE('',*,*,#5062,.T.);
#5062 = EDGE_CURVE('',#1076,#2730,#5063,.T.);
#5063 = LINE('',#5064,#5065);
#5064 = CARTESIAN_POINT('',(57.16875,-80.55,-4.6E-02));
#5065 = VECTOR('',#5066,1.);
#5066 = DIRECTION('',(0.,0.,1.));
#5067 = ORIENTED_EDGE('',*,*,#2729,.F.);
#5068 = ORIENTED_EDGE('',*,*,#5062,.F.);
#5069 = CYLINDRICAL_SURFACE('',#5070,1.5);
#5070 = AXIS2_PLACEMENT_3D('',#5071,#5072,#5073);
#5071 = CARTESIAN_POINT('',(57.16875,-79.05,-4.6E-02));
#5072 = DIRECTION('',(-0.,-0.,-1.));
#5073 = DIRECTION('',(-0.,-1.,0.));
#5074 = ADVANCED_FACE('',(#5075),#5086,.F.);
#5075 = FACE_BOUND('',#5076,.T.);
#5076 = EDGE_LOOP('',(#5077,#5078,#5084,#5085));
#5077 = ORIENTED_EDGE('',*,*,#1086,.T.);
#5078 = ORIENTED_EDGE('',*,*,#5079,.T.);
#5079 = EDGE_CURVE('',#1087,#2741,#5080,.T.);
#5080 = LINE('',#5081,#5082);
#5081 = CARTESIAN_POINT('',(52.16875,-78.35,-4.6E-02));
#5082 = VECTOR('',#5083,1.);
#5083 = DIRECTION('',(0.,0.,1.));
#5084 = ORIENTED_EDGE('',*,*,#2740,.F.);
#5085 = ORIENTED_EDGE('',*,*,#5079,.F.);
#5086 = CYLINDRICAL_SURFACE('',#5087,1.5);
#5087 = AXIS2_PLACEMENT_3D('',#5088,#5089,#5090);
#5088 = CARTESIAN_POINT('',(52.16875,-76.85,-4.6E-02));
#5089 = DIRECTION('',(-0.,-0.,-1.));
#5090 = DIRECTION('',(-0.,-1.,0.));
#5091 = ADVANCED_FACE('',(#5092),#5103,.F.);
#5092 = FACE_BOUND('',#5093,.T.);
#5093 = EDGE_LOOP('',(#5094,#5095,#5101,#5102));
#5094 = ORIENTED_EDGE('',*,*,#1097,.T.);
#5095 = ORIENTED_EDGE('',*,*,#5096,.T.);
#5096 = EDGE_CURVE('',#1098,#2752,#5097,.T.);
#5097 = LINE('',#5098,#5099);
#5098 = CARTESIAN_POINT('',(71.16875,-84.827,-4.6E-02));
#5099 = VECTOR('',#5100,1.);
#5100 = DIRECTION('',(0.,0.,1.));
#5101 = ORIENTED_EDGE('',*,*,#2751,.F.);
#5102 = ORIENTED_EDGE('',*,*,#5096,.F.);
#5103 = CYLINDRICAL_SURFACE('',#5104,1.5);
#5104 = AXIS2_PLACEMENT_3D('',#5105,#5106,#5107);
#5105 = CARTESIAN_POINT('',(71.16875,-83.327,-4.6E-02));
#5106 = DIRECTION('',(-0.,-0.,-1.));
#5107 = DIRECTION('',(-0.,-1.,0.));
#5108 = ADVANCED_FACE('',(#5109),#5120,.F.);
#5109 = FACE_BOUND('',#5110,.T.);
#5110 = EDGE_LOOP('',(#5111,#5112,#5118,#5119));
#5111 = ORIENTED_EDGE('',*,*,#1108,.T.);
#5112 = ORIENTED_EDGE('',*,*,#5113,.T.);
#5113 = EDGE_CURVE('',#1109,#2763,#5114,.T.);
#5114 = LINE('',#5115,#5116);
#5115 = CARTESIAN_POINT('',(70.66875,-80.427,-4.6E-02));
#5116 = VECTOR('',#5117,1.);
#5117 = DIRECTION('',(0.,0.,1.));
#5118 = ORIENTED_EDGE('',*,*,#2762,.F.);
#5119 = ORIENTED_EDGE('',*,*,#5113,.F.);
#5120 = CYLINDRICAL_SURFACE('',#5121,0.85);
#5121 = AXIS2_PLACEMENT_3D('',#5122,#5123,#5124);
#5122 = CARTESIAN_POINT('',(70.66875,-79.577,-4.6E-02));
#5123 = DIRECTION('',(-0.,0.,-1.));
#5124 = DIRECTION('',(1.671865260612E-14,-1.,-0.));
#5125 = ADVANCED_FACE('',(#5126),#5137,.F.);
#5126 = FACE_BOUND('',#5127,.T.);
#5127 = EDGE_LOOP('',(#5128,#5129,#5135,#5136));
#5128 = ORIENTED_EDGE('',*,*,#1119,.T.);
#5129 = ORIENTED_EDGE('',*,*,#5130,.T.);
#5130 = EDGE_CURVE('',#1120,#2774,#5131,.T.);
#5131 = LINE('',#5132,#5133);
#5132 = CARTESIAN_POINT('',(76.16875,-81.277,-4.6E-02));
#5133 = VECTOR('',#5134,1.);
#5134 = DIRECTION('',(0.,0.,1.));
#5135 = ORIENTED_EDGE('',*,*,#2773,.F.);
#5136 = ORIENTED_EDGE('',*,*,#5130,.F.);
#5137 = CYLINDRICAL_SURFACE('',#5138,1.7);
#5138 = AXIS2_PLACEMENT_3D('',#5139,#5140,#5141);
#5139 = CARTESIAN_POINT('',(76.16875,-79.577,-4.6E-02));
#5140 = DIRECTION('',(-0.,-0.,-1.));
#5141 = DIRECTION('',(-0.,-1.,0.));
#5142 = ADVANCED_FACE('',(#5143),#5154,.F.);
#5143 = FACE_BOUND('',#5144,.T.);
#5144 = EDGE_LOOP('',(#5145,#5146,#5152,#5153));
#5145 = ORIENTED_EDGE('',*,*,#1130,.T.);
#5146 = ORIENTED_EDGE('',*,*,#5147,.T.);
#5147 = EDGE_CURVE('',#1131,#2785,#5148,.T.);
#5148 = LINE('',#5149,#5150);
#5149 = CARTESIAN_POINT('',(89.66875,-94.7145,-4.6E-02));
#5150 = VECTOR('',#5151,1.);
#5151 = DIRECTION('',(0.,0.,1.));
#5152 = ORIENTED_EDGE('',*,*,#2784,.F.);
#5153 = ORIENTED_EDGE('',*,*,#5147,.F.);
#5154 = CYLINDRICAL_SURFACE('',#5155,0.85);
#5155 = AXIS2_PLACEMENT_3D('',#5156,#5157,#5158);
#5156 = CARTESIAN_POINT('',(89.66875,-93.8645,-4.6E-02));
#5157 = DIRECTION('',(-0.,0.,-1.));
#5158 = DIRECTION('',(1.671865260612E-14,-1.,-0.));
#5159 = ADVANCED_FACE('',(#5160),#5171,.F.);
#5160 = FACE_BOUND('',#5161,.T.);
#5161 = EDGE_LOOP('',(#5162,#5163,#5169,#5170));
#5162 = ORIENTED_EDGE('',*,*,#1141,.T.);
#5163 = ORIENTED_EDGE('',*,*,#5164,.T.);
#5164 = EDGE_CURVE('',#1142,#2796,#5165,.T.);
#5165 = LINE('',#5166,#5167);
#5166 = CARTESIAN_POINT('',(95.16875,-95.5645,-4.6E-02));
#5167 = VECTOR('',#5168,1.);
#5168 = DIRECTION('',(0.,0.,1.));
#5169 = ORIENTED_EDGE('',*,*,#2795,.F.);
#5170 = ORIENTED_EDGE('',*,*,#5164,.F.);
#5171 = CYLINDRICAL_SURFACE('',#5172,1.7);
#5172 = AXIS2_PLACEMENT_3D('',#5173,#5174,#5175);
#5173 = CARTESIAN_POINT('',(95.16875,-93.8645,-4.6E-02));
#5174 = DIRECTION('',(-0.,-0.,-1.));
#5175 = DIRECTION('',(-0.,-1.,0.));
#5176 = ADVANCED_FACE('',(#5177),#5188,.F.);
#5177 = FACE_BOUND('',#5178,.T.);
#5178 = EDGE_LOOP('',(#5179,#5180,#5186,#5187));
#5179 = ORIENTED_EDGE('',*,*,#1152,.T.);
#5180 = ORIENTED_EDGE('',*,*,#5181,.T.);
#5181 = EDGE_CURVE('',#1153,#2807,#5182,.T.);
#5182 = LINE('',#5183,#5184);
#5183 = CARTESIAN_POINT('',(100.66875,-94.7145,-4.6E-02));
#5184 = VECTOR('',#5185,1.);
#5185 = DIRECTION('',(0.,0.,1.));
#5186 = ORIENTED_EDGE('',*,*,#2806,.F.);
#5187 = ORIENTED_EDGE('',*,*,#5181,.F.);
#5188 = CYLINDRICAL_SURFACE('',#5189,0.85);
#5189 = AXIS2_PLACEMENT_3D('',#5190,#5191,#5192);
#5190 = CARTESIAN_POINT('',(100.66875,-93.8645,-4.6E-02));
#5191 = DIRECTION('',(-0.,0.,-1.));
#5192 = DIRECTION('',(1.671865260612E-14,-1.,-0.));
#5193 = ADVANCED_FACE('',(#5194),#5205,.F.);
#5194 = FACE_BOUND('',#5195,.T.);
#5195 = EDGE_LOOP('',(#5196,#5197,#5203,#5204));
#5196 = ORIENTED_EDGE('',*,*,#1163,.T.);
#5197 = ORIENTED_EDGE('',*,*,#5198,.T.);
#5198 = EDGE_CURVE('',#1164,#2818,#5199,.T.);
#5199 = LINE('',#5200,#5201);
#5200 = CARTESIAN_POINT('',(81.66875,-80.427,-4.6E-02));
#5201 = VECTOR('',#5202,1.);
#5202 = DIRECTION('',(0.,0.,1.));
#5203 = ORIENTED_EDGE('',*,*,#2817,.F.);
#5204 = ORIENTED_EDGE('',*,*,#5198,.F.);
#5205 = CYLINDRICAL_SURFACE('',#5206,0.85);
#5206 = AXIS2_PLACEMENT_3D('',#5207,#5208,#5209);
#5207 = CARTESIAN_POINT('',(81.66875,-79.577,-4.6E-02));
#5208 = DIRECTION('',(-0.,0.,-1.));
#5209 = DIRECTION('',(1.671865260612E-14,-1.,-0.));
#5210 = ADVANCED_FACE('',(#5211),#5222,.F.);
#5211 = FACE_BOUND('',#5212,.T.);
#5212 = EDGE_LOOP('',(#5213,#5214,#5220,#5221));
#5213 = ORIENTED_EDGE('',*,*,#1174,.T.);
#5214 = ORIENTED_EDGE('',*,*,#5215,.T.);
#5215 = EDGE_CURVE('',#1175,#2829,#5216,.T.);
#5216 = LINE('',#5217,#5218);
#5217 = CARTESIAN_POINT('',(89.66875,-75.6645,-4.6E-02));
#5218 = VECTOR('',#5219,1.);
#5219 = DIRECTION('',(0.,0.,1.));
#5220 = ORIENTED_EDGE('',*,*,#2828,.F.);
#5221 = ORIENTED_EDGE('',*,*,#5215,.F.);
#5222 = CYLINDRICAL_SURFACE('',#5223,0.85);
#5223 = AXIS2_PLACEMENT_3D('',#5224,#5225,#5226);
#5224 = CARTESIAN_POINT('',(89.66875,-74.8145,-4.6E-02));
#5225 = DIRECTION('',(-0.,0.,-1.));
#5226 = DIRECTION('',(1.671865260612E-14,-1.,-0.));
#5227 = ADVANCED_FACE('',(#5228),#5239,.F.);
#5228 = FACE_BOUND('',#5229,.T.);
#5229 = EDGE_LOOP('',(#5230,#5231,#5237,#5238));
#5230 = ORIENTED_EDGE('',*,*,#1185,.T.);
#5231 = ORIENTED_EDGE('',*,*,#5232,.T.);
#5232 = EDGE_CURVE('',#1186,#2840,#5233,.T.);
#5233 = LINE('',#5234,#5235);
#5234 = CARTESIAN_POINT('',(95.16875,-82.2645,-4.6E-02));
#5235 = VECTOR('',#5236,1.);
#5236 = DIRECTION('',(0.,0.,1.));
#5237 = ORIENTED_EDGE('',*,*,#2839,.F.);
#5238 = ORIENTED_EDGE('',*,*,#5232,.F.);
#5239 = CYLINDRICAL_SURFACE('',#5240,1.5);
#5240 = AXIS2_PLACEMENT_3D('',#5241,#5242,#5243);
#5241 = CARTESIAN_POINT('',(95.16875,-80.7645,-4.6E-02));
#5242 = DIRECTION('',(-0.,-0.,-1.));
#5243 = DIRECTION('',(-0.,-1.,0.));
#5244 = ADVANCED_FACE('',(#5245),#5256,.F.);
#5245 = FACE_BOUND('',#5246,.T.);
#5246 = EDGE_LOOP('',(#5247,#5248,#5254,#5255));
#5247 = ORIENTED_EDGE('',*,*,#1196,.T.);
#5248 = ORIENTED_EDGE('',*,*,#5249,.T.);
#5249 = EDGE_CURVE('',#1197,#2851,#5250,.T.);
#5250 = LINE('',#5251,#5252);
#5251 = CARTESIAN_POINT('',(90.16875,-80.0645,-4.6E-02));
#5252 = VECTOR('',#5253,1.);
#5253 = DIRECTION('',(0.,0.,1.));
#5254 = ORIENTED_EDGE('',*,*,#2850,.F.);
#5255 = ORIENTED_EDGE('',*,*,#5249,.F.);
#5256 = CYLINDRICAL_SURFACE('',#5257,1.5);
#5257 = AXIS2_PLACEMENT_3D('',#5258,#5259,#5260);
#5258 = CARTESIAN_POINT('',(90.16875,-78.5645,-4.6E-02));
#5259 = DIRECTION('',(-0.,-0.,-1.));
#5260 = DIRECTION('',(-0.,-1.,0.));
#5261 = ADVANCED_FACE('',(#5262),#5273,.F.);
#5262 = FACE_BOUND('',#5263,.T.);
#5263 = EDGE_LOOP('',(#5264,#5265,#5271,#5272));
#5264 = ORIENTED_EDGE('',*,*,#1207,.T.);
#5265 = ORIENTED_EDGE('',*,*,#5266,.T.);
#5266 = EDGE_CURVE('',#1208,#2862,#5267,.T.);
#5267 = LINE('',#5268,#5269);
#5268 = CARTESIAN_POINT('',(95.16875,-76.5145,-4.6E-02));
#5269 = VECTOR('',#5270,1.);
#5270 = DIRECTION('',(0.,0.,1.));
#5271 = ORIENTED_EDGE('',*,*,#2861,.F.);
#5272 = ORIENTED_EDGE('',*,*,#5266,.F.);
#5273 = CYLINDRICAL_SURFACE('',#5274,1.7);
#5274 = AXIS2_PLACEMENT_3D('',#5275,#5276,#5277);
#5275 = CARTESIAN_POINT('',(95.16875,-74.8145,-4.6E-02));
#5276 = DIRECTION('',(-0.,-0.,-1.));
#5277 = DIRECTION('',(-0.,-1.,0.));
#5278 = ADVANCED_FACE('',(#5279),#5290,.F.);
#5279 = FACE_BOUND('',#5280,.T.);
#5280 = EDGE_LOOP('',(#5281,#5282,#5288,#5289));
#5281 = ORIENTED_EDGE('',*,*,#1218,.T.);
#5282 = ORIENTED_EDGE('',*,*,#5283,.T.);
#5283 = EDGE_CURVE('',#1219,#2873,#5284,.T.);
#5284 = LINE('',#5285,#5286);
#5285 = CARTESIAN_POINT('',(100.66875,-75.6645,-4.6E-02));
#5286 = VECTOR('',#5287,1.);
#5287 = DIRECTION('',(0.,0.,1.));
#5288 = ORIENTED_EDGE('',*,*,#2872,.F.);
#5289 = ORIENTED_EDGE('',*,*,#5283,.F.);
#5290 = CYLINDRICAL_SURFACE('',#5291,0.85);
#5291 = AXIS2_PLACEMENT_3D('',#5292,#5293,#5294);
#5292 = CARTESIAN_POINT('',(100.66875,-74.8145,-4.6E-02));
#5293 = DIRECTION('',(-0.,0.,-1.));
#5294 = DIRECTION('',(1.671865260612E-14,-1.,-0.));
#5295 = ADVANCED_FACE('',(#5296),#5307,.F.);
#5296 = FACE_BOUND('',#5297,.T.);
#5297 = EDGE_LOOP('',(#5298,#5299,#5305,#5306));
#5298 = ORIENTED_EDGE('',*,*,#1229,.T.);
#5299 = ORIENTED_EDGE('',*,*,#5300,.T.);
#5300 = EDGE_CURVE('',#1230,#2884,#5301,.T.);
#5301 = LINE('',#5302,#5303);
#5302 = CARTESIAN_POINT('',(51.66875,-73.95,-4.6E-02));
#5303 = VECTOR('',#5304,1.);
#5304 = DIRECTION('',(0.,0.,1.));
#5305 = ORIENTED_EDGE('',*,*,#2883,.F.);
#5306 = ORIENTED_EDGE('',*,*,#5300,.F.);
#5307 = CYLINDRICAL_SURFACE('',#5308,0.85);
#5308 = AXIS2_PLACEMENT_3D('',#5309,#5310,#5311);
#5309 = CARTESIAN_POINT('',(51.66875,-73.1,-4.6E-02));
#5310 = DIRECTION('',(-0.,-0.,-1.));
#5311 = DIRECTION('',(-0.,-1.,0.));
#5312 = ADVANCED_FACE('',(#5313),#5324,.F.);
#5313 = FACE_BOUND('',#5314,.T.);
#5314 = EDGE_LOOP('',(#5315,#5316,#5322,#5323));
#5315 = ORIENTED_EDGE('',*,*,#1240,.T.);
#5316 = ORIENTED_EDGE('',*,*,#5317,.T.);
#5317 = EDGE_CURVE('',#1241,#2895,#5318,.T.);
#5318 = LINE('',#5319,#5320);
#5319 = CARTESIAN_POINT('',(57.16875,-74.8,-4.6E-02));
#5320 = VECTOR('',#5321,1.);
#5321 = DIRECTION('',(0.,0.,1.));
#5322 = ORIENTED_EDGE('',*,*,#2894,.F.);
#5323 = ORIENTED_EDGE('',*,*,#5317,.F.);
#5324 = CYLINDRICAL_SURFACE('',#5325,1.7);
#5325 = AXIS2_PLACEMENT_3D('',#5326,#5327,#5328);
#5326 = CARTESIAN_POINT('',(57.16875,-73.1,-4.6E-02));
#5327 = DIRECTION('',(-0.,-0.,-1.));
#5328 = DIRECTION('',(-0.,-1.,0.));
#5329 = ADVANCED_FACE('',(#5330),#5341,.F.);
#5330 = FACE_BOUND('',#5331,.T.);
#5331 = EDGE_LOOP('',(#5332,#5333,#5339,#5340));
#5332 = ORIENTED_EDGE('',*,*,#1251,.T.);
#5333 = ORIENTED_EDGE('',*,*,#5334,.T.);
#5334 = EDGE_CURVE('',#1252,#2906,#5335,.T.);
#5335 = LINE('',#5336,#5337);
#5336 = CARTESIAN_POINT('',(62.66875,-73.95,-4.6E-02));
#5337 = VECTOR('',#5338,1.);
#5338 = DIRECTION('',(0.,0.,1.));
#5339 = ORIENTED_EDGE('',*,*,#2905,.F.);
#5340 = ORIENTED_EDGE('',*,*,#5334,.F.);
#5341 = CYLINDRICAL_SURFACE('',#5342,0.85);
#5342 = AXIS2_PLACEMENT_3D('',#5343,#5344,#5345);
#5343 = CARTESIAN_POINT('',(62.66875,-73.1,-4.6E-02));
#5344 = DIRECTION('',(-0.,-0.,-1.));
#5345 = DIRECTION('',(-0.,-1.,0.));
#5346 = ADVANCED_FACE('',(#5347),#5358,.F.);
#5347 = FACE_BOUND('',#5348,.T.);
#5348 = EDGE_LOOP('',(#5349,#5350,#5356,#5357));
#5349 = ORIENTED_EDGE('',*,*,#1262,.T.);
#5350 = ORIENTED_EDGE('',*,*,#5351,.T.);
#5351 = EDGE_CURVE('',#1263,#2917,#5352,.T.);
#5352 = LINE('',#5353,#5354);
#5353 = CARTESIAN_POINT('',(76.16875,-67.977,-4.6E-02));
#5354 = VECTOR('',#5355,1.);
#5355 = DIRECTION('',(0.,0.,1.));
#5356 = ORIENTED_EDGE('',*,*,#2916,.F.);
#5357 = ORIENTED_EDGE('',*,*,#5351,.F.);
#5358 = CYLINDRICAL_SURFACE('',#5359,1.5);
#5359 = AXIS2_PLACEMENT_3D('',#5360,#5361,#5362);
#5360 = CARTESIAN_POINT('',(76.16875,-66.477,-4.6E-02));
#5361 = DIRECTION('',(-0.,-0.,-1.));
#5362 = DIRECTION('',(-0.,-1.,0.));
#5363 = ADVANCED_FACE('',(#5364),#5380,.F.);
#5364 = FACE_BOUND('',#5365,.T.);
#5365 = EDGE_LOOP('',(#5366,#5367,#5373,#5374));
#5366 = ORIENTED_EDGE('',*,*,#1273,.T.);
#5367 = ORIENTED_EDGE('',*,*,#5368,.T.);
#5368 = EDGE_CURVE('',#1276,#2930,#5369,.T.);
#5369 = LINE('',#5370,#5371);
#5370 = CARTESIAN_POINT('',(56.259998,-62.66,-4.6E-02));
#5371 = VECTOR('',#5372,1.);
#5372 = DIRECTION('',(0.,0.,1.));
#5373 = ORIENTED_EDGE('',*,*,#2927,.F.);
#5374 = ORIENTED_EDGE('',*,*,#5375,.F.);
#5375 = EDGE_CURVE('',#1274,#2928,#5376,.T.);
#5376 = LINE('',#5377,#5378);
#5377 = CARTESIAN_POINT('',(55.659998,-62.66,-4.6E-02));
#5378 = VECTOR('',#5379,1.);
#5379 = DIRECTION('',(0.,0.,1.));
#5380 = CYLINDRICAL_SURFACE('',#5381,0.3);
#5381 = AXIS2_PLACEMENT_3D('',#5382,#5383,#5384);
#5382 = CARTESIAN_POINT('',(55.959998,-62.66,-4.6E-02));
#5383 = DIRECTION('',(-0.,-0.,-1.));
#5384 = DIRECTION('',(1.,2.368475785867E-14,-0.));
#5385 = ADVANCED_FACE('',(#5386),#5397,.T.);
#5386 = FACE_BOUND('',#5387,.T.);
#5387 = EDGE_LOOP('',(#5388,#5389,#5390,#5391));
#5388 = ORIENTED_EDGE('',*,*,#1301,.T.);
#5389 = ORIENTED_EDGE('',*,*,#5375,.T.);
#5390 = ORIENTED_EDGE('',*,*,#2955,.F.);
#5391 = ORIENTED_EDGE('',*,*,#5392,.F.);
#5392 = EDGE_CURVE('',#1293,#2947,#5393,.T.);
#5393 = LINE('',#5394,#5395);
#5394 = CARTESIAN_POINT('',(55.659998,-63.76,-4.6E-02));
#5395 = VECTOR('',#5396,1.);
#5396 = DIRECTION('',(0.,0.,1.));
#5397 = PLANE('',#5398);
#5398 = AXIS2_PLACEMENT_3D('',#5399,#5400,#5401);
#5399 = CARTESIAN_POINT('',(55.659998,-62.66,-4.6E-02));
#5400 = DIRECTION('',(1.,0.,-0.));
#5401 = DIRECTION('',(0.,-1.,0.));
#5402 = ADVANCED_FACE('',(#5403),#5414,.F.);
#5403 = FACE_BOUND('',#5404,.T.);
#5404 = EDGE_LOOP('',(#5405,#5406,#5407,#5408));
#5405 = ORIENTED_EDGE('',*,*,#1292,.T.);
#5406 = ORIENTED_EDGE('',*,*,#5392,.T.);
#5407 = ORIENTED_EDGE('',*,*,#2946,.F.);
#5408 = ORIENTED_EDGE('',*,*,#5409,.F.);
#5409 = EDGE_CURVE('',#1285,#2939,#5410,.T.);
#5410 = LINE('',#5411,#5412);
#5411 = CARTESIAN_POINT('',(56.259998,-63.76,-4.6E-02));
#5412 = VECTOR('',#5413,1.);
#5413 = DIRECTION('',(0.,0.,1.));
#5414 = CYLINDRICAL_SURFACE('',#5415,0.3);
#5415 = AXIS2_PLACEMENT_3D('',#5416,#5417,#5418);
#5416 = CARTESIAN_POINT('',(55.959998,-63.76,-4.6E-02));
#5417 = DIRECTION('',(-0.,-0.,-1.));
#5418 = DIRECTION('',(-1.,0.,-0.));
#5419 = ADVANCED_FACE('',(#5420),#5426,.T.);
#5420 = FACE_BOUND('',#5421,.T.);
#5421 = EDGE_LOOP('',(#5422,#5423,#5424,#5425));
#5422 = ORIENTED_EDGE('',*,*,#1284,.T.);
#5423 = ORIENTED_EDGE('',*,*,#5409,.T.);
#5424 = ORIENTED_EDGE('',*,*,#2938,.F.);
#5425 = ORIENTED_EDGE('',*,*,#5368,.F.);
#5426 = PLANE('',#5427);
#5427 = AXIS2_PLACEMENT_3D('',#5428,#5429,#5430);
#5428 = CARTESIAN_POINT('',(56.259998,-63.76,-4.6E-02));
#5429 = DIRECTION('',(-1.,0.,0.));
#5430 = DIRECTION('',(0.,1.,0.));
#5431 = ADVANCED_FACE('',(#5432),#5443,.F.);
#5432 = FACE_BOUND('',#5433,.T.);
#5433 = EDGE_LOOP('',(#5434,#5435,#5441,#5442));
#5434 = ORIENTED_EDGE('',*,*,#1309,.T.);
#5435 = ORIENTED_EDGE('',*,*,#5436,.T.);
#5436 = EDGE_CURVE('',#1310,#2964,#5437,.T.);
#5437 = LINE('',#5438,#5439);
#5438 = CARTESIAN_POINT('',(57.389999,-63.004999,-4.6E-02));
#5439 = VECTOR('',#5440,1.);
#5440 = DIRECTION('',(0.,0.,1.));
#5441 = ORIENTED_EDGE('',*,*,#2963,.F.);
#5442 = ORIENTED_EDGE('',*,*,#5436,.F.);
#5443 = CYLINDRICAL_SURFACE('',#5444,0.325);
#5444 = AXIS2_PLACEMENT_3D('',#5445,#5446,#5447);
#5445 = CARTESIAN_POINT('',(57.389999,-62.679999,-4.6E-02));
#5446 = DIRECTION('',(-0.,-0.,-1.));
#5447 = DIRECTION('',(-0.,-1.,0.));
#5448 = ADVANCED_FACE('',(#5449),#5460,.F.);
#5449 = FACE_BOUND('',#5450,.T.);
#5450 = EDGE_LOOP('',(#5451,#5452,#5458,#5459));
#5451 = ORIENTED_EDGE('',*,*,#1320,.T.);
#5452 = ORIENTED_EDGE('',*,*,#5453,.T.);
#5453 = EDGE_CURVE('',#1321,#2975,#5454,.T.);
#5454 = LINE('',#5455,#5456);
#5455 = CARTESIAN_POINT('',(63.169999,-63.004999,-4.6E-02));
#5456 = VECTOR('',#5457,1.);
#5457 = DIRECTION('',(0.,0.,1.));
#5458 = ORIENTED_EDGE('',*,*,#2974,.F.);
#5459 = ORIENTED_EDGE('',*,*,#5453,.F.);
#5460 = CYLINDRICAL_SURFACE('',#5461,0.325);
#5461 = AXIS2_PLACEMENT_3D('',#5462,#5463,#5464);
#5462 = CARTESIAN_POINT('',(63.169999,-62.679999,-4.6E-02));
#5463 = DIRECTION('',(-0.,-0.,-1.));
#5464 = DIRECTION('',(-2.1862853408E-14,-1.,0.));
#5465 = ADVANCED_FACE('',(#5466),#5482,.F.);
#5466 = FACE_BOUND('',#5467,.T.);
#5467 = EDGE_LOOP('',(#5468,#5469,#5475,#5476));
#5468 = ORIENTED_EDGE('',*,*,#1331,.T.);
#5469 = ORIENTED_EDGE('',*,*,#5470,.T.);
#5470 = EDGE_CURVE('',#1334,#2988,#5471,.T.);
#5471 = LINE('',#5472,#5473);
#5472 = CARTESIAN_POINT('',(56.259999,-58.729999,-4.6E-02));
#5473 = VECTOR('',#5474,1.);
#5474 = DIRECTION('',(0.,0.,1.));
#5475 = ORIENTED_EDGE('',*,*,#2985,.F.);
#5476 = ORIENTED_EDGE('',*,*,#5477,.F.);
#5477 = EDGE_CURVE('',#1332,#2986,#5478,.T.);
#5478 = LINE('',#5479,#5480);
#5479 = CARTESIAN_POINT('',(55.659999,-58.729999,-4.6E-02));
#5480 = VECTOR('',#5481,1.);
#5481 = DIRECTION('',(0.,0.,1.));
#5482 = CYLINDRICAL_SURFACE('',#5483,0.3);
#5483 = AXIS2_PLACEMENT_3D('',#5484,#5485,#5486);
#5484 = CARTESIAN_POINT('',(55.959999,-58.729999,-4.6E-02));
#5485 = DIRECTION('',(-0.,-0.,-1.));
#5486 = DIRECTION('',(1.,0.,-0.));
#5487 = ADVANCED_FACE('',(#5488),#5499,.T.);
#5488 = FACE_BOUND('',#5489,.T.);
#5489 = EDGE_LOOP('',(#5490,#5491,#5492,#5493));
#5490 = ORIENTED_EDGE('',*,*,#1359,.T.);
#5491 = ORIENTED_EDGE('',*,*,#5477,.T.);
#5492 = ORIENTED_EDGE('',*,*,#3013,.F.);
#5493 = ORIENTED_EDGE('',*,*,#5494,.F.);
#5494 = EDGE_CURVE('',#1351,#3005,#5495,.T.);
#5495 = LINE('',#5496,#5497);
#5496 = CARTESIAN_POINT('',(55.659999,-59.329999,-4.6E-02));
#5497 = VECTOR('',#5498,1.);
#5498 = DIRECTION('',(0.,0.,1.));
#5499 = PLANE('',#5500);
#5500 = AXIS2_PLACEMENT_3D('',#5501,#5502,#5503);
#5501 = CARTESIAN_POINT('',(55.659999,-58.729999,-4.6E-02));
#5502 = DIRECTION('',(1.,0.,-0.));
#5503 = DIRECTION('',(0.,-1.,0.));
#5504 = ADVANCED_FACE('',(#5505),#5516,.F.);
#5505 = FACE_BOUND('',#5506,.T.);
#5506 = EDGE_LOOP('',(#5507,#5508,#5509,#5510));
#5507 = ORIENTED_EDGE('',*,*,#1350,.T.);
#5508 = ORIENTED_EDGE('',*,*,#5494,.T.);
#5509 = ORIENTED_EDGE('',*,*,#3004,.F.);
#5510 = ORIENTED_EDGE('',*,*,#5511,.F.);
#5511 = EDGE_CURVE('',#1343,#2997,#5512,.T.);
#5512 = LINE('',#5513,#5514);
#5513 = CARTESIAN_POINT('',(56.259999,-59.329999,-4.6E-02));
#5514 = VECTOR('',#5515,1.);
#5515 = DIRECTION('',(0.,0.,1.));
#5516 = CYLINDRICAL_SURFACE('',#5517,0.3);
#5517 = AXIS2_PLACEMENT_3D('',#5518,#5519,#5520);
#5518 = CARTESIAN_POINT('',(55.959999,-59.329999,-4.6E-02));
#5519 = DIRECTION('',(-0.,-0.,-1.));
#5520 = DIRECTION('',(-1.,0.,-0.));
#5521 = ADVANCED_FACE('',(#5522),#5528,.T.);
#5522 = FACE_BOUND('',#5523,.T.);
#5523 = EDGE_LOOP('',(#5524,#5525,#5526,#5527));
#5524 = ORIENTED_EDGE('',*,*,#1342,.T.);
#5525 = ORIENTED_EDGE('',*,*,#5511,.T.);
#5526 = ORIENTED_EDGE('',*,*,#2996,.F.);
#5527 = ORIENTED_EDGE('',*,*,#5470,.F.);
#5528 = PLANE('',#5529);
#5529 = AXIS2_PLACEMENT_3D('',#5530,#5531,#5532);
#5530 = CARTESIAN_POINT('',(56.259999,-59.329999,-4.6E-02));
#5531 = DIRECTION('',(-1.,0.,0.));
#5532 = DIRECTION('',(0.,1.,0.));
#5533 = ADVANCED_FACE('',(#5534),#5550,.F.);
#5534 = FACE_BOUND('',#5535,.T.);
#5535 = EDGE_LOOP('',(#5536,#5537,#5543,#5544));
#5536 = ORIENTED_EDGE('',*,*,#1367,.T.);
#5537 = ORIENTED_EDGE('',*,*,#5538,.T.);
#5538 = EDGE_CURVE('',#1370,#3024,#5539,.T.);
#5539 = LINE('',#5540,#5541);
#5540 = CARTESIAN_POINT('',(64.9,-62.659999,-4.6E-02));
#5541 = VECTOR('',#5542,1.);
#5542 = DIRECTION('',(0.,0.,1.));
#5543 = ORIENTED_EDGE('',*,*,#3021,.F.);
#5544 = ORIENTED_EDGE('',*,*,#5545,.F.);
#5545 = EDGE_CURVE('',#1368,#3022,#5546,.T.);
#5546 = LINE('',#5547,#5548);
#5547 = CARTESIAN_POINT('',(64.3,-62.659999,-4.6E-02));
#5548 = VECTOR('',#5549,1.);
#5549 = DIRECTION('',(0.,0.,1.));
#5550 = CYLINDRICAL_SURFACE('',#5551,0.3);
#5551 = AXIS2_PLACEMENT_3D('',#5552,#5553,#5554);
#5552 = CARTESIAN_POINT('',(64.6,-62.659999,-4.6E-02));
#5553 = DIRECTION('',(-0.,-0.,-1.));
#5554 = DIRECTION('',(1.,4.736951571734E-14,-0.));
#5555 = ADVANCED_FACE('',(#5556),#5567,.T.);
#5556 = FACE_BOUND('',#5557,.T.);
#5557 = EDGE_LOOP('',(#5558,#5559,#5560,#5561));
#5558 = ORIENTED_EDGE('',*,*,#1395,.T.);
#5559 = ORIENTED_EDGE('',*,*,#5545,.T.);
#5560 = ORIENTED_EDGE('',*,*,#3049,.F.);
#5561 = ORIENTED_EDGE('',*,*,#5562,.F.);
#5562 = EDGE_CURVE('',#1387,#3041,#5563,.T.);
#5563 = LINE('',#5564,#5565);
#5564 = CARTESIAN_POINT('',(64.3,-63.759999,-4.6E-02));
#5565 = VECTOR('',#5566,1.);
#5566 = DIRECTION('',(0.,0.,1.));
#5567 = PLANE('',#5568);
#5568 = AXIS2_PLACEMENT_3D('',#5569,#5570,#5571);
#5569 = CARTESIAN_POINT('',(64.3,-62.659999,-4.6E-02));
#5570 = DIRECTION('',(1.,0.,-0.));
#5571 = DIRECTION('',(0.,-1.,0.));
#5572 = ADVANCED_FACE('',(#5573),#5584,.F.);
#5573 = FACE_BOUND('',#5574,.T.);
#5574 = EDGE_LOOP('',(#5575,#5576,#5577,#5578));
#5575 = ORIENTED_EDGE('',*,*,#1386,.T.);
#5576 = ORIENTED_EDGE('',*,*,#5562,.T.);
#5577 = ORIENTED_EDGE('',*,*,#3040,.F.);
#5578 = ORIENTED_EDGE('',*,*,#5579,.F.);
#5579 = EDGE_CURVE('',#1379,#3033,#5580,.T.);
#5580 = LINE('',#5581,#5582);
#5581 = CARTESIAN_POINT('',(64.9,-63.759999,-4.6E-02));
#5582 = VECTOR('',#5583,1.);
#5583 = DIRECTION('',(0.,0.,1.));
#5584 = CYLINDRICAL_SURFACE('',#5585,0.3);
#5585 = AXIS2_PLACEMENT_3D('',#5586,#5587,#5588);
#5586 = CARTESIAN_POINT('',(64.6,-63.759999,-4.6E-02));
#5587 = DIRECTION('',(-0.,-0.,-1.));
#5588 = DIRECTION('',(-1.,-2.368475785867E-14,0.));
#5589 = ADVANCED_FACE('',(#5590),#5596,.T.);
#5590 = FACE_BOUND('',#5591,.T.);
#5591 = EDGE_LOOP('',(#5592,#5593,#5594,#5595));
#5592 = ORIENTED_EDGE('',*,*,#1378,.T.);
#5593 = ORIENTED_EDGE('',*,*,#5579,.T.);
#5594 = ORIENTED_EDGE('',*,*,#3032,.F.);
#5595 = ORIENTED_EDGE('',*,*,#5538,.F.);
#5596 = PLANE('',#5597);
#5597 = AXIS2_PLACEMENT_3D('',#5598,#5599,#5600);
#5598 = CARTESIAN_POINT('',(64.9,-63.759999,-4.6E-02));
#5599 = DIRECTION('',(-1.,0.,0.));
#5600 = DIRECTION('',(0.,1.,0.));
#5601 = ADVANCED_FACE('',(#5602),#5613,.F.);
#5602 = FACE_BOUND('',#5603,.T.);
#5603 = EDGE_LOOP('',(#5604,#5605,#5611,#5612));
#5604 = ORIENTED_EDGE('',*,*,#1403,.T.);
#5605 = ORIENTED_EDGE('',*,*,#5606,.T.);
#5606 = EDGE_CURVE('',#1404,#3058,#5607,.T.);
#5607 = LINE('',#5608,#5609);
#5608 = CARTESIAN_POINT('',(71.16875,-65.777,-4.6E-02));
#5609 = VECTOR('',#5610,1.);
#5610 = DIRECTION('',(0.,0.,1.));
#5611 = ORIENTED_EDGE('',*,*,#3057,.F.);
#5612 = ORIENTED_EDGE('',*,*,#5606,.F.);
#5613 = CYLINDRICAL_SURFACE('',#5614,1.5);
#5614 = AXIS2_PLACEMENT_3D('',#5615,#5616,#5617);
#5615 = CARTESIAN_POINT('',(71.16875,-64.277,-4.6E-02));
#5616 = DIRECTION('',(-0.,-0.,-1.));
#5617 = DIRECTION('',(-0.,-1.,0.));
#5618 = ADVANCED_FACE('',(#5619),#5630,.F.);
#5619 = FACE_BOUND('',#5620,.T.);
#5620 = EDGE_LOOP('',(#5621,#5622,#5628,#5629));
#5621 = ORIENTED_EDGE('',*,*,#1414,.T.);
#5622 = ORIENTED_EDGE('',*,*,#5623,.T.);
#5623 = EDGE_CURVE('',#1415,#3069,#5624,.T.);
#5624 = LINE('',#5625,#5626);
#5625 = CARTESIAN_POINT('',(70.66875,-61.377,-4.6E-02));
#5626 = VECTOR('',#5627,1.);
#5627 = DIRECTION('',(0.,0.,1.));
#5628 = ORIENTED_EDGE('',*,*,#3068,.F.);
#5629 = ORIENTED_EDGE('',*,*,#5623,.F.);
#5630 = CYLINDRICAL_SURFACE('',#5631,0.85);
#5631 = AXIS2_PLACEMENT_3D('',#5632,#5633,#5634);
#5632 = CARTESIAN_POINT('',(70.66875,-60.527,-4.6E-02));
#5633 = DIRECTION('',(-0.,0.,-1.));
#5634 = DIRECTION('',(1.671865260612E-14,-1.,-0.));
#5635 = ADVANCED_FACE('',(#5636),#5647,.F.);
#5636 = FACE_BOUND('',#5637,.T.);
#5637 = EDGE_LOOP('',(#5638,#5639,#5645,#5646));
#5638 = ORIENTED_EDGE('',*,*,#1425,.T.);
#5639 = ORIENTED_EDGE('',*,*,#5640,.T.);
#5640 = EDGE_CURVE('',#1426,#3080,#5641,.T.);
#5641 = LINE('',#5642,#5643);
#5642 = CARTESIAN_POINT('',(76.16875,-62.227,-4.6E-02));
#5643 = VECTOR('',#5644,1.);
#5644 = DIRECTION('',(0.,0.,1.));
#5645 = ORIENTED_EDGE('',*,*,#3079,.F.);
#5646 = ORIENTED_EDGE('',*,*,#5640,.F.);
#5647 = CYLINDRICAL_SURFACE('',#5648,1.7);
#5648 = AXIS2_PLACEMENT_3D('',#5649,#5650,#5651);
#5649 = CARTESIAN_POINT('',(76.16875,-60.527,-4.6E-02));
#5650 = DIRECTION('',(-0.,-0.,-1.));
#5651 = DIRECTION('',(-0.,-1.,0.));
#5652 = ADVANCED_FACE('',(#5653),#5669,.F.);
#5653 = FACE_BOUND('',#5654,.T.);
#5654 = EDGE_LOOP('',(#5655,#5656,#5662,#5663));
#5655 = ORIENTED_EDGE('',*,*,#1436,.T.);
#5656 = ORIENTED_EDGE('',*,*,#5657,.T.);
#5657 = EDGE_CURVE('',#1439,#3093,#5658,.T.);
#5658 = LINE('',#5659,#5660);
#5659 = CARTESIAN_POINT('',(64.899999,-58.729999,-4.6E-02));
#5660 = VECTOR('',#5661,1.);
#5661 = DIRECTION('',(0.,0.,1.));
#5662 = ORIENTED_EDGE('',*,*,#3090,.F.);
#5663 = ORIENTED_EDGE('',*,*,#5664,.F.);
#5664 = EDGE_CURVE('',#1437,#3091,#5665,.T.);
#5665 = LINE('',#5666,#5667);
#5666 = CARTESIAN_POINT('',(64.299999,-58.729999,-4.6E-02));
#5667 = VECTOR('',#5668,1.);
#5668 = DIRECTION('',(0.,0.,1.));
#5669 = CYLINDRICAL_SURFACE('',#5670,0.3);
#5670 = AXIS2_PLACEMENT_3D('',#5671,#5672,#5673);
#5671 = CARTESIAN_POINT('',(64.599999,-58.729999,-4.6E-02));
#5672 = DIRECTION('',(-0.,-0.,-1.));
#5673 = DIRECTION('',(1.,2.368475785867E-14,-0.));
#5674 = ADVANCED_FACE('',(#5675),#5686,.T.);
#5675 = FACE_BOUND('',#5676,.T.);
#5676 = EDGE_LOOP('',(#5677,#5678,#5679,#5680));
#5677 = ORIENTED_EDGE('',*,*,#1464,.T.);
#5678 = ORIENTED_EDGE('',*,*,#5664,.T.);
#5679 = ORIENTED_EDGE('',*,*,#3118,.F.);
#5680 = ORIENTED_EDGE('',*,*,#5681,.F.);
#5681 = EDGE_CURVE('',#1456,#3110,#5682,.T.);
#5682 = LINE('',#5683,#5684);
#5683 = CARTESIAN_POINT('',(64.299999,-59.329999,-4.6E-02));
#5684 = VECTOR('',#5685,1.);
#5685 = DIRECTION('',(0.,0.,1.));
#5686 = PLANE('',#5687);
#5687 = AXIS2_PLACEMENT_3D('',#5688,#5689,#5690);
#5688 = CARTESIAN_POINT('',(64.299999,-58.729999,-4.6E-02));
#5689 = DIRECTION('',(1.,0.,-0.));
#5690 = DIRECTION('',(0.,-1.,0.));
#5691 = ADVANCED_FACE('',(#5692),#5703,.F.);
#5692 = FACE_BOUND('',#5693,.T.);
#5693 = EDGE_LOOP('',(#5694,#5695,#5696,#5697));
#5694 = ORIENTED_EDGE('',*,*,#1455,.T.);
#5695 = ORIENTED_EDGE('',*,*,#5681,.T.);
#5696 = ORIENTED_EDGE('',*,*,#3109,.F.);
#5697 = ORIENTED_EDGE('',*,*,#5698,.F.);
#5698 = EDGE_CURVE('',#1448,#3102,#5699,.T.);
#5699 = LINE('',#5700,#5701);
#5700 = CARTESIAN_POINT('',(64.899999,-59.329999,-4.6E-02));
#5701 = VECTOR('',#5702,1.);
#5702 = DIRECTION('',(0.,0.,1.));
#5703 = CYLINDRICAL_SURFACE('',#5704,0.3);
#5704 = AXIS2_PLACEMENT_3D('',#5705,#5706,#5707);
#5705 = CARTESIAN_POINT('',(64.599999,-59.329999,-4.6E-02));
#5706 = DIRECTION('',(-0.,-0.,-1.));
#5707 = DIRECTION('',(-1.,-2.368475785867E-14,0.));
#5708 = ADVANCED_FACE('',(#5709),#5715,.T.);
#5709 = FACE_BOUND('',#5710,.T.);
#5710 = EDGE_LOOP('',(#5711,#5712,#5713,#5714));
#5711 = ORIENTED_EDGE('',*,*,#1447,.T.);
#5712 = ORIENTED_EDGE('',*,*,#5698,.T.);
#5713 = ORIENTED_EDGE('',*,*,#3101,.F.);
#5714 = ORIENTED_EDGE('',*,*,#5657,.F.);
#5715 = PLANE('',#5716);
#5716 = AXIS2_PLACEMENT_3D('',#5717,#5718,#5719);
#5717 = CARTESIAN_POINT('',(64.899999,-59.329999,-4.6E-02));
#5718 = DIRECTION('',(-1.,0.,0.));
#5719 = DIRECTION('',(0.,1.,0.));
#5720 = ADVANCED_FACE('',(#5721),#5732,.F.);
#5721 = FACE_BOUND('',#5722,.T.);
#5722 = EDGE_LOOP('',(#5723,#5729,#5730,#5731));
#5723 = ORIENTED_EDGE('',*,*,#5724,.T.);
#5724 = EDGE_CURVE('',#1473,#3127,#5725,.T.);
#5725 = LINE('',#5726,#5727);
#5726 = CARTESIAN_POINT('',(88.2,-65.4,0.));
#5727 = VECTOR('',#5728,1.);
#5728 = DIRECTION('',(0.,0.,1.));
#5729 = ORIENTED_EDGE('',*,*,#3126,.T.);
#5730 = ORIENTED_EDGE('',*,*,#5724,.F.);
#5731 = ORIENTED_EDGE('',*,*,#1472,.F.);
#5732 = CYLINDRICAL_SURFACE('',#5733,2.);
#5733 = AXIS2_PLACEMENT_3D('',#5734,#5735,#5736);
#5734 = CARTESIAN_POINT('',(86.2,-65.4,0.));
#5735 = DIRECTION('',(-0.,-0.,-1.));
#5736 = DIRECTION('',(1.,0.,-0.));
#5737 = ADVANCED_FACE('',(#5738),#5749,.F.);
#5738 = FACE_BOUND('',#5739,.T.);
#5739 = EDGE_LOOP('',(#5740,#5741,#5747,#5748));
#5740 = ORIENTED_EDGE('',*,*,#1483,.T.);
#5741 = ORIENTED_EDGE('',*,*,#5742,.T.);
#5742 = EDGE_CURVE('',#1484,#3138,#5743,.T.);
#5743 = LINE('',#5744,#5745);
#5744 = CARTESIAN_POINT('',(81.66875,-61.377,-4.6E-02));
#5745 = VECTOR('',#5746,1.);
#5746 = DIRECTION('',(0.,0.,1.));
#5747 = ORIENTED_EDGE('',*,*,#3137,.F.);
#5748 = ORIENTED_EDGE('',*,*,#5742,.F.);
#5749 = CYLINDRICAL_SURFACE('',#5750,0.85);
#5750 = AXIS2_PLACEMENT_3D('',#5751,#5752,#5753);
#5751 = CARTESIAN_POINT('',(81.66875,-60.527,-4.6E-02));
#5752 = DIRECTION('',(-0.,0.,-1.));
#5753 = DIRECTION('',(1.671865260612E-14,-1.,-0.));
#5754 = ADVANCED_FACE('',(#5755),#5766,.F.);
#5755 = FACE_BOUND('',#5756,.T.);
#5756 = EDGE_LOOP('',(#5757,#5758,#5764,#5765));
#5757 = ORIENTED_EDGE('',*,*,#1494,.T.);
#5758 = ORIENTED_EDGE('',*,*,#5759,.T.);
#5759 = EDGE_CURVE('',#1495,#3149,#5760,.T.);
#5760 = LINE('',#5761,#5762);
#5761 = CARTESIAN_POINT('',(89.66875,-56.6145,-4.6E-02));
#5762 = VECTOR('',#5763,1.);
#5763 = DIRECTION('',(0.,0.,1.));
#5764 = ORIENTED_EDGE('',*,*,#3148,.F.);
#5765 = ORIENTED_EDGE('',*,*,#5759,.F.);
#5766 = CYLINDRICAL_SURFACE('',#5767,0.85);
#5767 = AXIS2_PLACEMENT_3D('',#5768,#5769,#5770);
#5768 = CARTESIAN_POINT('',(89.66875,-55.7645,-4.6E-02));
#5769 = DIRECTION('',(-0.,0.,-1.));
#5770 = DIRECTION('',(1.671865260612E-14,-1.,-0.));
#5771 = ADVANCED_FACE('',(#5772),#5783,.F.);
#5772 = FACE_BOUND('',#5773,.T.);
#5773 = EDGE_LOOP('',(#5774,#5775,#5781,#5782));
#5774 = ORIENTED_EDGE('',*,*,#1505,.T.);
#5775 = ORIENTED_EDGE('',*,*,#5776,.T.);
#5776 = EDGE_CURVE('',#1506,#3160,#5777,.T.);
#5777 = LINE('',#5778,#5779);
#5778 = CARTESIAN_POINT('',(90.16875,-61.0145,-4.6E-02));
#5779 = VECTOR('',#5780,1.);
#5780 = DIRECTION('',(0.,0.,1.));
#5781 = ORIENTED_EDGE('',*,*,#3159,.F.);
#5782 = ORIENTED_EDGE('',*,*,#5776,.F.);
#5783 = CYLINDRICAL_SURFACE('',#5784,1.5);
#5784 = AXIS2_PLACEMENT_3D('',#5785,#5786,#5787);
#5785 = CARTESIAN_POINT('',(90.16875,-59.5145,-4.6E-02));
#5786 = DIRECTION('',(-0.,-0.,-1.));
#5787 = DIRECTION('',(-0.,-1.,0.));
#5788 = ADVANCED_FACE('',(#5789),#5800,.F.);
#5789 = FACE_BOUND('',#5790,.T.);
#5790 = EDGE_LOOP('',(#5791,#5792,#5798,#5799));
#5791 = ORIENTED_EDGE('',*,*,#1516,.T.);
#5792 = ORIENTED_EDGE('',*,*,#5793,.T.);
#5793 = EDGE_CURVE('',#1517,#3171,#5794,.T.);
#5794 = LINE('',#5795,#5796);
#5795 = CARTESIAN_POINT('',(95.16875,-63.2145,-4.6E-02));
#5796 = VECTOR('',#5797,1.);
#5797 = DIRECTION('',(0.,0.,1.));
#5798 = ORIENTED_EDGE('',*,*,#3170,.F.);
#5799 = ORIENTED_EDGE('',*,*,#5793,.F.);
#5800 = CYLINDRICAL_SURFACE('',#5801,1.5);
#5801 = AXIS2_PLACEMENT_3D('',#5802,#5803,#5804);
#5802 = CARTESIAN_POINT('',(95.16875,-61.7145,-4.6E-02));
#5803 = DIRECTION('',(-0.,-0.,-1.));
#5804 = DIRECTION('',(-0.,-1.,0.));
#5805 = ADVANCED_FACE('',(#5806),#5817,.F.);
#5806 = FACE_BOUND('',#5807,.T.);
#5807 = EDGE_LOOP('',(#5808,#5809,#5815,#5816));
#5808 = ORIENTED_EDGE('',*,*,#1527,.T.);
#5809 = ORIENTED_EDGE('',*,*,#5810,.T.);
#5810 = EDGE_CURVE('',#1528,#3182,#5811,.T.);
#5811 = LINE('',#5812,#5813);
#5812 = CARTESIAN_POINT('',(95.16875,-57.4645,-4.6E-02));
#5813 = VECTOR('',#5814,1.);
#5814 = DIRECTION('',(0.,0.,1.));
#5815 = ORIENTED_EDGE('',*,*,#3181,.F.);
#5816 = ORIENTED_EDGE('',*,*,#5810,.F.);
#5817 = CYLINDRICAL_SURFACE('',#5818,1.7);
#5818 = AXIS2_PLACEMENT_3D('',#5819,#5820,#5821);
#5819 = CARTESIAN_POINT('',(95.16875,-55.7645,-4.6E-02));
#5820 = DIRECTION('',(-0.,-0.,-1.));
#5821 = DIRECTION('',(-0.,-1.,0.));
#5822 = ADVANCED_FACE('',(#5823),#5834,.F.);
#5823 = FACE_BOUND('',#5824,.T.);
#5824 = EDGE_LOOP('',(#5825,#5826,#5832,#5833));
#5825 = ORIENTED_EDGE('',*,*,#1538,.T.);
#5826 = ORIENTED_EDGE('',*,*,#5827,.T.);
#5827 = EDGE_CURVE('',#1539,#3193,#5828,.T.);
#5828 = LINE('',#5829,#5830);
#5829 = CARTESIAN_POINT('',(100.66875,-56.6145,-4.6E-02));
#5830 = VECTOR('',#5831,1.);
#5831 = DIRECTION('',(0.,0.,1.));
#5832 = ORIENTED_EDGE('',*,*,#3192,.F.);
#5833 = ORIENTED_EDGE('',*,*,#5827,.F.);
#5834 = CYLINDRICAL_SURFACE('',#5835,0.85);
#5835 = AXIS2_PLACEMENT_3D('',#5836,#5837,#5838);
#5836 = CARTESIAN_POINT('',(100.66875,-55.7645,-4.6E-02));
#5837 = DIRECTION('',(-0.,0.,-1.));
#5838 = DIRECTION('',(1.671865260612E-14,-1.,-0.));
#5839 = ADVANCED_FACE('',(#5840),#5851,.F.);
#5840 = FACE_BOUND('',#5841,.T.);
#5841 = EDGE_LOOP('',(#5842,#5843,#5849,#5850));
#5842 = ORIENTED_EDGE('',*,*,#1549,.T.);
#5843 = ORIENTED_EDGE('',*,*,#5844,.T.);
#5844 = EDGE_CURVE('',#1550,#3204,#5845,.T.);
#5845 = LINE('',#5846,#5847);
#5846 = CARTESIAN_POINT('',(114.16875,-87.027,-4.6E-02));
#5847 = VECTOR('',#5848,1.);
#5848 = DIRECTION('',(0.,0.,1.));
#5849 = ORIENTED_EDGE('',*,*,#3203,.F.);
#5850 = ORIENTED_EDGE('',*,*,#5844,.F.);
#5851 = CYLINDRICAL_SURFACE('',#5852,1.5);
#5852 = AXIS2_PLACEMENT_3D('',#5853,#5854,#5855);
#5853 = CARTESIAN_POINT('',(114.16875,-85.527,-4.6E-02));
#5854 = DIRECTION('',(-0.,-0.,-1.));
#5855 = DIRECTION('',(-0.,-1.,0.));
#5856 = ADVANCED_FACE('',(#5857),#5868,.F.);
#5857 = FACE_BOUND('',#5858,.T.);
#5858 = EDGE_LOOP('',(#5859,#5865,#5866,#5867));
#5859 = ORIENTED_EDGE('',*,*,#5860,.T.);
#5860 = EDGE_CURVE('',#1561,#3215,#5861,.T.);
#5861 = LINE('',#5862,#5863);
#5862 = CARTESIAN_POINT('',(125.723771,-92.492893,0.));
#5863 = VECTOR('',#5864,1.);
#5864 = DIRECTION('',(0.,0.,1.));
#5865 = ORIENTED_EDGE('',*,*,#3214,.T.);
#5866 = ORIENTED_EDGE('',*,*,#5860,.F.);
#5867 = ORIENTED_EDGE('',*,*,#1560,.F.);
#5868 = CYLINDRICAL_SURFACE('',#5869,2.);
#5869 = AXIS2_PLACEMENT_3D('',#5870,#5871,#5872);
#5870 = CARTESIAN_POINT('',(123.723771,-92.492893,0.));
#5871 = DIRECTION('',(-0.,-0.,-1.));
#5872 = DIRECTION('',(1.,0.,-0.));
#5873 = ADVANCED_FACE('',(#5874),#5885,.F.);
#5874 = FACE_BOUND('',#5875,.T.);
#5875 = EDGE_LOOP('',(#5876,#5877,#5883,#5884));
#5876 = ORIENTED_EDGE('',*,*,#1571,.T.);
#5877 = ORIENTED_EDGE('',*,*,#5878,.T.);
#5878 = EDGE_CURVE('',#1572,#3226,#5879,.T.);
#5879 = LINE('',#5880,#5881);
#5880 = CARTESIAN_POINT('',(128.16875,-87.6845,-4.6E-02));
#5881 = VECTOR('',#5882,1.);
#5882 = DIRECTION('',(0.,0.,1.));
#5883 = ORIENTED_EDGE('',*,*,#3225,.F.);
#5884 = ORIENTED_EDGE('',*,*,#5878,.F.);
#5885 = CYLINDRICAL_SURFACE('',#5886,1.5);
#5886 = AXIS2_PLACEMENT_3D('',#5887,#5888,#5889);
#5887 = CARTESIAN_POINT('',(128.16875,-86.1845,-4.6E-02));
#5888 = DIRECTION('',(-0.,-0.,-1.));
#5889 = DIRECTION('',(-0.,-1.,0.));
#5890 = ADVANCED_FACE('',(#5891),#5902,.F.);
#5891 = FACE_BOUND('',#5892,.T.);
#5892 = EDGE_LOOP('',(#5893,#5894,#5900,#5901));
#5893 = ORIENTED_EDGE('',*,*,#1582,.T.);
#5894 = ORIENTED_EDGE('',*,*,#5895,.T.);
#5895 = EDGE_CURVE('',#1583,#3237,#5896,.T.);
#5896 = LINE('',#5897,#5898);
#5897 = CARTESIAN_POINT('',(109.16875,-84.827,-4.6E-02));
#5898 = VECTOR('',#5899,1.);
#5899 = DIRECTION('',(0.,0.,1.));
#5900 = ORIENTED_EDGE('',*,*,#3236,.F.);
#5901 = ORIENTED_EDGE('',*,*,#5895,.F.);
#5902 = CYLINDRICAL_SURFACE('',#5903,1.5);
#5903 = AXIS2_PLACEMENT_3D('',#5904,#5905,#5906);
#5904 = CARTESIAN_POINT('',(109.16875,-83.327,-4.6E-02));
#5905 = DIRECTION('',(-0.,-0.,-1.));
#5906 = DIRECTION('',(-0.,-1.,0.));
#5907 = ADVANCED_FACE('',(#5908),#5919,.F.);
#5908 = FACE_BOUND('',#5909,.T.);
#5909 = EDGE_LOOP('',(#5910,#5911,#5917,#5918));
#5910 = ORIENTED_EDGE('',*,*,#1593,.T.);
#5911 = ORIENTED_EDGE('',*,*,#5912,.T.);
#5912 = EDGE_CURVE('',#1594,#3248,#5913,.T.);
#5913 = LINE('',#5914,#5915);
#5914 = CARTESIAN_POINT('',(108.66875,-80.427,-4.6E-02));
#5915 = VECTOR('',#5916,1.);
#5916 = DIRECTION('',(0.,0.,1.));
#5917 = ORIENTED_EDGE('',*,*,#3247,.F.);
#5918 = ORIENTED_EDGE('',*,*,#5912,.F.);
#5919 = CYLINDRICAL_SURFACE('',#5920,0.85);
#5920 = AXIS2_PLACEMENT_3D('',#5921,#5922,#5923);
#5921 = CARTESIAN_POINT('',(108.66875,-79.577,-4.6E-02));
#5922 = DIRECTION('',(-0.,0.,-1.));
#5923 = DIRECTION('',(1.671865260612E-14,-1.,-0.));
#5924 = ADVANCED_FACE('',(#5925),#5936,.F.);
#5925 = FACE_BOUND('',#5926,.T.);
#5926 = EDGE_LOOP('',(#5927,#5928,#5934,#5935));
#5927 = ORIENTED_EDGE('',*,*,#1604,.T.);
#5928 = ORIENTED_EDGE('',*,*,#5929,.T.);
#5929 = EDGE_CURVE('',#1605,#3259,#5930,.T.);
#5930 = LINE('',#5931,#5932);
#5931 = CARTESIAN_POINT('',(114.16875,-81.277,-4.6E-02));
#5932 = VECTOR('',#5933,1.);
#5933 = DIRECTION('',(0.,0.,1.));
#5934 = ORIENTED_EDGE('',*,*,#3258,.F.);
#5935 = ORIENTED_EDGE('',*,*,#5929,.F.);
#5936 = CYLINDRICAL_SURFACE('',#5937,1.7);
#5937 = AXIS2_PLACEMENT_3D('',#5938,#5939,#5940);
#5938 = CARTESIAN_POINT('',(114.16875,-79.577,-4.6E-02));
#5939 = DIRECTION('',(-0.,-0.,-1.));
#5940 = DIRECTION('',(-0.,-1.,0.));
#5941 = ADVANCED_FACE('',(#5942),#5953,.F.);
#5942 = FACE_BOUND('',#5943,.T.);
#5943 = EDGE_LOOP('',(#5944,#5945,#5951,#5952));
#5944 = ORIENTED_EDGE('',*,*,#1615,.T.);
#5945 = ORIENTED_EDGE('',*,*,#5946,.T.);
#5946 = EDGE_CURVE('',#1616,#3270,#5947,.T.);
#5947 = LINE('',#5948,#5949);
#5948 = CARTESIAN_POINT('',(127.66875,-83.2845,-4.6E-02));
#5949 = VECTOR('',#5950,1.);
#5950 = DIRECTION('',(0.,0.,1.));
#5951 = ORIENTED_EDGE('',*,*,#3269,.F.);
#5952 = ORIENTED_EDGE('',*,*,#5946,.F.);
#5953 = CYLINDRICAL_SURFACE('',#5954,0.85);
#5954 = AXIS2_PLACEMENT_3D('',#5955,#5956,#5957);
#5955 = CARTESIAN_POINT('',(127.66875,-82.4345,-4.6E-02));
#5956 = DIRECTION('',(-0.,-0.,-1.));
#5957 = DIRECTION('',(-0.,-1.,0.));
#5958 = ADVANCED_FACE('',(#5959),#5970,.F.);
#5959 = FACE_BOUND('',#5960,.T.);
#5960 = EDGE_LOOP('',(#5961,#5962,#5968,#5969));
#5961 = ORIENTED_EDGE('',*,*,#1626,.T.);
#5962 = ORIENTED_EDGE('',*,*,#5963,.T.);
#5963 = EDGE_CURVE('',#1627,#3281,#5964,.T.);
#5964 = LINE('',#5965,#5966);
#5965 = CARTESIAN_POINT('',(119.66875,-80.427,-4.6E-02));
#5966 = VECTOR('',#5967,1.);
#5967 = DIRECTION('',(0.,0.,1.));
#5968 = ORIENTED_EDGE('',*,*,#3280,.F.);
#5969 = ORIENTED_EDGE('',*,*,#5963,.F.);
#5970 = CYLINDRICAL_SURFACE('',#5971,0.85);
#5971 = AXIS2_PLACEMENT_3D('',#5972,#5973,#5974);
#5972 = CARTESIAN_POINT('',(119.66875,-79.577,-4.6E-02));
#5973 = DIRECTION('',(-0.,0.,-1.));
#5974 = DIRECTION('',(1.671865260612E-14,-1.,-0.));
#5975 = ADVANCED_FACE('',(#5976),#5987,.F.);
#5976 = FACE_BOUND('',#5977,.T.);
#5977 = EDGE_LOOP('',(#5978,#5979,#5985,#5986));
#5978 = ORIENTED_EDGE('',*,*,#1637,.T.);
#5979 = ORIENTED_EDGE('',*,*,#5980,.T.);
#5980 = EDGE_CURVE('',#1638,#3292,#5981,.T.);
#5981 = LINE('',#5982,#5983);
#5982 = CARTESIAN_POINT('',(133.16875,-89.8845,-4.6E-02));
#5983 = VECTOR('',#5984,1.);
#5984 = DIRECTION('',(0.,0.,1.));
#5985 = ORIENTED_EDGE('',*,*,#3291,.F.);
#5986 = ORIENTED_EDGE('',*,*,#5980,.F.);
#5987 = CYLINDRICAL_SURFACE('',#5988,1.5);
#5988 = AXIS2_PLACEMENT_3D('',#5989,#5990,#5991);
#5989 = CARTESIAN_POINT('',(133.16875,-88.3845,-4.6E-02));
#5990 = DIRECTION('',(-0.,-0.,-1.));
#5991 = DIRECTION('',(-0.,-1.,0.));
#5992 = ADVANCED_FACE('',(#5993),#6004,.F.);
#5993 = FACE_BOUND('',#5994,.T.);
#5994 = EDGE_LOOP('',(#5995,#5996,#6002,#6003));
#5995 = ORIENTED_EDGE('',*,*,#1648,.T.);
#5996 = ORIENTED_EDGE('',*,*,#5997,.T.);
#5997 = EDGE_CURVE('',#1649,#3303,#5998,.T.);
#5998 = LINE('',#5999,#6000);
#5999 = CARTESIAN_POINT('',(133.16875,-84.1345,-4.6E-02));
#6000 = VECTOR('',#6001,1.);
#6001 = DIRECTION('',(0.,0.,1.));
#6002 = ORIENTED_EDGE('',*,*,#3302,.F.);
#6003 = ORIENTED_EDGE('',*,*,#5997,.F.);
#6004 = CYLINDRICAL_SURFACE('',#6005,1.7);
#6005 = AXIS2_PLACEMENT_3D('',#6006,#6007,#6008);
#6006 = CARTESIAN_POINT('',(133.16875,-82.4345,-4.6E-02));
#6007 = DIRECTION('',(-0.,-0.,-1.));
#6008 = DIRECTION('',(-0.,-1.,0.));
#6009 = ADVANCED_FACE('',(#6010),#6021,.F.);
#6010 = FACE_BOUND('',#6011,.T.);
#6011 = EDGE_LOOP('',(#6012,#6013,#6019,#6020));
#6012 = ORIENTED_EDGE('',*,*,#1659,.T.);
#6013 = ORIENTED_EDGE('',*,*,#6014,.T.);
#6014 = EDGE_CURVE('',#1660,#3314,#6015,.T.);
#6015 = LINE('',#6016,#6017);
#6016 = CARTESIAN_POINT('',(138.66875,-83.2845,-4.6E-02));
#6017 = VECTOR('',#6018,1.);
#6018 = DIRECTION('',(0.,0.,1.));
#6019 = ORIENTED_EDGE('',*,*,#3313,.F.);
#6020 = ORIENTED_EDGE('',*,*,#6014,.F.);
#6021 = CYLINDRICAL_SURFACE('',#6022,0.85);
#6022 = AXIS2_PLACEMENT_3D('',#6023,#6024,#6025);
#6023 = CARTESIAN_POINT('',(138.66875,-82.4345,-4.6E-02));
#6024 = DIRECTION('',(-0.,-0.,-1.));
#6025 = DIRECTION('',(-0.,-1.,0.));
#6026 = ADVANCED_FACE('',(#6027),#6038,.F.);
#6027 = FACE_BOUND('',#6028,.T.);
#6028 = EDGE_LOOP('',(#6029,#6030,#6036,#6037));
#6029 = ORIENTED_EDGE('',*,*,#1670,.T.);
#6030 = ORIENTED_EDGE('',*,*,#6031,.T.);
#6031 = EDGE_CURVE('',#1671,#3325,#6032,.T.);
#6032 = LINE('',#6033,#6034);
#6033 = CARTESIAN_POINT('',(114.16875,-67.977,-4.6E-02));
#6034 = VECTOR('',#6035,1.);
#6035 = DIRECTION('',(0.,0.,1.));
#6036 = ORIENTED_EDGE('',*,*,#3324,.F.);
#6037 = ORIENTED_EDGE('',*,*,#6031,.F.);
#6038 = CYLINDRICAL_SURFACE('',#6039,1.5);
#6039 = AXIS2_PLACEMENT_3D('',#6040,#6041,#6042);
#6040 = CARTESIAN_POINT('',(114.16875,-66.477,-4.6E-02));
#6041 = DIRECTION('',(-0.,-0.,-1.));
#6042 = DIRECTION('',(-0.,-1.,0.));
#6043 = ADVANCED_FACE('',(#6044),#6055,.F.);
#6044 = FACE_BOUND('',#6045,.T.);
#6045 = EDGE_LOOP('',(#6046,#6052,#6053,#6054));
#6046 = ORIENTED_EDGE('',*,*,#6047,.T.);
#6047 = EDGE_CURVE('',#1682,#3336,#6048,.T.);
#6048 = LINE('',#6049,#6050);
#6049 = CARTESIAN_POINT('',(126.,-72.7,0.));
#6050 = VECTOR('',#6051,1.);
#6051 = DIRECTION('',(0.,0.,1.));
#6052 = ORIENTED_EDGE('',*,*,#3335,.T.);
#6053 = ORIENTED_EDGE('',*,*,#6047,.F.);
#6054 = ORIENTED_EDGE('',*,*,#1681,.F.);
#6055 = CYLINDRICAL_SURFACE('',#6056,2.);
#6056 = AXIS2_PLACEMENT_3D('',#6057,#6058,#6059);
#6057 = CARTESIAN_POINT('',(124.,-72.7,0.));
#6058 = DIRECTION('',(-0.,-0.,-1.));
#6059 = DIRECTION('',(1.,0.,-0.));
#6060 = ADVANCED_FACE('',(#6061),#6072,.F.);
#6061 = FACE_BOUND('',#6062,.T.);
#6062 = EDGE_LOOP('',(#6063,#6064,#6070,#6071));
#6063 = ORIENTED_EDGE('',*,*,#1692,.T.);
#6064 = ORIENTED_EDGE('',*,*,#6065,.T.);
#6065 = EDGE_CURVE('',#1693,#3347,#6066,.T.);
#6066 = LINE('',#6067,#6068);
#6067 = CARTESIAN_POINT('',(128.16875,-68.6345,-4.6E-02));
#6068 = VECTOR('',#6069,1.);
#6069 = DIRECTION('',(0.,0.,1.));
#6070 = ORIENTED_EDGE('',*,*,#3346,.F.);
#6071 = ORIENTED_EDGE('',*,*,#6065,.F.);
#6072 = CYLINDRICAL_SURFACE('',#6073,1.5);
#6073 = AXIS2_PLACEMENT_3D('',#6074,#6075,#6076);
#6074 = CARTESIAN_POINT('',(128.16875,-67.1345,-4.6E-02));
#6075 = DIRECTION('',(-0.,-0.,-1.));
#6076 = DIRECTION('',(-0.,-1.,0.));
#6077 = ADVANCED_FACE('',(#6078),#6089,.F.);
#6078 = FACE_BOUND('',#6079,.T.);
#6079 = EDGE_LOOP('',(#6080,#6081,#6087,#6088));
#6080 = ORIENTED_EDGE('',*,*,#1703,.T.);
#6081 = ORIENTED_EDGE('',*,*,#6082,.T.);
#6082 = EDGE_CURVE('',#1704,#3358,#6083,.T.);
#6083 = LINE('',#6084,#6085);
#6084 = CARTESIAN_POINT('',(109.16875,-65.777,-4.6E-02));
#6085 = VECTOR('',#6086,1.);
#6086 = DIRECTION('',(0.,0.,1.));
#6087 = ORIENTED_EDGE('',*,*,#3357,.F.);
#6088 = ORIENTED_EDGE('',*,*,#6082,.F.);
#6089 = CYLINDRICAL_SURFACE('',#6090,1.5);
#6090 = AXIS2_PLACEMENT_3D('',#6091,#6092,#6093);
#6091 = CARTESIAN_POINT('',(109.16875,-64.277,-4.6E-02));
#6092 = DIRECTION('',(-0.,-0.,-1.));
#6093 = DIRECTION('',(-0.,-1.,0.));
#6094 = ADVANCED_FACE('',(#6095),#6106,.F.);
#6095 = FACE_BOUND('',#6096,.T.);
#6096 = EDGE_LOOP('',(#6097,#6098,#6104,#6105));
#6097 = ORIENTED_EDGE('',*,*,#1714,.T.);
#6098 = ORIENTED_EDGE('',*,*,#6099,.T.);
#6099 = EDGE_CURVE('',#1715,#3369,#6100,.T.);
#6100 = LINE('',#6101,#6102);
#6101 = CARTESIAN_POINT('',(108.66875,-61.377,-4.6E-02));
#6102 = VECTOR('',#6103,1.);
#6103 = DIRECTION('',(0.,0.,1.));
#6104 = ORIENTED_EDGE('',*,*,#3368,.F.);
#6105 = ORIENTED_EDGE('',*,*,#6099,.F.);
#6106 = CYLINDRICAL_SURFACE('',#6107,0.85);
#6107 = AXIS2_PLACEMENT_3D('',#6108,#6109,#6110);
#6108 = CARTESIAN_POINT('',(108.66875,-60.527,-4.6E-02));
#6109 = DIRECTION('',(-0.,0.,-1.));
#6110 = DIRECTION('',(1.671865260612E-14,-1.,-0.));
#6111 = ADVANCED_FACE('',(#6112),#6123,.F.);
#6112 = FACE_BOUND('',#6113,.T.);
#6113 = EDGE_LOOP('',(#6114,#6115,#6121,#6122));
#6114 = ORIENTED_EDGE('',*,*,#1725,.T.);
#6115 = ORIENTED_EDGE('',*,*,#6116,.T.);
#6116 = EDGE_CURVE('',#1726,#3380,#6117,.T.);
#6117 = LINE('',#6118,#6119);
#6118 = CARTESIAN_POINT('',(114.16875,-62.227,-4.6E-02));
#6119 = VECTOR('',#6120,1.);
#6120 = DIRECTION('',(0.,0.,1.));
#6121 = ORIENTED_EDGE('',*,*,#3379,.F.);
#6122 = ORIENTED_EDGE('',*,*,#6116,.F.);
#6123 = CYLINDRICAL_SURFACE('',#6124,1.7);
#6124 = AXIS2_PLACEMENT_3D('',#6125,#6126,#6127);
#6125 = CARTESIAN_POINT('',(114.16875,-60.527,-4.6E-02));
#6126 = DIRECTION('',(-0.,-0.,-1.));
#6127 = DIRECTION('',(-0.,-1.,0.));
#6128 = ADVANCED_FACE('',(#6129),#6140,.F.);
#6129 = FACE_BOUND('',#6130,.T.);
#6130 = EDGE_LOOP('',(#6131,#6132,#6138,#6139));
#6131 = ORIENTED_EDGE('',*,*,#1736,.T.);
#6132 = ORIENTED_EDGE('',*,*,#6133,.T.);
#6133 = EDGE_CURVE('',#1737,#3391,#6134,.T.);
#6134 = LINE('',#6135,#6136);
#6135 = CARTESIAN_POINT('',(119.66875,-61.377,-4.6E-02));
#6136 = VECTOR('',#6137,1.);
#6137 = DIRECTION('',(0.,0.,1.));
#6138 = ORIENTED_EDGE('',*,*,#3390,.F.);
#6139 = ORIENTED_EDGE('',*,*,#6133,.F.);
#6140 = CYLINDRICAL_SURFACE('',#6141,0.85);
#6141 = AXIS2_PLACEMENT_3D('',#6142,#6143,#6144);
#6142 = CARTESIAN_POINT('',(119.66875,-60.527,-4.6E-02));
#6143 = DIRECTION('',(-0.,0.,-1.));
#6144 = DIRECTION('',(1.671865260612E-14,-1.,-0.));
#6145 = ADVANCED_FACE('',(#6146),#6157,.F.);
#6146 = FACE_BOUND('',#6147,.T.);
#6147 = EDGE_LOOP('',(#6148,#6149,#6155,#6156));
#6148 = ORIENTED_EDGE('',*,*,#1747,.T.);
#6149 = ORIENTED_EDGE('',*,*,#6150,.T.);
#6150 = EDGE_CURVE('',#1748,#3402,#6151,.T.);
#6151 = LINE('',#6152,#6153);
#6152 = CARTESIAN_POINT('',(127.66875,-64.2345,-4.6E-02));
#6153 = VECTOR('',#6154,1.);
#6154 = DIRECTION('',(0.,0.,1.));
#6155 = ORIENTED_EDGE('',*,*,#3401,.F.);
#6156 = ORIENTED_EDGE('',*,*,#6150,.F.);
#6157 = CYLINDRICAL_SURFACE('',#6158,0.85);
#6158 = AXIS2_PLACEMENT_3D('',#6159,#6160,#6161);
#6159 = CARTESIAN_POINT('',(127.66875,-63.3845,-4.6E-02));
#6160 = DIRECTION('',(-0.,-0.,-1.));
#6161 = DIRECTION('',(-0.,-1.,0.));
#6162 = ADVANCED_FACE('',(#6163),#6174,.F.);
#6163 = FACE_BOUND('',#6164,.T.);
#6164 = EDGE_LOOP('',(#6165,#6166,#6172,#6173));
#6165 = ORIENTED_EDGE('',*,*,#1758,.T.);
#6166 = ORIENTED_EDGE('',*,*,#6167,.T.);
#6167 = EDGE_CURVE('',#1759,#3413,#6168,.T.);
#6168 = LINE('',#6169,#6170);
#6169 = CARTESIAN_POINT('',(133.16875,-70.8345,-4.6E-02));
#6170 = VECTOR('',#6171,1.);
#6171 = DIRECTION('',(0.,0.,1.));
#6172 = ORIENTED_EDGE('',*,*,#3412,.F.);
#6173 = ORIENTED_EDGE('',*,*,#6167,.F.);
#6174 = CYLINDRICAL_SURFACE('',#6175,1.5);
#6175 = AXIS2_PLACEMENT_3D('',#6176,#6177,#6178);
#6176 = CARTESIAN_POINT('',(133.16875,-69.3345,-4.6E-02));
#6177 = DIRECTION('',(-0.,-0.,-1.));
#6178 = DIRECTION('',(-0.,-1.,0.));
#6179 = ADVANCED_FACE('',(#6180),#6191,.F.);
#6180 = FACE_BOUND('',#6181,.T.);
#6181 = EDGE_LOOP('',(#6182,#6183,#6189,#6190));
#6182 = ORIENTED_EDGE('',*,*,#1769,.T.);
#6183 = ORIENTED_EDGE('',*,*,#6184,.T.);
#6184 = EDGE_CURVE('',#1770,#3424,#6185,.T.);
#6185 = LINE('',#6186,#6187);
#6186 = CARTESIAN_POINT('',(133.16875,-65.0845,-4.6E-02));
#6187 = VECTOR('',#6188,1.);
#6188 = DIRECTION('',(0.,0.,1.));
#6189 = ORIENTED_EDGE('',*,*,#3423,.F.);
#6190 = ORIENTED_EDGE('',*,*,#6184,.F.);
#6191 = CYLINDRICAL_SURFACE('',#6192,1.7);
#6192 = AXIS2_PLACEMENT_3D('',#6193,#6194,#6195);
#6193 = CARTESIAN_POINT('',(133.16875,-63.3845,-4.6E-02));
#6194 = DIRECTION('',(-0.,-0.,-1.));
#6195 = DIRECTION('',(-0.,-1.,0.));
#6196 = ADVANCED_FACE('',(#6197),#6208,.F.);
#6197 = FACE_BOUND('',#6198,.T.);
#6198 = EDGE_LOOP('',(#6199,#6200,#6206,#6207));
#6199 = ORIENTED_EDGE('',*,*,#1780,.T.);
#6200 = ORIENTED_EDGE('',*,*,#6201,.T.);
#6201 = EDGE_CURVE('',#1781,#3435,#6202,.T.);
#6202 = LINE('',#6203,#6204);
#6203 = CARTESIAN_POINT('',(138.66875,-64.2345,-4.6E-02));
#6204 = VECTOR('',#6205,1.);
#6205 = DIRECTION('',(0.,0.,1.));
#6206 = ORIENTED_EDGE('',*,*,#3434,.F.);
#6207 = ORIENTED_EDGE('',*,*,#6201,.F.);
#6208 = CYLINDRICAL_SURFACE('',#6209,0.85);
#6209 = AXIS2_PLACEMENT_3D('',#6210,#6211,#6212);
#6210 = CARTESIAN_POINT('',(138.66875,-63.3845,-4.6E-02));
#6211 = DIRECTION('',(-0.,-0.,-1.));
#6212 = DIRECTION('',(-0.,-1.,0.));
#6213 = ( GEOMETRIC_REPRESENTATION_CONTEXT(3) 
GLOBAL_UNCERTAINTY_ASSIGNED_CONTEXT((#6217)) 
GLOBAL_UNIT_ASSIGNED_CONTEXT((#6214,#6215,#6216)) REPRESENTATION_CONTEXT
('Context #1','3D Context with UNIT and UNCERTAINTY') );
#6214 = ( LENGTH_UNIT() NAMED_UNIT(*) SI_UNIT(.MILLI.,.METRE.) );
#6215 = ( NAMED_UNIT(*) PLANE_ANGLE_UNIT() SI_UNIT($,.RADIAN.) );
#6216 = ( NAMED_UNIT(*) SI_UNIT($,.STERADIAN.) SOLID_ANGLE_UNIT() );
#6217 = UNCERTAINTY_MEASURE_WITH_UNIT(LENGTH_MEASURE(1.E-07),#6214,
  'distance_accuracy_value','confusion accuracy');
#6218 = CONTEXT_DEPENDENT_SHAPE_REPRESENTATION(#6219,#6221);
#6219 = ( REPRESENTATION_RELATIONSHIP('','',#32,#10) 
REPRESENTATION_RELATIONSHIP_WITH_TRANSFORMATION(#6220) 
SHAPE_REPRESENTATION_RELATIONSHIP() );
#6220 = ITEM_DEFINED_TRANSFORMATION('','',#11,#15);
#6221 = PRODUCT_DEFINITION_SHAPE('Placement','Placement of an item',
  #6222);
#6222 = NEXT_ASSEMBLY_USAGE_OCCURRENCE('1','=>[0:1:1:2]','',#5,#27,$);
#6223 = PRODUCT_RELATED_PRODUCT_CATEGORY('part',$,(#29));
#6224 = MECHANICAL_DESIGN_GEOMETRIC_PRESENTATION_REPRESENTATION('',(
    #6225),#6213);
#6225 = STYLED_ITEM('color',(#6226),#33);
#6226 = PRESENTATION_STYLE_ASSIGNMENT((#6227));
#6227 = SURFACE_STYLE_USAGE(.BOTH.,#6228);
#6228 = SURFACE_SIDE_STYLE('',(#6229));
#6229 = SURFACE_STYLE_FILL_AREA(#6230);
#6230 = FILL_AREA_STYLE('',(#6231));
#6231 = FILL_AREA_STYLE_COLOUR('',#6232);
#6232 = COLOUR_RGB('',0.313304153717,0.484529207832,0.410020903123);
ENDSEC;
END-ISO-10303-21;
