solid 
 facet normal  1.119638e-01  9.937123e-01  0.000000e+00
   outer loop
     vertex  1.396379e+02 -4.967974e+01  0.000000e+00
     vertex  1.394153e+02 -4.965467e+01  0.000000e+00
     vertex  1.394153e+02 -4.965467e+01  1.510000e+00
   endloop
 endfacet
 facet normal  1.119638e-01  9.937123e-01 -0.000000e+00
   outer loop
     vertex  1.396379e+02 -4.967974e+01  0.000000e+00
     vertex  1.394153e+02 -4.965467e+01  1.510000e+00
     vertex  1.396379e+02 -4.967974e+01  1.510000e+00
   endloop
 endfacet
 facet normal  3.302787e-01  9.438835e-01 -0.000000e+00
   outer loop
     vertex  1.398492e+02 -4.975370e+01  0.000000e+00
     vertex  1.396379e+02 -4.967974e+01  1.510000e+00
     vertex  1.398492e+02 -4.975370e+01  1.510000e+00
   endloop
 endfacet
 facet normal  3.302787e-01  9.438835e-01  0.000000e+00
   outer loop
     vertex  1.398492e+02 -4.975370e+01  0.000000e+00
     vertex  1.396379e+02 -4.967974e+01  0.000000e+00
     vertex  1.396379e+02 -4.967974e+01  1.510000e+00
   endloop
 endfacet
 facet normal  5.320319e-01  8.467243e-01 -0.000000e+00
   outer loop
     vertex  1.400388e+02 -4.987283e+01  0.000000e+00
     vertex  1.398492e+02 -4.975370e+01  1.510000e+00
     vertex  1.400388e+02 -4.987283e+01  1.510000e+00
   endloop
 endfacet
 facet normal  5.320319e-01  8.467243e-01  0.000000e+00
   outer loop
     vertex  1.400388e+02 -4.987283e+01  0.000000e+00
     vertex  1.398492e+02 -4.975370e+01  0.000000e+00
     vertex  1.398492e+02 -4.975370e+01  1.510000e+00
   endloop
 endfacet
 facet normal  7.071068e-01  7.071068e-01 -0.000000e+00
   outer loop
     vertex  1.401972e+02 -5.003118e+01  0.000000e+00
     vertex  1.400388e+02 -4.987283e+01  1.510000e+00
     vertex  1.401972e+02 -5.003118e+01  1.510000e+00
   endloop
 endfacet
 facet normal  7.071068e-01  7.071068e-01  0.000000e+00
   outer loop
     vertex  1.401972e+02 -5.003118e+01  0.000000e+00
     vertex  1.400388e+02 -4.987283e+01  0.000000e+00
     vertex  1.400388e+02 -4.987283e+01  1.510000e+00
   endloop
 endfacet
 facet normal  8.467243e-01  5.320319e-01 -0.000000e+00
   outer loop
     vertex  1.403163e+02 -5.022078e+01  0.000000e+00
     vertex  1.401972e+02 -5.003118e+01  1.510000e+00
     vertex  1.403163e+02 -5.022078e+01  1.510000e+00
   endloop
 endfacet
 facet normal  8.467243e-01  5.320319e-01  0.000000e+00
   outer loop
     vertex  1.403163e+02 -5.022078e+01  0.000000e+00
     vertex  1.401972e+02 -5.003118e+01  0.000000e+00
     vertex  1.401972e+02 -5.003118e+01  1.510000e+00
   endloop
 endfacet
 facet normal  9.438835e-01  3.302787e-01 -0.000000e+00
   outer loop
     vertex  1.403903e+02 -5.043215e+01  0.000000e+00
     vertex  1.403163e+02 -5.022078e+01  1.510000e+00
     vertex  1.403903e+02 -5.043215e+01  1.510000e+00
   endloop
 endfacet
 facet normal  9.438835e-01  3.302787e-01  0.000000e+00
   outer loop
     vertex  1.403903e+02 -5.043215e+01  0.000000e+00
     vertex  1.403163e+02 -5.022078e+01  0.000000e+00
     vertex  1.403163e+02 -5.022078e+01  1.510000e+00
   endloop
 endfacet
 facet normal  9.937123e-01  1.119638e-01 -0.000000e+00
   outer loop
     vertex  1.404153e+02 -5.065467e+01  0.000000e+00
     vertex  1.403903e+02 -5.043215e+01  1.510000e+00
     vertex  1.404153e+02 -5.065467e+01  1.510000e+00
   endloop
 endfacet
 facet normal  9.937123e-01  1.119638e-01  0.000000e+00
   outer loop
     vertex  1.404153e+02 -5.065467e+01  0.000000e+00
     vertex  1.403903e+02 -5.043215e+01  0.000000e+00
     vertex  1.403903e+02 -5.043215e+01  1.510000e+00
   endloop
 endfacet
 facet normal  1.000000e+00  0.000000e+00  0.000000e+00
   outer loop
     vertex  1.404153e+02 -5.345467e+01  0.000000e+00
     vertex  1.404153e+02 -5.065467e+01  0.000000e+00
     vertex  1.404153e+02 -5.065467e+01  1.510000e+00
   endloop
 endfacet
 facet normal  1.000000e+00  0.000000e+00  0.000000e+00
   outer loop
     vertex  1.404153e+02 -5.345467e+01  0.000000e+00
     vertex  1.404153e+02 -5.065467e+01  1.510000e+00
     vertex  1.404153e+02 -5.345467e+01  1.510000e+00
   endloop
 endfacet
 facet normal  9.937123e-01  1.119638e-01  0.000000e+00
   outer loop
     vertex  1.404404e+02 -5.367719e+01  0.000000e+00
     vertex  1.404153e+02 -5.345467e+01  0.000000e+00
     vertex  1.404153e+02 -5.345467e+01  1.510000e+00
   endloop
 endfacet
 facet normal  9.937123e-01  1.119638e-01 -0.000000e+00
   outer loop
     vertex  1.404404e+02 -5.367719e+01  0.000000e+00
     vertex  1.404153e+02 -5.345467e+01  1.510000e+00
     vertex  1.404404e+02 -5.367719e+01  1.510000e+00
   endloop
 endfacet
 facet normal  9.438835e-01  3.302787e-01 -0.000000e+00
   outer loop
     vertex  1.405144e+02 -5.388855e+01  0.000000e+00
     vertex  1.404404e+02 -5.367719e+01  1.510000e+00
     vertex  1.405144e+02 -5.388855e+01  1.510000e+00
   endloop
 endfacet
 facet normal  9.438835e-01  3.302787e-01  0.000000e+00
   outer loop
     vertex  1.405144e+02 -5.388855e+01  0.000000e+00
     vertex  1.404404e+02 -5.367719e+01  0.000000e+00
     vertex  1.404404e+02 -5.367719e+01  1.510000e+00
   endloop
 endfacet
 facet normal  8.467243e-01  5.320319e-01 -0.000000e+00
   outer loop
     vertex  1.406335e+02 -5.407816e+01  0.000000e+00
     vertex  1.405144e+02 -5.388855e+01  1.510000e+00
     vertex  1.406335e+02 -5.407816e+01  1.510000e+00
   endloop
 endfacet
 facet normal  8.467243e-01  5.320319e-01  0.000000e+00
   outer loop
     vertex  1.406335e+02 -5.407816e+01  0.000000e+00
     vertex  1.405144e+02 -5.388855e+01  0.000000e+00
     vertex  1.405144e+02 -5.388855e+01  1.510000e+00
   endloop
 endfacet
 facet normal  7.071068e-01  7.071068e-01 -0.000000e+00
   outer loop
     vertex  1.407918e+02 -5.423650e+01  0.000000e+00
     vertex  1.406335e+02 -5.407816e+01  1.510000e+00
     vertex  1.407918e+02 -5.423650e+01  1.510000e+00
   endloop
 endfacet
 facet normal  7.071068e-01  7.071068e-01  0.000000e+00
   outer loop
     vertex  1.407918e+02 -5.423650e+01  0.000000e+00
     vertex  1.406335e+02 -5.407816e+01  0.000000e+00
     vertex  1.406335e+02 -5.407816e+01  1.510000e+00
   endloop
 endfacet
 facet normal  5.320319e-01  8.467243e-01 -0.000000e+00
   outer loop
     vertex  1.409814e+02 -5.435564e+01  0.000000e+00
     vertex  1.407918e+02 -5.423650e+01  1.510000e+00
     vertex  1.409814e+02 -5.435564e+01  1.510000e+00
   endloop
 endfacet
 facet normal  3.302787e-01  9.438835e-01 -0.000000e+00
   outer loop
     vertex  1.409814e+02 -5.435564e+01  0.000000e+00
     vertex  1.409814e+02 -5.435564e+01  1.510000e+00
     vertex  1.411928e+02 -5.442959e+01  1.510000e+00
   endloop
 endfacet
 facet normal  5.320319e-01  8.467243e-01  0.000000e+00
   outer loop
     vertex  1.409814e+02 -5.435564e+01  0.000000e+00
     vertex  1.407918e+02 -5.423650e+01  0.000000e+00
     vertex  1.407918e+02 -5.423650e+01  1.510000e+00
   endloop
 endfacet
 facet normal  3.302787e-01  9.438835e-01 -0.000000e+00
   outer loop
     vertex  1.411928e+02 -5.442959e+01  0.000000e+00
     vertex  1.409814e+02 -5.435564e+01  0.000000e+00
     vertex  1.411928e+02 -5.442959e+01  1.510000e+00
   endloop
 endfacet
 facet normal  1.119638e-01  9.937123e-01 -0.000000e+00
   outer loop
     vertex  1.414153e+02 -5.445467e+01  0.000000e+00
     vertex  1.411928e+02 -5.442959e+01  1.510000e+00
     vertex  1.414153e+02 -5.445467e+01  1.510000e+00
   endloop
 endfacet
 facet normal  1.119638e-01  9.937123e-01  0.000000e+00
   outer loop
     vertex  1.414153e+02 -5.445467e+01  0.000000e+00
     vertex  1.411928e+02 -5.442959e+01  0.000000e+00
     vertex  1.411928e+02 -5.442959e+01  1.510000e+00
   endloop
 endfacet
 facet normal  0.000000e+00  1.000000e+00  0.000000e+00
   outer loop
     vertex  1.585153e+02 -5.445467e+01  0.000000e+00
     vertex  1.414153e+02 -5.445467e+01  0.000000e+00
     vertex  1.414153e+02 -5.445467e+01  1.510000e+00
   endloop
 endfacet
 facet normal  0.000000e+00  1.000000e+00 -0.000000e+00
   outer loop
     vertex  1.585153e+02 -5.445467e+01  0.000000e+00
     vertex  1.414153e+02 -5.445467e+01  1.510000e+00
     vertex  1.585153e+02 -5.445467e+01  1.510000e+00
   endloop
 endfacet
 facet normal  1.119638e-01  9.937123e-01  0.000000e+00
   outer loop
     vertex  1.587379e+02 -5.447974e+01  0.000000e+00
     vertex  1.585153e+02 -5.445467e+01  0.000000e+00
     vertex  1.585153e+02 -5.445467e+01  1.510000e+00
   endloop
 endfacet
 facet normal  1.119638e-01  9.937123e-01 -0.000000e+00
   outer loop
     vertex  1.587379e+02 -5.447974e+01  0.000000e+00
     vertex  1.585153e+02 -5.445467e+01  1.510000e+00
     vertex  1.587379e+02 -5.447974e+01  1.510000e+00
   endloop
 endfacet
 facet normal  3.302787e-01  9.438835e-01 -0.000000e+00
   outer loop
     vertex  1.589492e+02 -5.455370e+01  0.000000e+00
     vertex  1.587379e+02 -5.447974e+01  1.510000e+00
     vertex  1.589492e+02 -5.455370e+01  1.510000e+00
   endloop
 endfacet
 facet normal  3.302787e-01  9.438835e-01  0.000000e+00
   outer loop
     vertex  1.589492e+02 -5.455370e+01  0.000000e+00
     vertex  1.587379e+02 -5.447974e+01  0.000000e+00
     vertex  1.587379e+02 -5.447974e+01  1.510000e+00
   endloop
 endfacet
 facet normal  5.320319e-01  8.467243e-01 -0.000000e+00
   outer loop
     vertex  1.591388e+02 -5.467283e+01  0.000000e+00
     vertex  1.589492e+02 -5.455370e+01  1.510000e+00
     vertex  1.591388e+02 -5.467283e+01  1.510000e+00
   endloop
 endfacet
 facet normal  5.320319e-01  8.467243e-01  0.000000e+00
   outer loop
     vertex  1.591388e+02 -5.467283e+01  0.000000e+00
     vertex  1.589492e+02 -5.455370e+01  0.000000e+00
     vertex  1.589492e+02 -5.455370e+01  1.510000e+00
   endloop
 endfacet
 facet normal  7.071068e-01  7.071068e-01 -0.000000e+00
   outer loop
     vertex  1.592972e+02 -5.483118e+01  0.000000e+00
     vertex  1.591388e+02 -5.467283e+01  1.510000e+00
     vertex  1.592972e+02 -5.483118e+01  1.510000e+00
   endloop
 endfacet
 facet normal  7.071068e-01  7.071068e-01  0.000000e+00
   outer loop
     vertex  1.592972e+02 -5.483118e+01  0.000000e+00
     vertex  1.591388e+02 -5.467283e+01  0.000000e+00
     vertex  1.591388e+02 -5.467283e+01  1.510000e+00
   endloop
 endfacet
 facet normal  8.467243e-01  5.320319e-01 -0.000000e+00
   outer loop
     vertex  1.594163e+02 -5.502078e+01  0.000000e+00
     vertex  1.592972e+02 -5.483118e+01  1.510000e+00
     vertex  1.594163e+02 -5.502078e+01  1.510000e+00
   endloop
 endfacet
 facet normal  8.467243e-01  5.320319e-01  0.000000e+00
   outer loop
     vertex  1.594163e+02 -5.502078e+01  0.000000e+00
     vertex  1.592972e+02 -5.483118e+01  0.000000e+00
     vertex  1.592972e+02 -5.483118e+01  1.510000e+00
   endloop
 endfacet
 facet normal  9.438835e-01  3.302787e-01 -0.000000e+00
   outer loop
     vertex  1.594903e+02 -5.523215e+01  0.000000e+00
     vertex  1.594163e+02 -5.502078e+01  1.510000e+00
     vertex  1.594903e+02 -5.523215e+01  1.510000e+00
   endloop
 endfacet
 facet normal  9.438835e-01  3.302787e-01  0.000000e+00
   outer loop
     vertex  1.594903e+02 -5.523215e+01  0.000000e+00
     vertex  1.594163e+02 -5.502078e+01  0.000000e+00
     vertex  1.594163e+02 -5.502078e+01  1.510000e+00
   endloop
 endfacet
 facet normal  9.937123e-01  1.119638e-01 -0.000000e+00
   outer loop
     vertex  1.595153e+02 -5.545467e+01  0.000000e+00
     vertex  1.594903e+02 -5.523215e+01  1.510000e+00
     vertex  1.595153e+02 -5.545467e+01  1.510000e+00
   endloop
 endfacet
 facet normal  9.937123e-01  1.119638e-01  0.000000e+00
   outer loop
     vertex  1.595153e+02 -5.545467e+01  0.000000e+00
     vertex  1.594903e+02 -5.523215e+01  0.000000e+00
     vertex  1.594903e+02 -5.523215e+01  1.510000e+00
   endloop
 endfacet
 facet normal  1.000000e+00  0.000000e+00  0.000000e+00
   outer loop
     vertex  1.595153e+02 -5.625467e+01  0.000000e+00
     vertex  1.595153e+02 -5.545467e+01  0.000000e+00
     vertex  1.595153e+02 -5.545467e+01  1.510000e+00
   endloop
 endfacet
 facet normal  1.000000e+00  0.000000e+00  0.000000e+00
   outer loop
     vertex  1.595153e+02 -5.625467e+01  0.000000e+00
     vertex  1.595153e+02 -5.545467e+01  1.510000e+00
     vertex  1.595153e+02 -5.625467e+01  1.510000e+00
   endloop
 endfacet
 facet normal  9.937123e-01  1.119638e-01  0.000000e+00
   outer loop
     vertex  1.595404e+02 -5.647719e+01  0.000000e+00
     vertex  1.595153e+02 -5.625467e+01  0.000000e+00
     vertex  1.595153e+02 -5.625467e+01  1.510000e+00
   endloop
 endfacet
 facet normal  9.937123e-01  1.119638e-01 -0.000000e+00
   outer loop
     vertex  1.595404e+02 -5.647719e+01  0.000000e+00
     vertex  1.595153e+02 -5.625467e+01  1.510000e+00
     vertex  1.595404e+02 -5.647719e+01  1.510000e+00
   endloop
 endfacet
 facet normal  9.438835e-01  3.302787e-01 -0.000000e+00
   outer loop
     vertex  1.596144e+02 -5.668855e+01  0.000000e+00
     vertex  1.595404e+02 -5.647719e+01  1.510000e+00
     vertex  1.596144e+02 -5.668855e+01  1.510000e+00
   endloop
 endfacet
 facet normal  9.438835e-01  3.302787e-01  0.000000e+00
   outer loop
     vertex  1.596144e+02 -5.668855e+01  0.000000e+00
     vertex  1.595404e+02 -5.647719e+01  0.000000e+00
     vertex  1.595404e+02 -5.647719e+01  1.510000e+00
   endloop
 endfacet
 facet normal  8.467243e-01  5.320319e-01 -0.000000e+00
   outer loop
     vertex  1.597335e+02 -5.687816e+01  0.000000e+00
     vertex  1.596144e+02 -5.668855e+01  1.510000e+00
     vertex  1.597335e+02 -5.687816e+01  1.510000e+00
   endloop
 endfacet
 facet normal  8.467243e-01  5.320319e-01  0.000000e+00
   outer loop
     vertex  1.597335e+02 -5.687816e+01  0.000000e+00
     vertex  1.596144e+02 -5.668855e+01  0.000000e+00
     vertex  1.596144e+02 -5.668855e+01  1.510000e+00
   endloop
 endfacet
 facet normal  7.071068e-01  7.071068e-01 -0.000000e+00
   outer loop
     vertex  1.598918e+02 -5.703650e+01  0.000000e+00
     vertex  1.597335e+02 -5.687816e+01  1.510000e+00
     vertex  1.598918e+02 -5.703650e+01  1.510000e+00
   endloop
 endfacet
 facet normal  7.071068e-01  7.071068e-01  0.000000e+00
   outer loop
     vertex  1.598918e+02 -5.703650e+01  0.000000e+00
     vertex  1.597335e+02 -5.687816e+01  0.000000e+00
     vertex  1.597335e+02 -5.687816e+01  1.510000e+00
   endloop
 endfacet
 facet normal  5.320319e-01  8.467243e-01 -0.000000e+00
   outer loop
     vertex  1.600814e+02 -5.715564e+01  0.000000e+00
     vertex  1.598918e+02 -5.703650e+01  1.510000e+00
     vertex  1.600814e+02 -5.715564e+01  1.510000e+00
   endloop
 endfacet
 facet normal  5.320319e-01  8.467243e-01  0.000000e+00
   outer loop
     vertex  1.600814e+02 -5.715564e+01  0.000000e+00
     vertex  1.598918e+02 -5.703650e+01  0.000000e+00
     vertex  1.598918e+02 -5.703650e+01  1.510000e+00
   endloop
 endfacet
 facet normal  3.302787e-01  9.438835e-01 -0.000000e+00
   outer loop
     vertex  1.602928e+02 -5.722959e+01  0.000000e+00
     vertex  1.600814e+02 -5.715564e+01  1.510000e+00
     vertex  1.602928e+02 -5.722959e+01  1.510000e+00
   endloop
 endfacet
 facet normal  3.302787e-01  9.438835e-01  0.000000e+00
   outer loop
     vertex  1.602928e+02 -5.722959e+01  0.000000e+00
     vertex  1.600814e+02 -5.715564e+01  0.000000e+00
     vertex  1.600814e+02 -5.715564e+01  1.510000e+00
   endloop
 endfacet
 facet normal  1.119638e-01  9.937123e-01 -0.000000e+00
   outer loop
     vertex  1.605153e+02 -5.725467e+01  0.000000e+00
     vertex  1.602928e+02 -5.722959e+01  1.510000e+00
     vertex  1.605153e+02 -5.725467e+01  1.510000e+00
   endloop
 endfacet
 facet normal  1.119638e-01  9.937123e-01  0.000000e+00
   outer loop
     vertex  1.605153e+02 -5.725467e+01  0.000000e+00
     vertex  1.602928e+02 -5.722959e+01  0.000000e+00
     vertex  1.602928e+02 -5.722959e+01  1.510000e+00
   endloop
 endfacet
 facet normal  0.000000e+00  1.000000e+00  0.000000e+00
   outer loop
     vertex  1.787556e+02 -5.725467e+01  0.000000e+00
     vertex  1.605153e+02 -5.725467e+01  0.000000e+00
     vertex  1.605153e+02 -5.725467e+01  1.510000e+00
   endloop
 endfacet
 facet normal  0.000000e+00  1.000000e+00 -0.000000e+00
   outer loop
     vertex  1.787556e+02 -5.725467e+01  0.000000e+00
     vertex  1.605153e+02 -5.725467e+01  1.510000e+00
     vertex  1.787556e+02 -5.725467e+01  1.510000e+00
   endloop
 endfacet
 facet normal  9.810187e-02  9.951764e-01  0.000000e+00
   outer loop
     vertex  1.789509e+02 -5.727391e+01  0.000000e+00
     vertex  1.787556e+02 -5.725467e+01  0.000000e+00
     vertex  1.787556e+02 -5.725467e+01  1.510000e+00
   endloop
 endfacet
 facet normal  9.810187e-02  9.951764e-01 -0.000000e+00
   outer loop
     vertex  1.789509e+02 -5.727391e+01  0.000000e+00
     vertex  1.787556e+02 -5.725467e+01  1.510000e+00
     vertex  1.789509e+02 -5.727391e+01  1.510000e+00
   endloop
 endfacet
 facet normal  2.905234e-01  9.568679e-01 -0.000000e+00
   outer loop
     vertex  1.791386e+02 -5.733091e+01  0.000000e+00
     vertex  1.789509e+02 -5.727391e+01  1.510000e+00
     vertex  1.791386e+02 -5.733091e+01  1.510000e+00
   endloop
 endfacet
 facet normal  2.905234e-01  9.568679e-01  0.000000e+00
   outer loop
     vertex  1.791386e+02 -5.733091e+01  0.000000e+00
     vertex  1.789509e+02 -5.727391e+01  0.000000e+00
     vertex  1.789509e+02 -5.727391e+01  1.510000e+00
   endloop
 endfacet
 facet normal  4.717617e-01  8.817261e-01 -0.000000e+00
   outer loop
     vertex  1.793116e+02 -5.742347e+01  0.000000e+00
     vertex  1.791386e+02 -5.733091e+01  1.510000e+00
     vertex  1.793116e+02 -5.742347e+01  1.510000e+00
   endloop
 endfacet
 facet normal  4.717617e-01  8.817261e-01  0.000000e+00
   outer loop
     vertex  1.793116e+02 -5.742347e+01  0.000000e+00
     vertex  1.791386e+02 -5.733091e+01  0.000000e+00
     vertex  1.791386e+02 -5.733091e+01  1.510000e+00
   endloop
 endfacet
 facet normal  6.348402e-01  7.726435e-01 -0.000000e+00
   outer loop
     vertex  1.794632e+02 -5.754803e+01  0.000000e+00
     vertex  1.793116e+02 -5.742347e+01  1.510000e+00
     vertex  1.794632e+02 -5.754803e+01  1.510000e+00
   endloop
 endfacet
 facet normal  6.348402e-01  7.726435e-01  0.000000e+00
   outer loop
     vertex  1.794632e+02 -5.754803e+01  0.000000e+00
     vertex  1.793116e+02 -5.742347e+01  0.000000e+00
     vertex  1.793116e+02 -5.742347e+01  1.510000e+00
   endloop
 endfacet
 facet normal  7.075768e-01  7.066365e-01  0.000000e+00
   outer loop
     vertex  1.842922e+02 -6.238349e+01  0.000000e+00
     vertex  1.794632e+02 -5.754803e+01  0.000000e+00
     vertex  1.794632e+02 -5.754803e+01  1.510000e+00
   endloop
 endfacet
 facet normal  7.075768e-01  7.066365e-01 -0.000000e+00
   outer loop
     vertex  1.842922e+02 -6.238349e+01  0.000000e+00
     vertex  1.794632e+02 -5.754803e+01  1.510000e+00
     vertex  1.842922e+02 -6.238349e+01  1.510000e+00
   endloop
 endfacet
 facet normal  7.936109e-01  6.084256e-01  0.000000e+00
   outer loop
     vertex  1.844508e+02 -6.259035e+01  0.000000e+00
     vertex  1.842922e+02 -6.238349e+01  0.000000e+00
     vertex  1.842922e+02 -6.238349e+01  1.510000e+00
   endloop
 endfacet
 facet normal  7.936109e-01  6.084256e-01 -0.000000e+00
   outer loop
     vertex  1.844508e+02 -6.259035e+01  0.000000e+00
     vertex  1.842922e+02 -6.238349e+01  1.510000e+00
     vertex  1.844508e+02 -6.259035e+01  1.510000e+00
   endloop
 endfacet
 facet normal  9.239054e-01  3.826210e-01 -0.000000e+00
   outer loop
     vertex  1.845506e+02 -6.283118e+01  0.000000e+00
     vertex  1.844508e+02 -6.259035e+01  1.510000e+00
     vertex  1.845506e+02 -6.283118e+01  1.510000e+00
   endloop
 endfacet
 facet normal  9.239054e-01  3.826210e-01  0.000000e+00
   outer loop
     vertex  1.845506e+02 -6.283118e+01  0.000000e+00
     vertex  1.844508e+02 -6.259035e+01  0.000000e+00
     vertex  1.844508e+02 -6.259035e+01  1.510000e+00
   endloop
 endfacet
 facet normal  9.914072e-01  1.308117e-01 -0.000000e+00
   outer loop
     vertex  1.845847e+02 -6.308960e+01  0.000000e+00
     vertex  1.845506e+02 -6.283118e+01  1.510000e+00
     vertex  1.845847e+02 -6.308960e+01  1.510000e+00
   endloop
 endfacet
 facet normal  9.914072e-01  1.308117e-01  0.000000e+00
   outer loop
     vertex  1.845847e+02 -6.308960e+01  0.000000e+00
     vertex  1.845506e+02 -6.283118e+01  0.000000e+00
     vertex  1.845506e+02 -6.283118e+01  1.510000e+00
   endloop
 endfacet
 facet normal  9.999999e-01  5.266158e-04  0.000000e+00
   outer loop
     vertex  1.846153e+02 -1.213104e+02  0.000000e+00
     vertex  1.845847e+02 -6.308960e+01  0.000000e+00
     vertex  1.845847e+02 -6.308960e+01  1.510000e+00
   endloop
 endfacet
 facet normal  9.999999e-01  5.266158e-04 -0.000000e+00
   outer loop
     vertex  1.846153e+02 -1.213104e+02  0.000000e+00
     vertex  1.845847e+02 -6.308960e+01  1.510000e+00
     vertex  1.846153e+02 -1.213104e+02  1.510000e+00
   endloop
 endfacet
 facet normal  9.934495e-01  1.142721e-01  0.000000e+00
   outer loop
     vertex  1.846414e+02 -1.215373e+02  0.000000e+00
     vertex  1.846153e+02 -1.213104e+02  0.000000e+00
     vertex  1.846153e+02 -1.213104e+02  1.510000e+00
   endloop
 endfacet
 facet normal  9.934495e-01  1.142721e-01 -0.000000e+00
   outer loop
     vertex  1.846414e+02 -1.215373e+02  0.000000e+00
     vertex  1.846153e+02 -1.213104e+02  1.510000e+00
     vertex  1.846414e+02 -1.215373e+02  1.510000e+00
   endloop
 endfacet
 facet normal  9.416063e-01  3.367160e-01 -0.000000e+00
   outer loop
     vertex  1.847183e+02 -1.217524e+02  0.000000e+00
     vertex  1.846414e+02 -1.215373e+02  1.510000e+00
     vertex  1.847183e+02 -1.217524e+02  1.510000e+00
   endloop
 endfacet
 facet normal  9.416063e-01  3.367160e-01  0.000000e+00
   outer loop
     vertex  1.847183e+02 -1.217524e+02  0.000000e+00
     vertex  1.846414e+02 -1.215373e+02  0.000000e+00
     vertex  1.846414e+02 -1.215373e+02  1.510000e+00
   endloop
 endfacet
 facet normal  8.406404e-01  5.415937e-01 -0.000000e+00
   outer loop
     vertex  1.848421e+02 -1.219445e+02  0.000000e+00
     vertex  1.847183e+02 -1.217524e+02  1.510000e+00
     vertex  1.848421e+02 -1.219445e+02  1.510000e+00
   endloop
 endfacet
 facet normal  8.406404e-01  5.415937e-01  0.000000e+00
   outer loop
     vertex  1.848421e+02 -1.219445e+02  0.000000e+00
     vertex  1.847183e+02 -1.217524e+02  0.000000e+00
     vertex  1.847183e+02 -1.217524e+02  1.510000e+00
   endloop
 endfacet
 facet normal  6.958192e-01  7.182170e-01 -0.000000e+00
   outer loop
     vertex  1.850061e+02 -1.221034e+02  0.000000e+00
     vertex  1.848421e+02 -1.219445e+02  1.510000e+00
     vertex  1.850061e+02 -1.221034e+02  1.510000e+00
   endloop
 endfacet
 facet normal  6.958192e-01  7.182170e-01  0.000000e+00
   outer loop
     vertex  1.850061e+02 -1.221034e+02  0.000000e+00
     vertex  1.848421e+02 -1.219445e+02  0.000000e+00
     vertex  1.848421e+02 -1.219445e+02  1.510000e+00
   endloop
 endfacet
 facet normal  5.146978e-01  8.573716e-01 -0.000000e+00
   outer loop
     vertex  1.852020e+02 -1.222210e+02  0.000000e+00
     vertex  1.850061e+02 -1.221034e+02  1.510000e+00
     vertex  1.852020e+02 -1.222210e+02  1.510000e+00
   endloop
 endfacet
 facet normal  5.146978e-01  8.573716e-01  0.000000e+00
   outer loop
     vertex  1.852020e+02 -1.222210e+02  0.000000e+00
     vertex  1.850061e+02 -1.221034e+02  0.000000e+00
     vertex  1.850061e+02 -1.221034e+02  1.510000e+00
   endloop
 endfacet
 facet normal  4.133515e-01  9.105715e-01  0.000000e+00
   outer loop
     vertex  1.988978e+02 -1.284382e+02  0.000000e+00
     vertex  1.852020e+02 -1.222210e+02  0.000000e+00
     vertex  1.852020e+02 -1.222210e+02  1.510000e+00
   endloop
 endfacet
 facet normal  4.133515e-01  9.105715e-01 -0.000000e+00
   outer loop
     vertex  1.988978e+02 -1.284382e+02  0.000000e+00
     vertex  1.852020e+02 -1.222210e+02  1.510000e+00
     vertex  1.988978e+02 -1.284382e+02  1.510000e+00
   endloop
 endfacet
 facet normal  5.131694e-01  8.582874e-01  0.000000e+00
   outer loop
     vertex  1.990909e+02 -1.285536e+02  0.000000e+00
     vertex  1.988978e+02 -1.284382e+02  0.000000e+00
     vertex  1.988978e+02 -1.284382e+02  1.510000e+00
   endloop
 endfacet
 facet normal  5.131694e-01  8.582874e-01 -0.000000e+00
   outer loop
     vertex  1.990909e+02 -1.285536e+02  0.000000e+00
     vertex  1.988978e+02 -1.284382e+02  1.510000e+00
     vertex  1.990909e+02 -1.285536e+02  1.510000e+00
   endloop
 endfacet
 facet normal  6.920756e-01  7.218251e-01 -0.000000e+00
   outer loop
     vertex  1.992533e+02 -1.287093e+02  0.000000e+00
     vertex  1.990909e+02 -1.285536e+02  1.510000e+00
     vertex  1.992533e+02 -1.287093e+02  1.510000e+00
   endloop
 endfacet
 facet normal  6.920756e-01  7.218251e-01  0.000000e+00
   outer loop
     vertex  1.992533e+02 -1.287093e+02  0.000000e+00
     vertex  1.990909e+02 -1.285536e+02  0.000000e+00
     vertex  1.990909e+02 -1.285536e+02  1.510000e+00
   endloop
 endfacet
 facet normal  8.359424e-01  5.488172e-01 -0.000000e+00
   outer loop
     vertex  1.993768e+02 -1.288974e+02  0.000000e+00
     vertex  1.992533e+02 -1.287093e+02  1.510000e+00
     vertex  1.993768e+02 -1.288974e+02  1.510000e+00
   endloop
 endfacet
 facet normal  8.359424e-01  5.488172e-01  0.000000e+00
   outer loop
     vertex  1.993768e+02 -1.288974e+02  0.000000e+00
     vertex  1.992533e+02 -1.287093e+02  0.000000e+00
     vertex  1.992533e+02 -1.287093e+02  1.510000e+00
   endloop
 endfacet
 facet normal  9.374860e-01  3.480231e-01 -0.000000e+00
   outer loop
     vertex  1.994551e+02 -1.291084e+02  0.000000e+00
     vertex  1.993768e+02 -1.288974e+02  1.510000e+00
     vertex  1.994551e+02 -1.291084e+02  1.510000e+00
   endloop
 endfacet
 facet normal  9.374860e-01  3.480231e-01  0.000000e+00
   outer loop
     vertex  1.994551e+02 -1.291084e+02  0.000000e+00
     vertex  1.993768e+02 -1.288974e+02  0.000000e+00
     vertex  1.993768e+02 -1.288974e+02  1.510000e+00
   endloop
 endfacet
 facet normal  9.915652e-01  1.296088e-01 -0.000000e+00
   outer loop
     vertex  1.994843e+02 -1.293315e+02  0.000000e+00
     vertex  1.994551e+02 -1.291084e+02  1.510000e+00
     vertex  1.994843e+02 -1.293315e+02  1.510000e+00
   endloop
 endfacet
 facet normal  9.915652e-01  1.296088e-01  0.000000e+00
   outer loop
     vertex  1.994843e+02 -1.293315e+02  0.000000e+00
     vertex  1.994551e+02 -1.291084e+02  0.000000e+00
     vertex  1.994551e+02 -1.291084e+02  1.510000e+00
   endloop
 endfacet
 facet normal  9.954421e-01 -9.536753e-02  0.000000e+00
   outer loop
     vertex  1.994628e+02 -1.295555e+02  0.000000e+00
     vertex  1.994843e+02 -1.293315e+02  1.510000e+00
     vertex  1.994628e+02 -1.295555e+02  1.510000e+00
   endloop
 endfacet
 facet normal  9.954421e-01 -9.536753e-02  0.000000e+00
   outer loop
     vertex  1.994628e+02 -1.295555e+02  0.000000e+00
     vertex  1.994843e+02 -1.293315e+02  0.000000e+00
     vertex  1.994843e+02 -1.293315e+02  1.510000e+00
   endloop
 endfacet
 facet normal  9.489204e-01 -3.155155e-01  0.000000e+00
   outer loop
     vertex  1.993919e+02 -1.297690e+02  0.000000e+00
     vertex  1.994628e+02 -1.295555e+02  1.510000e+00
     vertex  1.993919e+02 -1.297690e+02  1.510000e+00
   endloop
 endfacet
 facet normal  9.489204e-01 -3.155155e-01  0.000000e+00
   outer loop
     vertex  1.993919e+02 -1.297690e+02  0.000000e+00
     vertex  1.994628e+02 -1.295555e+02  0.000000e+00
     vertex  1.994628e+02 -1.295555e+02  1.510000e+00
   endloop
 endfacet
 facet normal  9.073995e-01 -4.202692e-01  0.000000e+00
   outer loop
     vertex  1.914446e+02 -1.469278e+02  1.510000e+00
     vertex  1.993919e+02 -1.297690e+02  0.000000e+00
     vertex  1.993919e+02 -1.297690e+02  1.510000e+00
   endloop
 endfacet
 facet normal  9.073995e-01 -4.202692e-01  0.000000e+00
   outer loop
     vertex  1.914446e+02 -1.469278e+02  0.000000e+00
     vertex  1.993919e+02 -1.297690e+02  0.000000e+00
     vertex  1.914446e+02 -1.469278e+02  1.510000e+00
   endloop
 endfacet
 facet normal  8.538440e-01 -5.205290e-01  0.000000e+00
   outer loop
     vertex  1.913265e+02 -1.471215e+02  0.000000e+00
     vertex  1.914446e+02 -1.469278e+02  0.000000e+00
     vertex  1.914446e+02 -1.469278e+02  1.510000e+00
   endloop
 endfacet
 facet normal  8.538440e-01 -5.205290e-01  0.000000e+00
   outer loop
     vertex  1.913265e+02 -1.471215e+02  0.000000e+00
     vertex  1.914446e+02 -1.469278e+02  1.510000e+00
     vertex  1.913265e+02 -1.471215e+02  1.510000e+00
   endloop
 endfacet
 facet normal  7.144877e-01 -6.996480e-01  0.000000e+00
   outer loop
     vertex  1.911677e+02 -1.472837e+02  0.000000e+00
     vertex  1.913265e+02 -1.471215e+02  1.510000e+00
     vertex  1.911677e+02 -1.472837e+02  1.510000e+00
   endloop
 endfacet
 facet normal  7.144877e-01 -6.996480e-01  0.000000e+00
   outer loop
     vertex  1.911677e+02 -1.472837e+02  0.000000e+00
     vertex  1.913265e+02 -1.471215e+02  0.000000e+00
     vertex  1.913265e+02 -1.471215e+02  1.510000e+00
   endloop
 endfacet
 facet normal  5.383326e-01 -8.427325e-01  0.000000e+00
   outer loop
     vertex  1.909765e+02 -1.474059e+02  0.000000e+00
     vertex  1.911677e+02 -1.472837e+02  1.510000e+00
     vertex  1.909765e+02 -1.474059e+02  1.510000e+00
   endloop
 endfacet
 facet normal  5.383326e-01 -8.427325e-01  0.000000e+00
   outer loop
     vertex  1.909765e+02 -1.474059e+02  0.000000e+00
     vertex  1.911677e+02 -1.472837e+02  0.000000e+00
     vertex  1.911677e+02 -1.472837e+02  1.510000e+00
   endloop
 endfacet
 facet normal  3.344513e-01 -9.424130e-01  0.000000e+00
   outer loop
     vertex  1.907626e+02 -1.474818e+02  0.000000e+00
     vertex  1.909765e+02 -1.474059e+02  1.510000e+00
     vertex  1.907626e+02 -1.474818e+02  1.510000e+00
   endloop
 endfacet
 facet normal  3.344513e-01 -9.424130e-01  0.000000e+00
   outer loop
     vertex  1.907626e+02 -1.474818e+02  0.000000e+00
     vertex  1.909765e+02 -1.474059e+02  0.000000e+00
     vertex  1.909765e+02 -1.474059e+02  1.510000e+00
   endloop
 endfacet
 facet normal  1.133446e-01 -9.935557e-01  0.000000e+00
   outer loop
     vertex  1.905371e+02 -1.475075e+02  0.000000e+00
     vertex  1.907626e+02 -1.474818e+02  1.510000e+00
     vertex  1.905371e+02 -1.475075e+02  1.510000e+00
   endloop
 endfacet
 facet normal  1.133446e-01 -9.935557e-01  0.000000e+00
   outer loop
     vertex  1.905371e+02 -1.475075e+02  0.000000e+00
     vertex  1.907626e+02 -1.474818e+02  0.000000e+00
     vertex  1.907626e+02 -1.474818e+02  1.510000e+00
   endloop
 endfacet
 facet normal -1.135999e-01 -9.935266e-01  0.000000e+00
   outer loop
     vertex  1.903116e+02 -1.474817e+02  0.000000e+00
     vertex  1.905371e+02 -1.475075e+02  1.510000e+00
     vertex  1.903116e+02 -1.474817e+02  1.510000e+00
   endloop
 endfacet
 facet normal -1.135999e-01 -9.935266e-01  0.000000e+00
   outer loop
     vertex  1.903116e+02 -1.474817e+02  0.000000e+00
     vertex  1.905371e+02 -1.475075e+02  0.000000e+00
     vertex  1.905371e+02 -1.475075e+02  1.510000e+00
   endloop
 endfacet
 facet normal -3.346935e-01 -9.423270e-01  0.000000e+00
   outer loop
     vertex  1.900978e+02 -1.474057e+02  0.000000e+00
     vertex  1.903116e+02 -1.474817e+02  1.510000e+00
     vertex  1.900978e+02 -1.474057e+02  1.510000e+00
   endloop
 endfacet
 facet normal -3.346935e-01 -9.423270e-01  0.000000e+00
   outer loop
     vertex  1.900978e+02 -1.474057e+02  0.000000e+00
     vertex  1.903116e+02 -1.474817e+02  0.000000e+00
     vertex  1.903116e+02 -1.474817e+02  1.510000e+00
   endloop
 endfacet
 facet normal -4.394700e-01 -8.982573e-01  0.000000e+00
   outer loop
     vertex  1.725405e+02 -1.388159e+02  0.000000e+00
     vertex  1.900978e+02 -1.474057e+02  0.000000e+00
     vertex  1.900978e+02 -1.474057e+02  1.510000e+00
   endloop
 endfacet
 facet normal -4.394700e-01 -8.982573e-01  0.000000e+00
   outer loop
     vertex  1.725405e+02 -1.388159e+02  0.000000e+00
     vertex  1.900978e+02 -1.474057e+02  1.510000e+00
     vertex  1.725405e+02 -1.388159e+02  1.510000e+00
   endloop
 endfacet
 facet normal -3.976134e-01 -9.175530e-01  0.000000e+00
   outer loop
     vertex  1.724559e+02 -1.387792e+02  0.000000e+00
     vertex  1.725405e+02 -1.388159e+02  0.000000e+00
     vertex  1.725405e+02 -1.388159e+02  1.510000e+00
   endloop
 endfacet
 facet normal -3.976134e-01 -9.175530e-01  0.000000e+00
   outer loop
     vertex  1.724559e+02 -1.387792e+02  0.000000e+00
     vertex  1.725405e+02 -1.388159e+02  1.510000e+00
     vertex  1.724559e+02 -1.387792e+02  1.510000e+00
   endloop
 endfacet
 facet normal -3.112410e-01 -9.503310e-01  0.000000e+00
   outer loop
     vertex  1.723681e+02 -1.387505e+02  0.000000e+00
     vertex  1.724559e+02 -1.387792e+02  1.510000e+00
     vertex  1.723681e+02 -1.387505e+02  1.510000e+00
   endloop
 endfacet
 facet normal -3.112410e-01 -9.503310e-01  0.000000e+00
   outer loop
     vertex  1.723681e+02 -1.387505e+02  0.000000e+00
     vertex  1.724559e+02 -1.387792e+02  0.000000e+00
     vertex  1.724559e+02 -1.387792e+02  1.510000e+00
   endloop
 endfacet
 facet normal -2.222123e-01 -9.749983e-01  0.000000e+00
   outer loop
     vertex  1.722781e+02 -1.387300e+02  0.000000e+00
     vertex  1.723681e+02 -1.387505e+02  1.510000e+00
     vertex  1.722781e+02 -1.387300e+02  1.510000e+00
   endloop
 endfacet
 facet normal -2.222123e-01 -9.749983e-01  0.000000e+00
   outer loop
     vertex  1.722781e+02 -1.387300e+02  0.000000e+00
     vertex  1.723681e+02 -1.387505e+02  0.000000e+00
     vertex  1.723681e+02 -1.387505e+02  1.510000e+00
   endloop
 endfacet
 facet normal -1.770521e-01 -9.842015e-01  0.000000e+00
   outer loop
     vertex  1.539622e+02 -1.354351e+02  0.000000e+00
     vertex  1.722781e+02 -1.387300e+02  0.000000e+00
     vertex  1.722781e+02 -1.387300e+02  1.510000e+00
   endloop
 endfacet
 facet normal -1.770521e-01 -9.842015e-01  0.000000e+00
   outer loop
     vertex  1.539622e+02 -1.354351e+02  0.000000e+00
     vertex  1.722781e+02 -1.387300e+02  1.510000e+00
     vertex  1.539622e+02 -1.354351e+02  1.510000e+00
   endloop
 endfacet
 facet normal -2.807172e-01 -9.597905e-01  0.000000e+00
   outer loop
     vertex  1.537580e+02 -1.353753e+02  0.000000e+00
     vertex  1.539622e+02 -1.354351e+02  0.000000e+00
     vertex  1.539622e+02 -1.354351e+02  1.510000e+00
   endloop
 endfacet
 facet normal -2.807172e-01 -9.597905e-01  0.000000e+00
   outer loop
     vertex  1.537580e+02 -1.353753e+02  0.000000e+00
     vertex  1.539622e+02 -1.354351e+02  1.510000e+00
     vertex  1.537580e+02 -1.353753e+02  1.510000e+00
   endloop
 endfacet
 facet normal -4.773498e-01 -8.787133e-01  0.000000e+00
   outer loop
     vertex  1.535711e+02 -1.352738e+02  0.000000e+00
     vertex  1.537580e+02 -1.353753e+02  1.510000e+00
     vertex  1.535711e+02 -1.352738e+02  1.510000e+00
   endloop
 endfacet
 facet normal -4.773498e-01 -8.787133e-01  0.000000e+00
   outer loop
     vertex  1.535711e+02 -1.352738e+02  0.000000e+00
     vertex  1.537580e+02 -1.353753e+02  0.000000e+00
     vertex  1.537580e+02 -1.353753e+02  1.510000e+00
   endloop
 endfacet
 facet normal -6.523882e-01 -7.578850e-01  0.000000e+00
   outer loop
     vertex  1.534099e+02 -1.351351e+02  0.000000e+00
     vertex  1.535711e+02 -1.352738e+02  1.510000e+00
     vertex  1.534099e+02 -1.351351e+02  1.510000e+00
   endloop
 endfacet
 facet normal -6.523882e-01 -7.578850e-01  0.000000e+00
   outer loop
     vertex  1.534099e+02 -1.351351e+02  0.000000e+00
     vertex  1.535711e+02 -1.352738e+02  0.000000e+00
     vertex  1.535711e+02 -1.352738e+02  1.510000e+00
   endloop
 endfacet
 facet normal -7.979138e-01 -6.027715e-01  0.000000e+00
   outer loop
     vertex  1.532817e+02 -1.349653e+02  0.000000e+00
     vertex  1.534099e+02 -1.351351e+02  1.510000e+00
     vertex  1.532817e+02 -1.349653e+02  1.510000e+00
   endloop
 endfacet
 facet normal -7.979138e-01 -6.027715e-01  0.000000e+00
   outer loop
     vertex  1.532817e+02 -1.349653e+02  0.000000e+00
     vertex  1.534099e+02 -1.351351e+02  0.000000e+00
     vertex  1.534099e+02 -1.351351e+02  1.510000e+00
   endloop
 endfacet
 facet normal -8.574929e-01 -5.144957e-01  0.000000e+00
   outer loop
     vertex  1.472066e+02 -1.248402e+02  1.510000e+00
     vertex  1.532817e+02 -1.349653e+02  0.000000e+00
     vertex  1.532817e+02 -1.349653e+02  1.510000e+00
   endloop
 endfacet
 facet normal -8.574929e-01 -5.144957e-01  0.000000e+00
   outer loop
     vertex  1.472066e+02 -1.248402e+02  0.000000e+00
     vertex  1.532817e+02 -1.349653e+02  0.000000e+00
     vertex  1.472066e+02 -1.248402e+02  1.510000e+00
   endloop
 endfacet
 facet normal -7.843078e-01 -6.203718e-01  0.000000e+00
   outer loop
     vertex  1.470473e+02 -1.246387e+02  0.000000e+00
     vertex  1.472066e+02 -1.248402e+02  0.000000e+00
     vertex  1.472066e+02 -1.248402e+02  1.510000e+00
   endloop
 endfacet
 facet normal -7.843078e-01 -6.203718e-01  0.000000e+00
   outer loop
     vertex  1.470473e+02 -1.246387e+02  0.000000e+00
     vertex  1.472066e+02 -1.248402e+02  1.510000e+00
     vertex  1.470473e+02 -1.246387e+02  1.510000e+00
   endloop
 endfacet
 facet normal -6.003873e-01 -7.997094e-01  0.000000e+00
   outer loop
     vertex  1.468418e+02 -1.244845e+02  0.000000e+00
     vertex  1.470473e+02 -1.246387e+02  1.510000e+00
     vertex  1.468418e+02 -1.244845e+02  1.510000e+00
   endloop
 endfacet
 facet normal -6.003873e-01 -7.997094e-01  0.000000e+00
   outer loop
     vertex  1.468418e+02 -1.244845e+02  0.000000e+00
     vertex  1.470473e+02 -1.246387e+02  0.000000e+00
     vertex  1.470473e+02 -1.246387e+02  1.510000e+00
   endloop
 endfacet
 facet normal -3.768480e-01 -9.262751e-01  0.000000e+00
   outer loop
     vertex  1.466039e+02 -1.243877e+02  0.000000e+00
     vertex  1.468418e+02 -1.244845e+02  1.510000e+00
     vertex  1.466039e+02 -1.243877e+02  1.510000e+00
   endloop
 endfacet
 facet normal -3.768480e-01 -9.262751e-01  0.000000e+00
   outer loop
     vertex  1.466039e+02 -1.243877e+02  0.000000e+00
     vertex  1.468418e+02 -1.244845e+02  0.000000e+00
     vertex  1.468418e+02 -1.244845e+02  1.510000e+00
   endloop
 endfacet
 facet normal -1.284409e-01 -9.917172e-01  0.000000e+00
   outer loop
     vertex  1.463491e+02 -1.243547e+02  0.000000e+00
     vertex  1.466039e+02 -1.243877e+02  1.510000e+00
     vertex  1.463491e+02 -1.243547e+02  1.510000e+00
   endloop
 endfacet
 facet normal -1.284409e-01 -9.917172e-01  0.000000e+00
   outer loop
     vertex  1.463491e+02 -1.243547e+02  0.000000e+00
     vertex  1.466039e+02 -1.243877e+02  0.000000e+00
     vertex  1.466039e+02 -1.243877e+02  1.510000e+00
   endloop
 endfacet
 facet normal  3.309945e-16 -1.000000e+00  0.000000e+00
   outer loop
     vertex  1.034153e+02 -1.243547e+02  0.000000e+00
     vertex  1.463491e+02 -1.243547e+02  0.000000e+00
     vertex  1.463491e+02 -1.243547e+02  1.510000e+00
   endloop
 endfacet
 facet normal  3.309945e-16 -1.000000e+00  0.000000e+00
   outer loop
     vertex  1.034153e+02 -1.243547e+02  0.000000e+00
     vertex  1.463491e+02 -1.243547e+02  1.510000e+00
     vertex  1.034153e+02 -1.243547e+02  1.510000e+00
   endloop
 endfacet
 facet normal  1.119638e-01 -9.937123e-01  0.000000e+00
   outer loop
     vertex  1.031928e+02 -1.243797e+02  0.000000e+00
     vertex  1.034153e+02 -1.243547e+02  0.000000e+00
     vertex  1.034153e+02 -1.243547e+02  1.510000e+00
   endloop
 endfacet
 facet normal  1.119638e-01 -9.937123e-01  0.000000e+00
   outer loop
     vertex  1.031928e+02 -1.243797e+02  0.000000e+00
     vertex  1.034153e+02 -1.243547e+02  1.510000e+00
     vertex  1.031928e+02 -1.243797e+02  1.510000e+00
   endloop
 endfacet
 facet normal  3.302787e-01 -9.438835e-01  0.000000e+00
   outer loop
     vertex  1.029814e+02 -1.244537e+02  0.000000e+00
     vertex  1.031928e+02 -1.243797e+02  1.510000e+00
     vertex  1.029814e+02 -1.244537e+02  1.510000e+00
   endloop
 endfacet
 facet normal  3.302787e-01 -9.438835e-01  0.000000e+00
   outer loop
     vertex  1.029814e+02 -1.244537e+02  0.000000e+00
     vertex  1.031928e+02 -1.243797e+02  0.000000e+00
     vertex  1.031928e+02 -1.243797e+02  1.510000e+00
   endloop
 endfacet
 facet normal  5.320319e-01 -8.467243e-01  0.000000e+00
   outer loop
     vertex  1.027918e+02 -1.245728e+02  0.000000e+00
     vertex  1.029814e+02 -1.244537e+02  1.510000e+00
     vertex  1.027918e+02 -1.245728e+02  1.510000e+00
   endloop
 endfacet
 facet normal  5.320319e-01 -8.467243e-01  0.000000e+00
   outer loop
     vertex  1.027918e+02 -1.245728e+02  0.000000e+00
     vertex  1.029814e+02 -1.244537e+02  0.000000e+00
     vertex  1.029814e+02 -1.244537e+02  1.510000e+00
   endloop
 endfacet
 facet normal  7.071068e-01 -7.071068e-01  0.000000e+00
   outer loop
     vertex  1.026335e+02 -1.247312e+02  0.000000e+00
     vertex  1.027918e+02 -1.245728e+02  1.510000e+00
     vertex  1.026335e+02 -1.247312e+02  1.510000e+00
   endloop
 endfacet
 facet normal  7.071068e-01 -7.071068e-01  0.000000e+00
   outer loop
     vertex  1.026335e+02 -1.247312e+02  0.000000e+00
     vertex  1.027918e+02 -1.245728e+02  0.000000e+00
     vertex  1.027918e+02 -1.245728e+02  1.510000e+00
   endloop
 endfacet
 facet normal  8.467243e-01 -5.320319e-01  0.000000e+00
   outer loop
     vertex  1.025144e+02 -1.249208e+02  0.000000e+00
     vertex  1.026335e+02 -1.247312e+02  1.510000e+00
     vertex  1.025144e+02 -1.249208e+02  1.510000e+00
   endloop
 endfacet
 facet normal  8.467243e-01 -5.320319e-01  0.000000e+00
   outer loop
     vertex  1.025144e+02 -1.249208e+02  0.000000e+00
     vertex  1.026335e+02 -1.247312e+02  0.000000e+00
     vertex  1.026335e+02 -1.247312e+02  1.510000e+00
   endloop
 endfacet
 facet normal  9.438835e-01 -3.302787e-01  0.000000e+00
   outer loop
     vertex  1.024404e+02 -1.251321e+02  0.000000e+00
     vertex  1.025144e+02 -1.249208e+02  1.510000e+00
     vertex  1.024404e+02 -1.251321e+02  1.510000e+00
   endloop
 endfacet
 facet normal  9.438835e-01 -3.302787e-01  0.000000e+00
   outer loop
     vertex  1.024404e+02 -1.251321e+02  0.000000e+00
     vertex  1.025144e+02 -1.249208e+02  0.000000e+00
     vertex  1.025144e+02 -1.249208e+02  1.510000e+00
   endloop
 endfacet
 facet normal  9.937123e-01 -1.119638e-01  0.000000e+00
   outer loop
     vertex  1.024153e+02 -1.253547e+02  0.000000e+00
     vertex  1.024404e+02 -1.251321e+02  1.510000e+00
     vertex  1.024153e+02 -1.253547e+02  1.510000e+00
   endloop
 endfacet
 facet normal  9.937123e-01 -1.119638e-01  0.000000e+00
   outer loop
     vertex  1.024153e+02 -1.253547e+02  0.000000e+00
     vertex  1.024404e+02 -1.251321e+02  0.000000e+00
     vertex  1.024404e+02 -1.251321e+02  1.510000e+00
   endloop
 endfacet
 facet normal  9.914448e-01 -1.305265e-01  0.000000e+00
   outer loop
     vertex  1.024051e+02 -1.254323e+02  0.000000e+00
     vertex  1.024153e+02 -1.253547e+02  0.000000e+00
     vertex  1.024153e+02 -1.253547e+02  1.510000e+00
   endloop
 endfacet
 facet normal  9.914448e-01 -1.305265e-01  0.000000e+00
   outer loop
     vertex  1.024051e+02 -1.254323e+02  0.000000e+00
     vertex  1.024153e+02 -1.253547e+02  1.510000e+00
     vertex  1.024051e+02 -1.254323e+02  1.510000e+00
   endloop
 endfacet
 facet normal  9.238795e-01 -3.826836e-01  0.000000e+00
   outer loop
     vertex  1.023751e+02 -1.255047e+02  0.000000e+00
     vertex  1.024051e+02 -1.254323e+02  1.510000e+00
     vertex  1.023751e+02 -1.255047e+02  1.510000e+00
   endloop
 endfacet
 facet normal  9.238795e-01 -3.826836e-01  0.000000e+00
   outer loop
     vertex  1.023751e+02 -1.255047e+02  0.000000e+00
     vertex  1.024051e+02 -1.254323e+02  0.000000e+00
     vertex  1.024051e+02 -1.254323e+02  1.510000e+00
   endloop
 endfacet
 facet normal  7.933533e-01 -6.087615e-01  0.000000e+00
   outer loop
     vertex  1.023275e+02 -1.255668e+02  0.000000e+00
     vertex  1.023751e+02 -1.255047e+02  1.510000e+00
     vertex  1.023275e+02 -1.255668e+02  1.510000e+00
   endloop
 endfacet
 facet normal  7.933533e-01 -6.087615e-01  0.000000e+00
   outer loop
     vertex  1.023275e+02 -1.255668e+02  0.000000e+00
     vertex  1.023751e+02 -1.255047e+02  0.000000e+00
     vertex  1.023751e+02 -1.255047e+02  1.510000e+00
   endloop
 endfacet
 facet normal  6.087615e-01 -7.933533e-01  0.000000e+00
   outer loop
     vertex  1.022653e+02 -1.256145e+02  0.000000e+00
     vertex  1.023275e+02 -1.255668e+02  1.510000e+00
     vertex  1.022653e+02 -1.256145e+02  1.510000e+00
   endloop
 endfacet
 facet normal  6.087615e-01 -7.933533e-01  0.000000e+00
   outer loop
     vertex  1.022653e+02 -1.256145e+02  0.000000e+00
     vertex  1.023275e+02 -1.255668e+02  0.000000e+00
     vertex  1.023275e+02 -1.255668e+02  1.510000e+00
   endloop
 endfacet
 facet normal  3.826836e-01 -9.238795e-01  0.000000e+00
   outer loop
     vertex  1.021930e+02 -1.256444e+02  0.000000e+00
     vertex  1.022653e+02 -1.256145e+02  1.510000e+00
     vertex  1.021930e+02 -1.256444e+02  1.510000e+00
   endloop
 endfacet
 facet normal  3.826836e-01 -9.238795e-01  0.000000e+00
   outer loop
     vertex  1.021930e+02 -1.256444e+02  0.000000e+00
     vertex  1.022653e+02 -1.256145e+02  0.000000e+00
     vertex  1.022653e+02 -1.256145e+02  1.510000e+00
   endloop
 endfacet
 facet normal  1.305265e-01 -9.914448e-01  0.000000e+00
   outer loop
     vertex  1.021153e+02 -1.256547e+02  0.000000e+00
     vertex  1.021930e+02 -1.256444e+02  1.510000e+00
     vertex  1.021153e+02 -1.256547e+02  1.510000e+00
   endloop
 endfacet
 facet normal  1.305265e-01 -9.914448e-01  0.000000e+00
   outer loop
     vertex  1.021153e+02 -1.256547e+02  0.000000e+00
     vertex  1.021930e+02 -1.256444e+02  0.000000e+00
     vertex  1.021930e+02 -1.256444e+02  1.510000e+00
   endloop
 endfacet
 facet normal  0.000000e+00 -1.000000e+00  0.000000e+00
   outer loop
     vertex  8.291533e+01 -1.256547e+02  0.000000e+00
     vertex  1.021153e+02 -1.256547e+02  0.000000e+00
     vertex  1.021153e+02 -1.256547e+02  1.510000e+00
   endloop
 endfacet
 facet normal  0.000000e+00 -1.000000e+00  0.000000e+00
   outer loop
     vertex  8.291533e+01 -1.256547e+02  0.000000e+00
     vertex  1.021153e+02 -1.256547e+02  1.510000e+00
     vertex  8.291533e+01 -1.256547e+02  1.510000e+00
   endloop
 endfacet
 facet normal -1.119638e-01 -9.937123e-01  0.000000e+00
   outer loop
     vertex  8.269281e+01 -1.256296e+02  0.000000e+00
     vertex  8.291533e+01 -1.256547e+02  0.000000e+00
     vertex  8.291533e+01 -1.256547e+02  1.510000e+00
   endloop
 endfacet
 facet normal -1.119638e-01 -9.937123e-01  0.000000e+00
   outer loop
     vertex  8.269281e+01 -1.256296e+02  0.000000e+00
     vertex  8.291533e+01 -1.256547e+02  1.510000e+00
     vertex  8.269281e+01 -1.256296e+02  1.510000e+00
   endloop
 endfacet
 facet normal -3.302787e-01 -9.438835e-01  0.000000e+00
   outer loop
     vertex  8.248145e+01 -1.255556e+02  0.000000e+00
     vertex  8.269281e+01 -1.256296e+02  1.510000e+00
     vertex  8.248145e+01 -1.255556e+02  1.510000e+00
   endloop
 endfacet
 facet normal -3.302787e-01 -9.438835e-01  0.000000e+00
   outer loop
     vertex  8.248145e+01 -1.255556e+02  0.000000e+00
     vertex  8.269281e+01 -1.256296e+02  0.000000e+00
     vertex  8.269281e+01 -1.256296e+02  1.510000e+00
   endloop
 endfacet
 facet normal -5.320319e-01 -8.467243e-01  0.000000e+00
   outer loop
     vertex  8.229184e+01 -1.254365e+02  0.000000e+00
     vertex  8.248145e+01 -1.255556e+02  1.510000e+00
     vertex  8.229184e+01 -1.254365e+02  1.510000e+00
   endloop
 endfacet
 facet normal -5.320319e-01 -8.467243e-01  0.000000e+00
   outer loop
     vertex  8.229184e+01 -1.254365e+02  0.000000e+00
     vertex  8.248145e+01 -1.255556e+02  0.000000e+00
     vertex  8.248145e+01 -1.255556e+02  1.510000e+00
   endloop
 endfacet
 facet normal -7.071068e-01 -7.071068e-01  0.000000e+00
   outer loop
     vertex  8.213350e+01 -1.252782e+02  0.000000e+00
     vertex  8.229184e+01 -1.254365e+02  1.510000e+00
     vertex  8.213350e+01 -1.252782e+02  1.510000e+00
   endloop
 endfacet
 facet normal -7.071068e-01 -7.071068e-01  0.000000e+00
   outer loop
     vertex  8.213350e+01 -1.252782e+02  0.000000e+00
     vertex  8.229184e+01 -1.254365e+02  0.000000e+00
     vertex  8.229184e+01 -1.254365e+02  1.510000e+00
   endloop
 endfacet
 facet normal -8.467243e-01 -5.320319e-01  0.000000e+00
   outer loop
     vertex  8.201436e+01 -1.250885e+02  0.000000e+00
     vertex  8.213350e+01 -1.252782e+02  1.510000e+00
     vertex  8.201436e+01 -1.250885e+02  1.510000e+00
   endloop
 endfacet
 facet normal -8.467243e-01 -5.320319e-01  0.000000e+00
   outer loop
     vertex  8.201436e+01 -1.250885e+02  0.000000e+00
     vertex  8.213350e+01 -1.252782e+02  0.000000e+00
     vertex  8.213350e+01 -1.252782e+02  1.510000e+00
   endloop
 endfacet
 facet normal -9.438835e-01 -3.302787e-01  0.000000e+00
   outer loop
     vertex  8.194040e+01 -1.248772e+02  0.000000e+00
     vertex  8.201436e+01 -1.250885e+02  1.510000e+00
     vertex  8.194040e+01 -1.248772e+02  1.510000e+00
   endloop
 endfacet
 facet normal -9.438835e-01 -3.302787e-01  0.000000e+00
   outer loop
     vertex  8.194040e+01 -1.248772e+02  0.000000e+00
     vertex  8.201436e+01 -1.250885e+02  0.000000e+00
     vertex  8.201436e+01 -1.250885e+02  1.510000e+00
   endloop
 endfacet
 facet normal -9.937123e-01 -1.119638e-01  0.000000e+00
   outer loop
     vertex  8.191533e+01 -1.246547e+02  0.000000e+00
     vertex  8.194040e+01 -1.248772e+02  1.510000e+00
     vertex  8.191533e+01 -1.246547e+02  1.510000e+00
   endloop
 endfacet
 facet normal -9.937123e-01 -1.119638e-01  0.000000e+00
   outer loop
     vertex  8.191533e+01 -1.246547e+02  0.000000e+00
     vertex  8.194040e+01 -1.248772e+02  0.000000e+00
     vertex  8.194040e+01 -1.248772e+02  1.510000e+00
   endloop
 endfacet
 facet normal -9.999999e-01  4.368847e-04  0.000000e+00
   outer loop
     vertex  8.194118e+01 -6.549719e+01  0.000000e+00
     vertex  8.191533e+01 -1.246547e+02  0.000000e+00
     vertex  8.191533e+01 -1.246547e+02  1.510000e+00
   endloop
 endfacet
 facet normal -9.999999e-01  4.368847e-04  0.000000e+00
   outer loop
     vertex  8.194118e+01 -6.549719e+01  0.000000e+00
     vertex  8.191533e+01 -1.246547e+02  1.510000e+00
     vertex  8.194118e+01 -6.549719e+01  1.510000e+00
   endloop
 endfacet
 facet normal -9.923683e-01  1.233093e-01  0.000000e+00
   outer loop
     vertex  8.197158e+01 -6.525248e+01  0.000000e+00
     vertex  8.194118e+01 -6.549719e+01  0.000000e+00
     vertex  8.194118e+01 -6.549719e+01  1.510000e+00
   endloop
 endfacet
 facet normal -9.923683e-01  1.233093e-01  0.000000e+00
   outer loop
     vertex  8.197158e+01 -6.525248e+01  0.000000e+00
     vertex  8.194118e+01 -6.549719e+01  1.510000e+00
     vertex  8.197158e+01 -6.525248e+01  1.510000e+00
   endloop
 endfacet
 facet normal -9.320237e-01  3.623973e-01  0.000000e+00
   outer loop
     vertex  8.206095e+01 -6.502265e+01  0.000000e+00
     vertex  8.197158e+01 -6.525248e+01  1.510000e+00
     vertex  8.206095e+01 -6.502265e+01  1.510000e+00
   endloop
 endfacet
 facet normal -9.320237e-01  3.623973e-01  0.000000e+00
   outer loop
     vertex  8.206095e+01 -6.502265e+01  0.000000e+00
     vertex  8.197158e+01 -6.525248e+01  0.000000e+00
     vertex  8.197158e+01 -6.525248e+01  1.510000e+00
   endloop
 endfacet
 facet normal -8.150079e-01  5.794498e-01  0.000000e+00
   outer loop
     vertex  8.220384e+01 -6.482167e+01  0.000000e+00
     vertex  8.206095e+01 -6.502265e+01  1.510000e+00
     vertex  8.220384e+01 -6.482167e+01  1.510000e+00
   endloop
 endfacet
 facet normal -8.150079e-01  5.794498e-01  0.000000e+00
   outer loop
     vertex  8.220384e+01 -6.482167e+01  0.000000e+00
     vertex  8.206095e+01 -6.502265e+01  0.000000e+00
     vertex  8.206095e+01 -6.502265e+01  1.510000e+00
   endloop
 endfacet
 facet normal -6.484359e-01  7.612692e-01  0.000000e+00
   outer loop
     vertex  8.239156e+01 -6.466177e+01  0.000000e+00
     vertex  8.220384e+01 -6.482167e+01  1.510000e+00
     vertex  8.239156e+01 -6.466177e+01  1.510000e+00
   endloop
 endfacet
 facet normal -6.484359e-01  7.612692e-01  0.000000e+00
   outer loop
     vertex  8.239156e+01 -6.466177e+01  0.000000e+00
     vertex  8.220384e+01 -6.482167e+01  0.000000e+00
     vertex  8.220384e+01 -6.482167e+01  1.510000e+00
   endloop
 endfacet
 facet normal -5.251589e-01  8.510042e-01  0.000000e+00
   outer loop
     vertex  9.866517e+01 -5.461925e+01  0.000000e+00
     vertex  8.239156e+01 -6.466177e+01  0.000000e+00
     vertex  8.239156e+01 -6.466177e+01  1.510000e+00
   endloop
 endfacet
 facet normal -5.251589e-01  8.510042e-01  0.000000e+00
   outer loop
     vertex  9.866517e+01 -5.461925e+01  0.000000e+00
     vertex  8.239156e+01 -6.466177e+01  1.510000e+00
     vertex  9.866517e+01 -5.461925e+01  1.510000e+00
   endloop
 endfacet
 facet normal -4.661371e-01  8.847125e-01  0.000000e+00
   outer loop
     vertex  9.883651e+01 -5.452897e+01  0.000000e+00
     vertex  9.866517e+01 -5.461925e+01  0.000000e+00
     vertex  9.866517e+01 -5.461925e+01  1.510000e+00
   endloop
 endfacet
 facet normal -4.661371e-01  8.847125e-01  0.000000e+00
   outer loop
     vertex  9.883651e+01 -5.452897e+01  0.000000e+00
     vertex  9.866517e+01 -5.461925e+01  1.510000e+00
     vertex  9.883651e+01 -5.452897e+01  1.510000e+00
   endloop
 endfacet
 facet normal -2.868633e-01  9.579715e-01  0.000000e+00
   outer loop
     vertex  9.902203e+01 -5.447342e+01  0.000000e+00
     vertex  9.883651e+01 -5.452897e+01  1.510000e+00
     vertex  9.902203e+01 -5.447342e+01  1.510000e+00
   endloop
 endfacet
 facet normal -2.868633e-01  9.579715e-01  0.000000e+00
   outer loop
     vertex  9.902203e+01 -5.447342e+01  0.000000e+00
     vertex  9.883651e+01 -5.452897e+01  0.000000e+00
     vertex  9.883651e+01 -5.452897e+01  1.510000e+00
   endloop
 endfacet
 facet normal -9.683045e-02  9.953009e-01  0.000000e+00
   outer loop
     vertex  9.921478e+01 -5.445467e+01  0.000000e+00
     vertex  9.902203e+01 -5.447342e+01  1.510000e+00
     vertex  9.921478e+01 -5.445467e+01  1.510000e+00
   endloop
 endfacet
 facet normal -9.683045e-02  9.953009e-01  0.000000e+00
   outer loop
     vertex  9.921478e+01 -5.445467e+01  0.000000e+00
     vertex  9.902203e+01 -5.447342e+01  0.000000e+00
     vertex  9.902203e+01 -5.447342e+01  1.510000e+00
   endloop
 endfacet
 facet normal  0.000000e+00  1.000000e+00  0.000000e+00
   outer loop
     vertex  1.189153e+02 -5.445467e+01  0.000000e+00
     vertex  9.921478e+01 -5.445467e+01  0.000000e+00
     vertex  9.921478e+01 -5.445467e+01  1.510000e+00
   endloop
 endfacet
 facet normal  0.000000e+00  1.000000e+00 -0.000000e+00
   outer loop
     vertex  1.189153e+02 -5.445467e+01  0.000000e+00
     vertex  9.921478e+01 -5.445467e+01  1.510000e+00
     vertex  1.189153e+02 -5.445467e+01  1.510000e+00
   endloop
 endfacet
 facet normal -1.119638e-01  9.937123e-01  0.000000e+00
   outer loop
     vertex  1.191379e+02 -5.442959e+01  0.000000e+00
     vertex  1.189153e+02 -5.445467e+01  0.000000e+00
     vertex  1.189153e+02 -5.445467e+01  1.510000e+00
   endloop
 endfacet
 facet normal -1.119638e-01  9.937123e-01  0.000000e+00
   outer loop
     vertex  1.191379e+02 -5.442959e+01  0.000000e+00
     vertex  1.189153e+02 -5.445467e+01  1.510000e+00
     vertex  1.191379e+02 -5.442959e+01  1.510000e+00
   endloop
 endfacet
 facet normal -3.302787e-01  9.438835e-01  0.000000e+00
   outer loop
     vertex  1.193492e+02 -5.435564e+01  0.000000e+00
     vertex  1.191379e+02 -5.442959e+01  1.510000e+00
     vertex  1.193492e+02 -5.435564e+01  1.510000e+00
   endloop
 endfacet
 facet normal -3.302787e-01  9.438835e-01  0.000000e+00
   outer loop
     vertex  1.193492e+02 -5.435564e+01  0.000000e+00
     vertex  1.191379e+02 -5.442959e+01  0.000000e+00
     vertex  1.191379e+02 -5.442959e+01  1.510000e+00
   endloop
 endfacet
 facet normal -5.320319e-01  8.467243e-01  0.000000e+00
   outer loop
     vertex  1.195388e+02 -5.423650e+01  0.000000e+00
     vertex  1.193492e+02 -5.435564e+01  1.510000e+00
     vertex  1.195388e+02 -5.423650e+01  1.510000e+00
   endloop
 endfacet
 facet normal -5.320319e-01  8.467243e-01  0.000000e+00
   outer loop
     vertex  1.195388e+02 -5.423650e+01  0.000000e+00
     vertex  1.193492e+02 -5.435564e+01  0.000000e+00
     vertex  1.193492e+02 -5.435564e+01  1.510000e+00
   endloop
 endfacet
 facet normal -7.071068e-01  7.071068e-01  0.000000e+00
   outer loop
     vertex  1.196972e+02 -5.407816e+01  0.000000e+00
     vertex  1.195388e+02 -5.423650e+01  1.510000e+00
     vertex  1.196972e+02 -5.407816e+01  1.510000e+00
   endloop
 endfacet
 facet normal -7.071068e-01  7.071068e-01  0.000000e+00
   outer loop
     vertex  1.196972e+02 -5.407816e+01  0.000000e+00
     vertex  1.195388e+02 -5.423650e+01  0.000000e+00
     vertex  1.195388e+02 -5.423650e+01  1.510000e+00
   endloop
 endfacet
 facet normal -8.467243e-01  5.320319e-01  0.000000e+00
   outer loop
     vertex  1.198163e+02 -5.388855e+01  0.000000e+00
     vertex  1.196972e+02 -5.407816e+01  1.510000e+00
     vertex  1.198163e+02 -5.388855e+01  1.510000e+00
   endloop
 endfacet
 facet normal -9.438835e-01  3.302787e-01  0.000000e+00
   outer loop
     vertex  1.198163e+02 -5.388855e+01  0.000000e+00
     vertex  1.198163e+02 -5.388855e+01  1.510000e+00
     vertex  1.198903e+02 -5.367719e+01  1.510000e+00
   endloop
 endfacet
 facet normal -8.467243e-01  5.320319e-01  0.000000e+00
   outer loop
     vertex  1.198163e+02 -5.388855e+01  0.000000e+00
     vertex  1.196972e+02 -5.407816e+01  0.000000e+00
     vertex  1.196972e+02 -5.407816e+01  1.510000e+00
   endloop
 endfacet
 facet normal -9.438835e-01  3.302787e-01  0.000000e+00
   outer loop
     vertex  1.198903e+02 -5.367719e+01  0.000000e+00
     vertex  1.198163e+02 -5.388855e+01  0.000000e+00
     vertex  1.198903e+02 -5.367719e+01  1.510000e+00
   endloop
 endfacet
 facet normal -9.937123e-01  1.119638e-01  0.000000e+00
   outer loop
     vertex  1.199153e+02 -5.345467e+01  0.000000e+00
     vertex  1.198903e+02 -5.367719e+01  1.510000e+00
     vertex  1.199153e+02 -5.345467e+01  1.510000e+00
   endloop
 endfacet
 facet normal -9.937123e-01  1.119638e-01  0.000000e+00
   outer loop
     vertex  1.199153e+02 -5.345467e+01  0.000000e+00
     vertex  1.198903e+02 -5.367719e+01  0.000000e+00
     vertex  1.198903e+02 -5.367719e+01  1.510000e+00
   endloop
 endfacet
 facet normal -1.000000e+00  0.000000e+00  0.000000e+00
   outer loop
     vertex  1.199153e+02 -5.065467e+01  0.000000e+00
     vertex  1.199153e+02 -5.345467e+01  0.000000e+00
     vertex  1.199153e+02 -5.345467e+01  1.510000e+00
   endloop
 endfacet
 facet normal -1.000000e+00  0.000000e+00  0.000000e+00
   outer loop
     vertex  1.199153e+02 -5.065467e+01  0.000000e+00
     vertex  1.199153e+02 -5.345467e+01  1.510000e+00
     vertex  1.199153e+02 -5.065467e+01  1.510000e+00
   endloop
 endfacet
 facet normal -9.937123e-01  1.119638e-01  0.000000e+00
   outer loop
     vertex  1.199404e+02 -5.043215e+01  0.000000e+00
     vertex  1.199153e+02 -5.065467e+01  0.000000e+00
     vertex  1.199153e+02 -5.065467e+01  1.510000e+00
   endloop
 endfacet
 facet normal -9.937123e-01  1.119638e-01  0.000000e+00
   outer loop
     vertex  1.199404e+02 -5.043215e+01  0.000000e+00
     vertex  1.199153e+02 -5.065467e+01  1.510000e+00
     vertex  1.199404e+02 -5.043215e+01  1.510000e+00
   endloop
 endfacet
 facet normal -9.438835e-01  3.302787e-01  0.000000e+00
   outer loop
     vertex  1.200144e+02 -5.022078e+01  0.000000e+00
     vertex  1.199404e+02 -5.043215e+01  1.510000e+00
     vertex  1.200144e+02 -5.022078e+01  1.510000e+00
   endloop
 endfacet
 facet normal -9.438835e-01  3.302787e-01  0.000000e+00
   outer loop
     vertex  1.200144e+02 -5.022078e+01  0.000000e+00
     vertex  1.199404e+02 -5.043215e+01  0.000000e+00
     vertex  1.199404e+02 -5.043215e+01  1.510000e+00
   endloop
 endfacet
 facet normal -8.467243e-01  5.320319e-01  0.000000e+00
   outer loop
     vertex  1.201335e+02 -5.003118e+01  0.000000e+00
     vertex  1.200144e+02 -5.022078e+01  1.510000e+00
     vertex  1.201335e+02 -5.003118e+01  1.510000e+00
   endloop
 endfacet
 facet normal -8.467243e-01  5.320319e-01  0.000000e+00
   outer loop
     vertex  1.201335e+02 -5.003118e+01  0.000000e+00
     vertex  1.200144e+02 -5.022078e+01  0.000000e+00
     vertex  1.200144e+02 -5.022078e+01  1.510000e+00
   endloop
 endfacet
 facet normal -7.071068e-01  7.071068e-01  0.000000e+00
   outer loop
     vertex  1.202918e+02 -4.987283e+01  0.000000e+00
     vertex  1.201335e+02 -5.003118e+01  1.510000e+00
     vertex  1.202918e+02 -4.987283e+01  1.510000e+00
   endloop
 endfacet
 facet normal -7.071068e-01  7.071068e-01  0.000000e+00
   outer loop
     vertex  1.202918e+02 -4.987283e+01  0.000000e+00
     vertex  1.201335e+02 -5.003118e+01  0.000000e+00
     vertex  1.201335e+02 -5.003118e+01  1.510000e+00
   endloop
 endfacet
 facet normal -5.320319e-01  8.467243e-01  0.000000e+00
   outer loop
     vertex  1.204814e+02 -4.975370e+01  0.000000e+00
     vertex  1.202918e+02 -4.987283e+01  1.510000e+00
     vertex  1.204814e+02 -4.975370e+01  1.510000e+00
   endloop
 endfacet
 facet normal -5.320319e-01  8.467243e-01  0.000000e+00
   outer loop
     vertex  1.204814e+02 -4.975370e+01  0.000000e+00
     vertex  1.202918e+02 -4.987283e+01  0.000000e+00
     vertex  1.202918e+02 -4.987283e+01  1.510000e+00
   endloop
 endfacet
 facet normal -3.302787e-01  9.438835e-01  0.000000e+00
   outer loop
     vertex  1.206928e+02 -4.967974e+01  0.000000e+00
     vertex  1.204814e+02 -4.975370e+01  1.510000e+00
     vertex  1.206928e+02 -4.967974e+01  1.510000e+00
   endloop
 endfacet
 facet normal -3.302787e-01  9.438835e-01  0.000000e+00
   outer loop
     vertex  1.206928e+02 -4.967974e+01  0.000000e+00
     vertex  1.204814e+02 -4.975370e+01  0.000000e+00
     vertex  1.204814e+02 -4.975370e+01  1.510000e+00
   endloop
 endfacet
 facet normal -1.119638e-01  9.937123e-01  0.000000e+00
   outer loop
     vertex  1.209153e+02 -4.965467e+01  0.000000e+00
     vertex  1.206928e+02 -4.967974e+01  1.510000e+00
     vertex  1.209153e+02 -4.965467e+01  1.510000e+00
   endloop
 endfacet
 facet normal -1.119638e-01  9.937123e-01  0.000000e+00
   outer loop
     vertex  1.209153e+02 -4.965467e+01  0.000000e+00
     vertex  1.206928e+02 -4.967974e+01  0.000000e+00
     vertex  1.206928e+02 -4.967974e+01  1.510000e+00
   endloop
 endfacet
 facet normal  7.681543e-16  1.000000e+00  0.000000e+00
   outer loop
     vertex  1.394153e+02 -4.965467e+01  0.000000e+00
     vertex  1.209153e+02 -4.965467e+01  0.000000e+00
     vertex  1.209153e+02 -4.965467e+01  1.510000e+00
   endloop
 endfacet
 facet normal  7.681543e-16  1.000000e+00 -0.000000e+00
   outer loop
     vertex  1.394153e+02 -4.965467e+01  0.000000e+00
     vertex  1.209153e+02 -4.965467e+01  1.510000e+00
     vertex  1.394153e+02 -4.965467e+01  1.510000e+00
   endloop
 endfacet
 facet normal  0.000000e+00  0.000000e+00 -1.000000e+00
   outer loop
     vertex  8.194040e+01 -1.248772e+02  0.000000e+00
     vertex  8.269281e+01 -1.256296e+02  0.000000e+00
     vertex  8.248145e+01 -1.255556e+02  0.000000e+00
   endloop
 endfacet
 facet normal  0.000000e+00  0.000000e+00 -1.000000e+00
   outer loop
     vertex  8.194040e+01 -1.248772e+02  0.000000e+00
     vertex  8.248145e+01 -1.255556e+02  0.000000e+00
     vertex  8.229184e+01 -1.254365e+02  0.000000e+00
   endloop
 endfacet
 facet normal  0.000000e+00  0.000000e+00 -1.000000e+00
   outer loop
     vertex  8.194040e+01 -1.248772e+02  0.000000e+00
     vertex  8.229184e+01 -1.254365e+02  0.000000e+00
     vertex  8.213350e+01 -1.252782e+02  0.000000e+00
   endloop
 endfacet
 facet normal  0.000000e+00  0.000000e+00 -1.000000e+00
   outer loop
     vertex  8.194040e+01 -1.248772e+02  0.000000e+00
     vertex  8.213350e+01 -1.252782e+02  0.000000e+00
     vertex  8.201436e+01 -1.250885e+02  0.000000e+00
   endloop
 endfacet
 facet normal  0.000000e+00  0.000000e+00 -1.000000e+00
   outer loop
     vertex  8.191533e+01 -1.246547e+02  0.000000e+00
     vertex  8.291533e+01 -1.256547e+02  0.000000e+00
     vertex  8.269281e+01 -1.256296e+02  0.000000e+00
   endloop
 endfacet
 facet normal  0.000000e+00  0.000000e+00 -1.000000e+00
   outer loop
     vertex  8.191533e+01 -1.246547e+02  0.000000e+00
     vertex  8.269281e+01 -1.256296e+02  0.000000e+00
     vertex  8.194040e+01 -1.248772e+02  0.000000e+00
   endloop
 endfacet
 facet normal  0.000000e+00  0.000000e+00 -1.000000e+00
   outer loop
     vertex  1.023275e+02 -1.255668e+02  0.000000e+00
     vertex  1.022653e+02 -1.256145e+02  0.000000e+00
     vertex  1.021930e+02 -1.256444e+02  0.000000e+00
   endloop
 endfacet
 facet normal  0.000000e+00  0.000000e+00 -1.000000e+00
   outer loop
     vertex  1.023751e+02 -1.255047e+02  0.000000e+00
     vertex  1.021930e+02 -1.256444e+02  0.000000e+00
     vertex  1.021153e+02 -1.256547e+02  0.000000e+00
   endloop
 endfacet
 facet normal  0.000000e+00  0.000000e+00 -1.000000e+00
   outer loop
     vertex  1.023751e+02 -1.255047e+02  0.000000e+00
     vertex  1.023275e+02 -1.255668e+02  0.000000e+00
     vertex  1.021930e+02 -1.256444e+02  0.000000e+00
   endloop
 endfacet
 facet normal  0.000000e+00  0.000000e+00 -1.000000e+00
   outer loop
     vertex  1.024153e+02 -1.253547e+02  0.000000e+00
     vertex  1.024051e+02 -1.254323e+02  0.000000e+00
     vertex  1.023751e+02 -1.255047e+02  0.000000e+00
   endloop
 endfacet
 facet normal  0.000000e+00  0.000000e+00 -1.000000e+00
   outer loop
     vertex  1.024153e+02 -1.253547e+02  0.000000e+00
     vertex  1.023751e+02 -1.255047e+02  0.000000e+00
     vertex  1.021153e+02 -1.256547e+02  0.000000e+00
   endloop
 endfacet
 facet normal  0.000000e+00  0.000000e+00 -1.000000e+00
   outer loop
     vertex  1.024404e+02 -1.251321e+02  0.000000e+00
     vertex  1.024153e+02 -1.253547e+02  0.000000e+00
     vertex  1.021153e+02 -1.256547e+02  0.000000e+00
   endloop
 endfacet
 facet normal  0.000000e+00  0.000000e+00 -1.000000e+00
   outer loop
     vertex  1.025144e+02 -1.249208e+02  0.000000e+00
     vertex  1.021153e+02 -1.256547e+02  0.000000e+00
     vertex  8.291533e+01 -1.256547e+02  0.000000e+00
   endloop
 endfacet
 facet normal  0.000000e+00  0.000000e+00 -1.000000e+00
   outer loop
     vertex  1.025144e+02 -1.249208e+02  0.000000e+00
     vertex  1.024404e+02 -1.251321e+02  0.000000e+00
     vertex  1.021153e+02 -1.256547e+02  0.000000e+00
   endloop
 endfacet
 facet normal -0.000000e+00  0.000000e+00 -1.000000e+00
   outer loop
     vertex  1.026335e+02 -1.247312e+02  0.000000e+00
     vertex  8.291533e+01 -1.256547e+02  0.000000e+00
     vertex  8.191533e+01 -1.246547e+02  0.000000e+00
   endloop
 endfacet
 facet normal  0.000000e+00  0.000000e+00 -1.000000e+00
   outer loop
     vertex  1.026335e+02 -1.247312e+02  0.000000e+00
     vertex  1.025144e+02 -1.249208e+02  0.000000e+00
     vertex  8.291533e+01 -1.256547e+02  0.000000e+00
   endloop
 endfacet
 facet normal  0.000000e+00  0.000000e+00 -1.000000e+00
   outer loop
     vertex  1.027918e+02 -1.245728e+02  0.000000e+00
     vertex  1.026335e+02 -1.247312e+02  0.000000e+00
     vertex  8.191533e+01 -1.246547e+02  0.000000e+00
   endloop
 endfacet
 facet normal  0.000000e+00  0.000000e+00 -1.000000e+00
   outer loop
     vertex  1.029814e+02 -1.244537e+02  0.000000e+00
     vertex  1.027918e+02 -1.245728e+02  0.000000e+00
     vertex  8.191533e+01 -1.246547e+02  0.000000e+00
   endloop
 endfacet
 facet normal  0.000000e+00  0.000000e+00 -1.000000e+00
   outer loop
     vertex  8.194118e+01 -6.549719e+01  0.000000e+00
     vertex  1.034153e+02 -1.243547e+02  0.000000e+00
     vertex  1.031928e+02 -1.243797e+02  0.000000e+00
   endloop
 endfacet
 facet normal  0.000000e+00  0.000000e+00 -1.000000e+00
   outer loop
     vertex  8.194118e+01 -6.549719e+01  0.000000e+00
     vertex  1.031928e+02 -1.243797e+02  0.000000e+00
     vertex  1.029814e+02 -1.244537e+02  0.000000e+00
   endloop
 endfacet
 facet normal  0.000000e+00 -0.000000e+00 -1.000000e+00
   outer loop
     vertex  8.194118e+01 -6.549719e+01  0.000000e+00
     vertex  1.029814e+02 -1.244537e+02  0.000000e+00
     vertex  8.191533e+01 -1.246547e+02  0.000000e+00
   endloop
 endfacet
 facet normal  0.000000e+00  0.000000e+00 -1.000000e+00
   outer loop
     vertex  8.206095e+01 -6.502265e+01  0.000000e+00
     vertex  8.194118e+01 -6.549719e+01  0.000000e+00
     vertex  8.197158e+01 -6.525248e+01  0.000000e+00
   endloop
 endfacet
 facet normal  0.000000e+00  0.000000e+00 -1.000000e+00
   outer loop
     vertex  8.239156e+01 -6.466177e+01  0.000000e+00
     vertex  8.206095e+01 -6.502265e+01  0.000000e+00
     vertex  8.220384e+01 -6.482167e+01  0.000000e+00
   endloop
 endfacet
 facet normal  0.000000e+00  0.000000e+00 -1.000000e+00
   outer loop
     vertex  8.239156e+01 -6.466177e+01  0.000000e+00
     vertex  8.194118e+01 -6.549719e+01  0.000000e+00
     vertex  8.206095e+01 -6.502265e+01  0.000000e+00
   endloop
 endfacet
 facet normal  0.000000e+00  0.000000e+00 -1.000000e+00
   outer loop
     vertex  1.532817e+02 -1.349653e+02  0.000000e+00
     vertex  1.535711e+02 -1.352738e+02  0.000000e+00
     vertex  1.534099e+02 -1.351351e+02  0.000000e+00
   endloop
 endfacet
 facet normal  0.000000e+00  0.000000e+00 -1.000000e+00
   outer loop
     vertex  1.537580e+02 -1.353753e+02  0.000000e+00
     vertex  1.535711e+02 -1.352738e+02  0.000000e+00
     vertex  1.532817e+02 -1.349653e+02  0.000000e+00
   endloop
 endfacet
 facet normal  0.000000e+00  0.000000e+00 -1.000000e+00
   outer loop
     vertex  1.539622e+02 -1.354351e+02  0.000000e+00
     vertex  1.537580e+02 -1.353753e+02  0.000000e+00
     vertex  1.532817e+02 -1.349653e+02  0.000000e+00
   endloop
 endfacet
 facet normal  0.000000e+00  0.000000e+00 -1.000000e+00
   outer loop
     vertex  1.472066e+02 -1.248402e+02  0.000000e+00
     vertex  1.539622e+02 -1.354351e+02  0.000000e+00
     vertex  1.532817e+02 -1.349653e+02  0.000000e+00
   endloop
 endfacet
 facet normal  0.000000e+00  0.000000e+00 -1.000000e+00
   outer loop
     vertex  1.905371e+02 -1.475075e+02  0.000000e+00
     vertex  1.903116e+02 -1.474817e+02  0.000000e+00
     vertex  1.900978e+02 -1.474057e+02  0.000000e+00
   endloop
 endfacet
 facet normal  0.000000e+00  0.000000e+00 -1.000000e+00
   outer loop
     vertex  1.909765e+02 -1.474059e+02  0.000000e+00
     vertex  1.907626e+02 -1.474818e+02  0.000000e+00
     vertex  1.905371e+02 -1.475075e+02  0.000000e+00
   endloop
 endfacet
 facet normal  0.000000e+00  0.000000e+00 -1.000000e+00
   outer loop
     vertex  9.866517e+01 -5.461925e+01  0.000000e+00
     vertex  8.194118e+01 -6.549719e+01  0.000000e+00
     vertex  8.239156e+01 -6.466177e+01  0.000000e+00
   endloop
 endfacet
 facet normal  0.000000e+00  0.000000e+00 -1.000000e+00
   outer loop
     vertex  1.913265e+02 -1.471215e+02  0.000000e+00
     vertex  1.911677e+02 -1.472837e+02  0.000000e+00
     vertex  1.909765e+02 -1.474059e+02  0.000000e+00
   endloop
 endfacet
 facet normal  0.000000e+00  0.000000e+00 -1.000000e+00
   outer loop
     vertex  1.914446e+02 -1.469278e+02  0.000000e+00
     vertex  1.905371e+02 -1.475075e+02  0.000000e+00
     vertex  1.900978e+02 -1.474057e+02  0.000000e+00
   endloop
 endfacet
 facet normal  0.000000e+00  0.000000e+00 -1.000000e+00
   outer loop
     vertex  1.914446e+02 -1.469278e+02  0.000000e+00
     vertex  1.909765e+02 -1.474059e+02  0.000000e+00
     vertex  1.905371e+02 -1.475075e+02  0.000000e+00
   endloop
 endfacet
 facet normal  0.000000e+00  0.000000e+00 -1.000000e+00
   outer loop
     vertex  1.914446e+02 -1.469278e+02  0.000000e+00
     vertex  1.913265e+02 -1.471215e+02  0.000000e+00
     vertex  1.909765e+02 -1.474059e+02  0.000000e+00
   endloop
 endfacet
 facet normal  0.000000e+00  0.000000e+00 -1.000000e+00
   outer loop
     vertex  9.921478e+01 -5.445467e+01  0.000000e+00
     vertex  9.866517e+01 -5.461925e+01  0.000000e+00
     vertex  9.883651e+01 -5.452897e+01  0.000000e+00
   endloop
 endfacet
 facet normal  0.000000e+00  0.000000e+00 -1.000000e+00
   outer loop
     vertex  9.921478e+01 -5.445467e+01  0.000000e+00
     vertex  9.883651e+01 -5.452897e+01  0.000000e+00
     vertex  9.902203e+01 -5.447342e+01  0.000000e+00
   endloop
 endfacet
 facet normal  0.000000e+00  0.000000e+00 -1.000000e+00
   outer loop
     vertex  1.848421e+02 -1.219445e+02  0.000000e+00
     vertex  1.725405e+02 -1.388159e+02  0.000000e+00
     vertex  1.724559e+02 -1.387792e+02  0.000000e+00
   endloop
 endfacet
 facet normal  0.000000e+00  0.000000e+00 -1.000000e+00
   outer loop
     vertex  1.848421e+02 -1.219445e+02  0.000000e+00
     vertex  1.724559e+02 -1.387792e+02  0.000000e+00
     vertex  1.723681e+02 -1.387505e+02  0.000000e+00
   endloop
 endfacet
 facet normal -0.000000e+00  0.000000e+00 -1.000000e+00
   outer loop
     vertex  1.850061e+02 -1.221034e+02  0.000000e+00
     vertex  1.725405e+02 -1.388159e+02  0.000000e+00
     vertex  1.848421e+02 -1.219445e+02  0.000000e+00
   endloop
 endfacet
 facet normal  0.000000e+00 -0.000000e+00 -1.000000e+00
   outer loop
     vertex  1.847183e+02 -1.217524e+02  0.000000e+00
     vertex  1.848421e+02 -1.219445e+02  0.000000e+00
     vertex  1.723681e+02 -1.387505e+02  0.000000e+00
   endloop
 endfacet
 facet normal  0.000000e+00  0.000000e+00 -1.000000e+00
   outer loop
     vertex  1.847183e+02 -1.217524e+02  0.000000e+00
     vertex  1.723681e+02 -1.387505e+02  0.000000e+00
     vertex  1.722781e+02 -1.387300e+02  0.000000e+00
   endloop
 endfacet
 facet normal  0.000000e+00  0.000000e+00 -1.000000e+00
   outer loop
     vertex  1.852020e+02 -1.222210e+02  0.000000e+00
     vertex  1.914446e+02 -1.469278e+02  0.000000e+00
     vertex  1.900978e+02 -1.474057e+02  0.000000e+00
   endloop
 endfacet
 facet normal -0.000000e+00  0.000000e+00 -1.000000e+00
   outer loop
     vertex  1.852020e+02 -1.222210e+02  0.000000e+00
     vertex  1.725405e+02 -1.388159e+02  0.000000e+00
     vertex  1.850061e+02 -1.221034e+02  0.000000e+00
   endloop
 endfacet
 facet normal  0.000000e+00 -0.000000e+00 -1.000000e+00
   outer loop
     vertex  1.852020e+02 -1.222210e+02  0.000000e+00
     vertex  1.900978e+02 -1.474057e+02  0.000000e+00
     vertex  1.725405e+02 -1.388159e+02  0.000000e+00
   endloop
 endfacet
 facet normal  0.000000e+00 -0.000000e+00 -1.000000e+00
   outer loop
     vertex  1.846414e+02 -1.215373e+02  0.000000e+00
     vertex  1.847183e+02 -1.217524e+02  0.000000e+00
     vertex  1.722781e+02 -1.387300e+02  0.000000e+00
   endloop
 endfacet
 facet normal  0.000000e+00 -0.000000e+00 -1.000000e+00
   outer loop
     vertex  1.846153e+02 -1.213104e+02  0.000000e+00
     vertex  1.846414e+02 -1.215373e+02  0.000000e+00
     vertex  1.722781e+02 -1.387300e+02  0.000000e+00
   endloop
 endfacet
 facet normal  0.000000e+00  0.000000e+00 -1.000000e+00
   outer loop
     vertex  1.846153e+02 -1.213104e+02  0.000000e+00
     vertex  1.472066e+02 -1.248402e+02  0.000000e+00
     vertex  1.470473e+02 -1.246387e+02  0.000000e+00
   endloop
 endfacet
 facet normal  0.000000e+00  0.000000e+00 -1.000000e+00
   outer loop
     vertex  1.846153e+02 -1.213104e+02  0.000000e+00
     vertex  1.470473e+02 -1.246387e+02  0.000000e+00
     vertex  1.468418e+02 -1.244845e+02  0.000000e+00
   endloop
 endfacet
 facet normal  0.000000e+00  0.000000e+00 -1.000000e+00
   outer loop
     vertex  1.846153e+02 -1.213104e+02  0.000000e+00
     vertex  1.722781e+02 -1.387300e+02  0.000000e+00
     vertex  1.539622e+02 -1.354351e+02  0.000000e+00
   endloop
 endfacet
 facet normal  0.000000e+00  0.000000e+00 -1.000000e+00
   outer loop
     vertex  1.846153e+02 -1.213104e+02  0.000000e+00
     vertex  1.539622e+02 -1.354351e+02  0.000000e+00
     vertex  1.472066e+02 -1.248402e+02  0.000000e+00
   endloop
 endfacet
 facet normal  0.000000e+00  0.000000e+00 -1.000000e+00
   outer loop
     vertex  1.189153e+02 -5.445467e+01  0.000000e+00
     vertex  8.194118e+01 -6.549719e+01  0.000000e+00
     vertex  9.866517e+01 -5.461925e+01  0.000000e+00
   endloop
 endfacet
 facet normal  0.000000e+00  0.000000e+00 -1.000000e+00
   outer loop
     vertex  1.189153e+02 -5.445467e+01  0.000000e+00
     vertex  1.034153e+02 -1.243547e+02  0.000000e+00
     vertex  8.194118e+01 -6.549719e+01  0.000000e+00
   endloop
 endfacet
 facet normal -0.000000e+00  0.000000e+00 -1.000000e+00
   outer loop
     vertex  1.189153e+02 -5.445467e+01  0.000000e+00
     vertex  9.866517e+01 -5.461925e+01  0.000000e+00
     vertex  9.921478e+01 -5.445467e+01  0.000000e+00
   endloop
 endfacet
 facet normal  0.000000e+00 -0.000000e+00 -1.000000e+00
   outer loop
     vertex  1.191379e+02 -5.442959e+01  0.000000e+00
     vertex  1.463491e+02 -1.243547e+02  0.000000e+00
     vertex  1.034153e+02 -1.243547e+02  0.000000e+00
   endloop
 endfacet
 facet normal  0.000000e+00  0.000000e+00 -1.000000e+00
   outer loop
     vertex  1.191379e+02 -5.442959e+01  0.000000e+00
     vertex  1.034153e+02 -1.243547e+02  0.000000e+00
     vertex  1.189153e+02 -5.445467e+01  0.000000e+00
   endloop
 endfacet
 facet normal -0.000000e+00  0.000000e+00 -1.000000e+00
   outer loop
     vertex  1.993919e+02 -1.297690e+02  0.000000e+00
     vertex  1.914446e+02 -1.469278e+02  0.000000e+00
     vertex  1.852020e+02 -1.222210e+02  0.000000e+00
   endloop
 endfacet
 facet normal  0.000000e+00  0.000000e+00 -1.000000e+00
   outer loop
     vertex  1.200144e+02 -5.022078e+01  0.000000e+00
     vertex  1.199153e+02 -5.065467e+01  0.000000e+00
     vertex  1.199404e+02 -5.043215e+01  0.000000e+00
   endloop
 endfacet
 facet normal -0.000000e+00 -0.000000e+00 -1.000000e+00
   outer loop
     vertex  1.988978e+02 -1.284382e+02  0.000000e+00
     vertex  1.993919e+02 -1.297690e+02  0.000000e+00
     vertex  1.852020e+02 -1.222210e+02  0.000000e+00
   endloop
 endfacet
 facet normal  0.000000e+00  0.000000e+00 -1.000000e+00
   outer loop
     vertex  1.992533e+02 -1.287093e+02  0.000000e+00
     vertex  1.988978e+02 -1.284382e+02  0.000000e+00
     vertex  1.990909e+02 -1.285536e+02  0.000000e+00
   endloop
 endfacet
 facet normal  0.000000e+00  0.000000e+00 -1.000000e+00
   outer loop
     vertex  1.992533e+02 -1.287093e+02  0.000000e+00
     vertex  1.993768e+02 -1.288974e+02  0.000000e+00
     vertex  1.994551e+02 -1.291084e+02  0.000000e+00
   endloop
 endfacet
 facet normal  0.000000e+00  0.000000e+00 -1.000000e+00
   outer loop
     vertex  1.992533e+02 -1.287093e+02  0.000000e+00
     vertex  1.994551e+02 -1.291084e+02  0.000000e+00
     vertex  1.994843e+02 -1.293315e+02  0.000000e+00
   endloop
 endfacet
 facet normal  0.000000e+00  0.000000e+00 -1.000000e+00
   outer loop
     vertex  1.992533e+02 -1.287093e+02  0.000000e+00
     vertex  1.994843e+02 -1.293315e+02  0.000000e+00
     vertex  1.994628e+02 -1.295555e+02  0.000000e+00
   endloop
 endfacet
 facet normal  0.000000e+00  0.000000e+00 -1.000000e+00
   outer loop
     vertex  1.992533e+02 -1.287093e+02  0.000000e+00
     vertex  1.994628e+02 -1.295555e+02  0.000000e+00
     vertex  1.993919e+02 -1.297690e+02  0.000000e+00
   endloop
 endfacet
 facet normal -0.000000e+00 -0.000000e+00 -1.000000e+00
   outer loop
     vertex  1.992533e+02 -1.287093e+02  0.000000e+00
     vertex  1.993919e+02 -1.297690e+02  0.000000e+00
     vertex  1.988978e+02 -1.284382e+02  0.000000e+00
   endloop
 endfacet
 facet normal  0.000000e+00  0.000000e+00 -1.000000e+00
   outer loop
     vertex  1.209153e+02 -4.965467e+01  0.000000e+00
     vertex  1.200144e+02 -5.022078e+01  0.000000e+00
     vertex  1.201335e+02 -5.003118e+01  0.000000e+00
   endloop
 endfacet
 facet normal  0.000000e+00  0.000000e+00 -1.000000e+00
   outer loop
     vertex  1.209153e+02 -4.965467e+01  0.000000e+00
     vertex  1.201335e+02 -5.003118e+01  0.000000e+00
     vertex  1.202918e+02 -4.987283e+01  0.000000e+00
   endloop
 endfacet
 facet normal  0.000000e+00  0.000000e+00 -1.000000e+00
   outer loop
     vertex  1.209153e+02 -4.965467e+01  0.000000e+00
     vertex  1.202918e+02 -4.987283e+01  0.000000e+00
     vertex  1.204814e+02 -4.975370e+01  0.000000e+00
   endloop
 endfacet
 facet normal  0.000000e+00  0.000000e+00 -1.000000e+00
   outer loop
     vertex  1.209153e+02 -4.965467e+01  0.000000e+00
     vertex  1.204814e+02 -4.975370e+01  0.000000e+00
     vertex  1.206928e+02 -4.967974e+01  0.000000e+00
   endloop
 endfacet
 facet normal  0.000000e+00  0.000000e+00 -1.000000e+00
   outer loop
     vertex  1.209153e+02 -4.965467e+01  0.000000e+00
     vertex  1.199153e+02 -5.345467e+01  0.000000e+00
     vertex  1.199153e+02 -5.065467e+01  0.000000e+00
   endloop
 endfacet
 facet normal  0.000000e+00  0.000000e+00 -1.000000e+00
   outer loop
     vertex  1.209153e+02 -4.965467e+01  0.000000e+00
     vertex  1.199153e+02 -5.065467e+01  0.000000e+00
     vertex  1.200144e+02 -5.022078e+01  0.000000e+00
   endloop
 endfacet
 facet normal -0.000000e+00  0.000000e+00 -1.000000e+00
   outer loop
     vertex  1.407918e+02 -5.423650e+01  0.000000e+00
     vertex  1.193492e+02 -5.435564e+01  0.000000e+00
     vertex  1.195388e+02 -5.423650e+01  0.000000e+00
   endloop
 endfacet
 facet normal  0.000000e+00  0.000000e+00 -1.000000e+00
   outer loop
     vertex  1.407918e+02 -5.423650e+01  0.000000e+00
     vertex  1.195388e+02 -5.423650e+01  0.000000e+00
     vertex  1.196972e+02 -5.407816e+01  0.000000e+00
   endloop
 endfacet
 facet normal  0.000000e+00  0.000000e+00 -1.000000e+00
   outer loop
     vertex  1.407918e+02 -5.423650e+01  0.000000e+00
     vertex  1.196972e+02 -5.407816e+01  0.000000e+00
     vertex  1.406335e+02 -5.407816e+01  0.000000e+00
   endloop
 endfacet
 facet normal -0.000000e+00  0.000000e+00 -1.000000e+00
   outer loop
     vertex  1.405144e+02 -5.388855e+01  0.000000e+00
     vertex  1.196972e+02 -5.407816e+01  0.000000e+00
     vertex  1.198163e+02 -5.388855e+01  0.000000e+00
   endloop
 endfacet
 facet normal  0.000000e+00  0.000000e+00 -1.000000e+00
   outer loop
     vertex  1.405144e+02 -5.388855e+01  0.000000e+00
     vertex  1.198163e+02 -5.388855e+01  0.000000e+00
     vertex  1.198903e+02 -5.367719e+01  0.000000e+00
   endloop
 endfacet
 facet normal  0.000000e+00 -0.000000e+00 -1.000000e+00
   outer loop
     vertex  1.405144e+02 -5.388855e+01  0.000000e+00
     vertex  1.406335e+02 -5.407816e+01  0.000000e+00
     vertex  1.196972e+02 -5.407816e+01  0.000000e+00
   endloop
 endfacet
 facet normal -0.000000e+00  0.000000e+00 -1.000000e+00
   outer loop
     vertex  1.409814e+02 -5.435564e+01  0.000000e+00
     vertex  1.191379e+02 -5.442959e+01  0.000000e+00
     vertex  1.193492e+02 -5.435564e+01  0.000000e+00
   endloop
 endfacet
 facet normal  0.000000e+00  0.000000e+00 -1.000000e+00
   outer loop
     vertex  1.409814e+02 -5.435564e+01  0.000000e+00
     vertex  1.193492e+02 -5.435564e+01  0.000000e+00
     vertex  1.407918e+02 -5.423650e+01  0.000000e+00
   endloop
 endfacet
 facet normal -0.000000e+00 -0.000000e+00 -1.000000e+00
   outer loop
     vertex  1.411928e+02 -5.442959e+01  0.000000e+00
     vertex  1.463491e+02 -1.243547e+02  0.000000e+00
     vertex  1.191379e+02 -5.442959e+01  0.000000e+00
   endloop
 endfacet
 facet normal  0.000000e+00  0.000000e+00 -1.000000e+00
   outer loop
     vertex  1.411928e+02 -5.442959e+01  0.000000e+00
     vertex  1.191379e+02 -5.442959e+01  0.000000e+00
     vertex  1.409814e+02 -5.435564e+01  0.000000e+00
   endloop
 endfacet
 facet normal -0.000000e+00 -0.000000e+00 -1.000000e+00
   outer loop
     vertex  1.404404e+02 -5.367719e+01  0.000000e+00
     vertex  1.405144e+02 -5.388855e+01  0.000000e+00
     vertex  1.198903e+02 -5.367719e+01  0.000000e+00
   endloop
 endfacet
 facet normal  0.000000e+00 -0.000000e+00 -1.000000e+00
   outer loop
     vertex  1.404153e+02 -5.345467e+01  0.000000e+00
     vertex  1.404404e+02 -5.367719e+01  0.000000e+00
     vertex  1.198903e+02 -5.367719e+01  0.000000e+00
   endloop
 endfacet
 facet normal -0.000000e+00  0.000000e+00 -1.000000e+00
   outer loop
     vertex  1.404153e+02 -5.345467e+01  0.000000e+00
     vertex  1.198903e+02 -5.367719e+01  0.000000e+00
     vertex  1.199153e+02 -5.345467e+01  0.000000e+00
   endloop
 endfacet
 facet normal  0.000000e+00  0.000000e+00 -1.000000e+00
   outer loop
     vertex  1.404153e+02 -5.345467e+01  0.000000e+00
     vertex  1.199153e+02 -5.345467e+01  0.000000e+00
     vertex  1.209153e+02 -4.965467e+01  0.000000e+00
   endloop
 endfacet
 facet normal -0.000000e+00 -0.000000e+00 -1.000000e+00
   outer loop
     vertex  1.414153e+02 -5.445467e+01  0.000000e+00
     vertex  1.463491e+02 -1.243547e+02  0.000000e+00
     vertex  1.411928e+02 -5.442959e+01  0.000000e+00
   endloop
 endfacet
 facet normal -0.000000e+00 -0.000000e+00 -1.000000e+00
   outer loop
     vertex  1.394153e+02 -4.965467e+01  0.000000e+00
     vertex  1.404153e+02 -5.345467e+01  0.000000e+00
     vertex  1.209153e+02 -4.965467e+01  0.000000e+00
   endloop
 endfacet
 facet normal -0.000000e+00 -0.000000e+00 -1.000000e+00
   outer loop
     vertex  1.404153e+02 -5.065467e+01  0.000000e+00
     vertex  1.404153e+02 -5.345467e+01  0.000000e+00
     vertex  1.394153e+02 -4.965467e+01  0.000000e+00
   endloop
 endfacet
 facet normal -0.000000e+00 -0.000000e+00 -1.000000e+00
   outer loop
     vertex  1.400388e+02 -4.987283e+01  0.000000e+00
     vertex  1.404153e+02 -5.065467e+01  0.000000e+00
     vertex  1.394153e+02 -4.965467e+01  0.000000e+00
   endloop
 endfacet
 facet normal  0.000000e+00  0.000000e+00 -1.000000e+00
   outer loop
     vertex  1.400388e+02 -4.987283e+01  0.000000e+00
     vertex  1.394153e+02 -4.965467e+01  0.000000e+00
     vertex  1.396379e+02 -4.967974e+01  0.000000e+00
   endloop
 endfacet
 facet normal  0.000000e+00  0.000000e+00 -1.000000e+00
   outer loop
     vertex  1.400388e+02 -4.987283e+01  0.000000e+00
     vertex  1.396379e+02 -4.967974e+01  0.000000e+00
     vertex  1.398492e+02 -4.975370e+01  0.000000e+00
   endloop
 endfacet
 facet normal -0.000000e+00 -0.000000e+00 -1.000000e+00
   outer loop
     vertex  1.401972e+02 -5.003118e+01  0.000000e+00
     vertex  1.404153e+02 -5.065467e+01  0.000000e+00
     vertex  1.400388e+02 -4.987283e+01  0.000000e+00
   endloop
 endfacet
 facet normal  0.000000e+00  0.000000e+00 -1.000000e+00
   outer loop
     vertex  1.401972e+02 -5.003118e+01  0.000000e+00
     vertex  1.403163e+02 -5.022078e+01  0.000000e+00
     vertex  1.403903e+02 -5.043215e+01  0.000000e+00
   endloop
 endfacet
 facet normal  0.000000e+00  0.000000e+00 -1.000000e+00
   outer loop
     vertex  1.401972e+02 -5.003118e+01  0.000000e+00
     vertex  1.403903e+02 -5.043215e+01  0.000000e+00
     vertex  1.404153e+02 -5.065467e+01  0.000000e+00
   endloop
 endfacet
 facet normal -0.000000e+00 -0.000000e+00 -1.000000e+00
   outer loop
     vertex  1.597335e+02 -5.687816e+01  0.000000e+00
     vertex  1.598918e+02 -5.703650e+01  0.000000e+00
     vertex  1.414153e+02 -5.445467e+01  0.000000e+00
   endloop
 endfacet
 facet normal  0.000000e+00  0.000000e+00 -1.000000e+00
   outer loop
     vertex  1.600814e+02 -5.715564e+01  0.000000e+00
     vertex  1.414153e+02 -5.445467e+01  0.000000e+00
     vertex  1.598918e+02 -5.703650e+01  0.000000e+00
   endloop
 endfacet
 facet normal -0.000000e+00  0.000000e+00 -1.000000e+00
   outer loop
     vertex  1.600814e+02 -5.715564e+01  0.000000e+00
     vertex  1.463491e+02 -1.243547e+02  0.000000e+00
     vertex  1.414153e+02 -5.445467e+01  0.000000e+00
   endloop
 endfacet
 facet normal -0.000000e+00 -0.000000e+00 -1.000000e+00
   outer loop
     vertex  1.596144e+02 -5.668855e+01  0.000000e+00
     vertex  1.597335e+02 -5.687816e+01  0.000000e+00
     vertex  1.414153e+02 -5.445467e+01  0.000000e+00
   endloop
 endfacet
 facet normal  0.000000e+00  0.000000e+00 -1.000000e+00
   outer loop
     vertex  1.602928e+02 -5.722959e+01  0.000000e+00
     vertex  1.466039e+02 -1.243877e+02  0.000000e+00
     vertex  1.463491e+02 -1.243547e+02  0.000000e+00
   endloop
 endfacet
 facet normal -0.000000e+00  0.000000e+00 -1.000000e+00
   outer loop
     vertex  1.602928e+02 -5.722959e+01  0.000000e+00
     vertex  1.463491e+02 -1.243547e+02  0.000000e+00
     vertex  1.600814e+02 -5.715564e+01  0.000000e+00
   endloop
 endfacet
 facet normal  0.000000e+00 -0.000000e+00 -1.000000e+00
   outer loop
     vertex  1.605153e+02 -5.725467e+01  0.000000e+00
     vertex  1.846153e+02 -1.213104e+02  0.000000e+00
     vertex  1.468418e+02 -1.244845e+02  0.000000e+00
   endloop
 endfacet
 facet normal -0.000000e+00  0.000000e+00 -1.000000e+00
   outer loop
     vertex  1.605153e+02 -5.725467e+01  0.000000e+00
     vertex  1.466039e+02 -1.243877e+02  0.000000e+00
     vertex  1.602928e+02 -5.722959e+01  0.000000e+00
   endloop
 endfacet
 facet normal  0.000000e+00  0.000000e+00 -1.000000e+00
   outer loop
     vertex  1.605153e+02 -5.725467e+01  0.000000e+00
     vertex  1.468418e+02 -1.244845e+02  0.000000e+00
     vertex  1.466039e+02 -1.243877e+02  0.000000e+00
   endloop
 endfacet
 facet normal -0.000000e+00 -0.000000e+00 -1.000000e+00
   outer loop
     vertex  1.585153e+02 -5.445467e+01  0.000000e+00
     vertex  1.596144e+02 -5.668855e+01  0.000000e+00
     vertex  1.414153e+02 -5.445467e+01  0.000000e+00
   endloop
 endfacet
 facet normal  0.000000e+00  0.000000e+00 -1.000000e+00
   outer loop
     vertex  1.585153e+02 -5.445467e+01  0.000000e+00
     vertex  1.595153e+02 -5.625467e+01  0.000000e+00
     vertex  1.595404e+02 -5.647719e+01  0.000000e+00
   endloop
 endfacet
 facet normal  0.000000e+00  0.000000e+00 -1.000000e+00
   outer loop
     vertex  1.585153e+02 -5.445467e+01  0.000000e+00
     vertex  1.595404e+02 -5.647719e+01  0.000000e+00
     vertex  1.596144e+02 -5.668855e+01  0.000000e+00
   endloop
 endfacet
 facet normal -0.000000e+00 -0.000000e+00 -1.000000e+00
   outer loop
     vertex  1.595153e+02 -5.545467e+01  0.000000e+00
     vertex  1.595153e+02 -5.625467e+01  0.000000e+00
     vertex  1.585153e+02 -5.445467e+01  0.000000e+00
   endloop
 endfacet
 facet normal  0.000000e+00  0.000000e+00 -1.000000e+00
   outer loop
     vertex  1.594163e+02 -5.502078e+01  0.000000e+00
     vertex  1.594903e+02 -5.523215e+01  0.000000e+00
     vertex  1.595153e+02 -5.545467e+01  0.000000e+00
   endloop
 endfacet
 facet normal  0.000000e+00  0.000000e+00 -1.000000e+00
   outer loop
     vertex  1.589492e+02 -5.455370e+01  0.000000e+00
     vertex  1.585153e+02 -5.445467e+01  0.000000e+00
     vertex  1.587379e+02 -5.447974e+01  0.000000e+00
   endloop
 endfacet
 facet normal -0.000000e+00 -0.000000e+00 -1.000000e+00
   outer loop
     vertex  1.589492e+02 -5.455370e+01  0.000000e+00
     vertex  1.595153e+02 -5.545467e+01  0.000000e+00
     vertex  1.585153e+02 -5.445467e+01  0.000000e+00
   endloop
 endfacet
 facet normal  0.000000e+00  0.000000e+00 -1.000000e+00
   outer loop
     vertex  1.591388e+02 -5.467283e+01  0.000000e+00
     vertex  1.592972e+02 -5.483118e+01  0.000000e+00
     vertex  1.594163e+02 -5.502078e+01  0.000000e+00
   endloop
 endfacet
 facet normal  0.000000e+00  0.000000e+00 -1.000000e+00
   outer loop
     vertex  1.591388e+02 -5.467283e+01  0.000000e+00
     vertex  1.594163e+02 -5.502078e+01  0.000000e+00
     vertex  1.595153e+02 -5.545467e+01  0.000000e+00
   endloop
 endfacet
 facet normal -0.000000e+00 -0.000000e+00 -1.000000e+00
   outer loop
     vertex  1.591388e+02 -5.467283e+01  0.000000e+00
     vertex  1.595153e+02 -5.545467e+01  0.000000e+00
     vertex  1.589492e+02 -5.455370e+01  0.000000e+00
   endloop
 endfacet
 facet normal -0.000000e+00 -0.000000e+00 -1.000000e+00
   outer loop
     vertex  1.845847e+02 -6.308960e+01  0.000000e+00
     vertex  1.846153e+02 -1.213104e+02  0.000000e+00
     vertex  1.605153e+02 -5.725467e+01  0.000000e+00
   endloop
 endfacet
 facet normal -0.000000e+00 -0.000000e+00 -1.000000e+00
   outer loop
     vertex  1.787556e+02 -5.725467e+01  0.000000e+00
     vertex  1.845847e+02 -6.308960e+01  0.000000e+00
     vertex  1.605153e+02 -5.725467e+01  0.000000e+00
   endloop
 endfacet
 facet normal  0.000000e+00  0.000000e+00 -1.000000e+00
   outer loop
     vertex  1.793116e+02 -5.742347e+01  0.000000e+00
     vertex  1.789509e+02 -5.727391e+01  0.000000e+00
     vertex  1.791386e+02 -5.733091e+01  0.000000e+00
   endloop
 endfacet
 facet normal -0.000000e+00 -0.000000e+00 -1.000000e+00
   outer loop
     vertex  1.842922e+02 -6.238349e+01  0.000000e+00
     vertex  1.845847e+02 -6.308960e+01  0.000000e+00
     vertex  1.787556e+02 -5.725467e+01  0.000000e+00
   endloop
 endfacet
 facet normal  0.000000e+00  0.000000e+00 -1.000000e+00
   outer loop
     vertex  1.842922e+02 -6.238349e+01  0.000000e+00
     vertex  1.844508e+02 -6.259035e+01  0.000000e+00
     vertex  1.845506e+02 -6.283118e+01  0.000000e+00
   endloop
 endfacet
 facet normal  0.000000e+00  0.000000e+00 -1.000000e+00
   outer loop
     vertex  1.842922e+02 -6.238349e+01  0.000000e+00
     vertex  1.845506e+02 -6.283118e+01  0.000000e+00
     vertex  1.845847e+02 -6.308960e+01  0.000000e+00
   endloop
 endfacet
 facet normal -0.000000e+00 -0.000000e+00 -1.000000e+00
   outer loop
     vertex  1.794632e+02 -5.754803e+01  0.000000e+00
     vertex  1.842922e+02 -6.238349e+01  0.000000e+00
     vertex  1.787556e+02 -5.725467e+01  0.000000e+00
   endloop
 endfacet
 facet normal  0.000000e+00  0.000000e+00 -1.000000e+00
   outer loop
     vertex  1.794632e+02 -5.754803e+01  0.000000e+00
     vertex  1.789509e+02 -5.727391e+01  0.000000e+00
     vertex  1.793116e+02 -5.742347e+01  0.000000e+00
   endloop
 endfacet
 facet normal  0.000000e+00  0.000000e+00 -1.000000e+00
   outer loop
     vertex  1.794632e+02 -5.754803e+01  0.000000e+00
     vertex  1.787556e+02 -5.725467e+01  0.000000e+00
     vertex  1.789509e+02 -5.727391e+01  0.000000e+00
   endloop
 endfacet
 facet normal  0.000000e+00  0.000000e+00  1.000000e+00
   outer loop
     vertex  8.194040e+01 -1.248772e+02  1.510000e+00
     vertex  8.248145e+01 -1.255556e+02  1.510000e+00
     vertex  8.269281e+01 -1.256296e+02  1.510000e+00
   endloop
 endfacet
 facet normal  0.000000e+00  0.000000e+00  1.000000e+00
   outer loop
     vertex  8.194040e+01 -1.248772e+02  1.510000e+00
     vertex  8.229184e+01 -1.254365e+02  1.510000e+00
     vertex  8.248145e+01 -1.255556e+02  1.510000e+00
   endloop
 endfacet
 facet normal  0.000000e+00  0.000000e+00  1.000000e+00
   outer loop
     vertex  8.194040e+01 -1.248772e+02  1.510000e+00
     vertex  8.213350e+01 -1.252782e+02  1.510000e+00
     vertex  8.229184e+01 -1.254365e+02  1.510000e+00
   endloop
 endfacet
 facet normal  0.000000e+00  0.000000e+00  1.000000e+00
   outer loop
     vertex  8.194040e+01 -1.248772e+02  1.510000e+00
     vertex  8.201436e+01 -1.250885e+02  1.510000e+00
     vertex  8.213350e+01 -1.252782e+02  1.510000e+00
   endloop
 endfacet
 facet normal  0.000000e+00  0.000000e+00  1.000000e+00
   outer loop
     vertex  8.191533e+01 -1.246547e+02  1.510000e+00
     vertex  8.269281e+01 -1.256296e+02  1.510000e+00
     vertex  8.291533e+01 -1.256547e+02  1.510000e+00
   endloop
 endfacet
 facet normal  0.000000e+00  0.000000e+00  1.000000e+00
   outer loop
     vertex  8.191533e+01 -1.246547e+02  1.510000e+00
     vertex  8.194040e+01 -1.248772e+02  1.510000e+00
     vertex  8.269281e+01 -1.256296e+02  1.510000e+00
   endloop
 endfacet
 facet normal  0.000000e+00  0.000000e+00  1.000000e+00
   outer loop
     vertex  1.023275e+02 -1.255668e+02  1.510000e+00
     vertex  1.021930e+02 -1.256444e+02  1.510000e+00
     vertex  1.022653e+02 -1.256145e+02  1.510000e+00
   endloop
 endfacet
 facet normal  0.000000e+00  0.000000e+00  1.000000e+00
   outer loop
     vertex  1.023751e+02 -1.255047e+02  1.510000e+00
     vertex  1.021153e+02 -1.256547e+02  1.510000e+00
     vertex  1.021930e+02 -1.256444e+02  1.510000e+00
   endloop
 endfacet
 facet normal  0.000000e+00  0.000000e+00  1.000000e+00
   outer loop
     vertex  1.023751e+02 -1.255047e+02  1.510000e+00
     vertex  1.021930e+02 -1.256444e+02  1.510000e+00
     vertex  1.023275e+02 -1.255668e+02  1.510000e+00
   endloop
 endfacet
 facet normal  0.000000e+00  0.000000e+00  1.000000e+00
   outer loop
     vertex  1.024153e+02 -1.253547e+02  1.510000e+00
     vertex  1.023751e+02 -1.255047e+02  1.510000e+00
     vertex  1.024051e+02 -1.254323e+02  1.510000e+00
   endloop
 endfacet
 facet normal  0.000000e+00  0.000000e+00  1.000000e+00
   outer loop
     vertex  1.024153e+02 -1.253547e+02  1.510000e+00
     vertex  1.021153e+02 -1.256547e+02  1.510000e+00
     vertex  1.023751e+02 -1.255047e+02  1.510000e+00
   endloop
 endfacet
 facet normal  0.000000e+00  0.000000e+00  1.000000e+00
   outer loop
     vertex  1.024404e+02 -1.251321e+02  1.510000e+00
     vertex  1.021153e+02 -1.256547e+02  1.510000e+00
     vertex  1.024153e+02 -1.253547e+02  1.510000e+00
   endloop
 endfacet
 facet normal  0.000000e+00  0.000000e+00  1.000000e+00
   outer loop
     vertex  1.025144e+02 -1.249208e+02  1.510000e+00
     vertex  8.291533e+01 -1.256547e+02  1.510000e+00
     vertex  1.021153e+02 -1.256547e+02  1.510000e+00
   endloop
 endfacet
 facet normal  0.000000e+00  0.000000e+00  1.000000e+00
   outer loop
     vertex  1.025144e+02 -1.249208e+02  1.510000e+00
     vertex  1.021153e+02 -1.256547e+02  1.510000e+00
     vertex  1.024404e+02 -1.251321e+02  1.510000e+00
   endloop
 endfacet
 facet normal  0.000000e+00  0.000000e+00  1.000000e+00
   outer loop
     vertex  1.026335e+02 -1.247312e+02  1.510000e+00
     vertex  8.191533e+01 -1.246547e+02  1.510000e+00
     vertex  8.291533e+01 -1.256547e+02  1.510000e+00
   endloop
 endfacet
 facet normal  0.000000e+00  0.000000e+00  1.000000e+00
   outer loop
     vertex  1.026335e+02 -1.247312e+02  1.510000e+00
     vertex  8.291533e+01 -1.256547e+02  1.510000e+00
     vertex  1.025144e+02 -1.249208e+02  1.510000e+00
   endloop
 endfacet
 facet normal  0.000000e+00  0.000000e+00  1.000000e+00
   outer loop
     vertex  1.027918e+02 -1.245728e+02  1.510000e+00
     vertex  8.191533e+01 -1.246547e+02  1.510000e+00
     vertex  1.026335e+02 -1.247312e+02  1.510000e+00
   endloop
 endfacet
 facet normal  0.000000e+00  0.000000e+00  1.000000e+00
   outer loop
     vertex  1.029814e+02 -1.244537e+02  1.510000e+00
     vertex  8.191533e+01 -1.246547e+02  1.510000e+00
     vertex  1.027918e+02 -1.245728e+02  1.510000e+00
   endloop
 endfacet
 facet normal  0.000000e+00  0.000000e+00  1.000000e+00
   outer loop
     vertex  8.194118e+01 -6.549719e+01  1.510000e+00
     vertex  1.031928e+02 -1.243797e+02  1.510000e+00
     vertex  1.034153e+02 -1.243547e+02  1.510000e+00
   endloop
 endfacet
 facet normal  0.000000e+00  0.000000e+00  1.000000e+00
   outer loop
     vertex  8.194118e+01 -6.549719e+01  1.510000e+00
     vertex  1.029814e+02 -1.244537e+02  1.510000e+00
     vertex  1.031928e+02 -1.243797e+02  1.510000e+00
   endloop
 endfacet
 facet normal  0.000000e+00  0.000000e+00  1.000000e+00
   outer loop
     vertex  8.194118e+01 -6.549719e+01  1.510000e+00
     vertex  8.191533e+01 -1.246547e+02  1.510000e+00
     vertex  1.029814e+02 -1.244537e+02  1.510000e+00
   endloop
 endfacet
 facet normal  0.000000e+00  0.000000e+00  1.000000e+00
   outer loop
     vertex  8.206095e+01 -6.502265e+01  1.510000e+00
     vertex  8.197158e+01 -6.525248e+01  1.510000e+00
     vertex  8.194118e+01 -6.549719e+01  1.510000e+00
   endloop
 endfacet
 facet normal  0.000000e+00  0.000000e+00  1.000000e+00
   outer loop
     vertex  8.239156e+01 -6.466177e+01  1.510000e+00
     vertex  8.220384e+01 -6.482167e+01  1.510000e+00
     vertex  8.206095e+01 -6.502265e+01  1.510000e+00
   endloop
 endfacet
 facet normal  0.000000e+00  0.000000e+00  1.000000e+00
   outer loop
     vertex  8.239156e+01 -6.466177e+01  1.510000e+00
     vertex  8.206095e+01 -6.502265e+01  1.510000e+00
     vertex  8.194118e+01 -6.549719e+01  1.510000e+00
   endloop
 endfacet
 facet normal  0.000000e+00  0.000000e+00  1.000000e+00
   outer loop
     vertex  1.532817e+02 -1.349653e+02  1.510000e+00
     vertex  1.534099e+02 -1.351351e+02  1.510000e+00
     vertex  1.535711e+02 -1.352738e+02  1.510000e+00
   endloop
 endfacet
 facet normal  0.000000e+00  0.000000e+00  1.000000e+00
   outer loop
     vertex  1.537580e+02 -1.353753e+02  1.510000e+00
     vertex  1.532817e+02 -1.349653e+02  1.510000e+00
     vertex  1.535711e+02 -1.352738e+02  1.510000e+00
   endloop
 endfacet
 facet normal  0.000000e+00  0.000000e+00  1.000000e+00
   outer loop
     vertex  1.539622e+02 -1.354351e+02  1.510000e+00
     vertex  1.532817e+02 -1.349653e+02  1.510000e+00
     vertex  1.537580e+02 -1.353753e+02  1.510000e+00
   endloop
 endfacet
 facet normal  0.000000e+00  0.000000e+00  1.000000e+00
   outer loop
     vertex  1.472066e+02 -1.248402e+02  1.510000e+00
     vertex  1.532817e+02 -1.349653e+02  1.510000e+00
     vertex  1.539622e+02 -1.354351e+02  1.510000e+00
   endloop
 endfacet
 facet normal  0.000000e+00  0.000000e+00  1.000000e+00
   outer loop
     vertex  1.905371e+02 -1.475075e+02  1.510000e+00
     vertex  1.900978e+02 -1.474057e+02  1.510000e+00
     vertex  1.903116e+02 -1.474817e+02  1.510000e+00
   endloop
 endfacet
 facet normal  0.000000e+00  0.000000e+00  1.000000e+00
   outer loop
     vertex  1.909765e+02 -1.474059e+02  1.510000e+00
     vertex  1.905371e+02 -1.475075e+02  1.510000e+00
     vertex  1.907626e+02 -1.474818e+02  1.510000e+00
   endloop
 endfacet
 facet normal  0.000000e+00  0.000000e+00  1.000000e+00
   outer loop
     vertex  9.866517e+01 -5.461925e+01  1.510000e+00
     vertex  8.239156e+01 -6.466177e+01  1.510000e+00
     vertex  8.194118e+01 -6.549719e+01  1.510000e+00
   endloop
 endfacet
 facet normal  0.000000e+00  0.000000e+00  1.000000e+00
   outer loop
     vertex  1.913265e+02 -1.471215e+02  1.510000e+00
     vertex  1.909765e+02 -1.474059e+02  1.510000e+00
     vertex  1.911677e+02 -1.472837e+02  1.510000e+00
   endloop
 endfacet
 facet normal  0.000000e+00  0.000000e+00  1.000000e+00
   outer loop
     vertex  1.914446e+02 -1.469278e+02  1.510000e+00
     vertex  1.900978e+02 -1.474057e+02  1.510000e+00
     vertex  1.905371e+02 -1.475075e+02  1.510000e+00
   endloop
 endfacet
 facet normal  0.000000e+00  0.000000e+00  1.000000e+00
   outer loop
     vertex  1.914446e+02 -1.469278e+02  1.510000e+00
     vertex  1.905371e+02 -1.475075e+02  1.510000e+00
     vertex  1.909765e+02 -1.474059e+02  1.510000e+00
   endloop
 endfacet
 facet normal  0.000000e+00  0.000000e+00  1.000000e+00
   outer loop
     vertex  1.914446e+02 -1.469278e+02  1.510000e+00
     vertex  1.909765e+02 -1.474059e+02  1.510000e+00
     vertex  1.913265e+02 -1.471215e+02  1.510000e+00
   endloop
 endfacet
 facet normal  0.000000e+00  0.000000e+00  1.000000e+00
   outer loop
     vertex  9.921478e+01 -5.445467e+01  1.510000e+00
     vertex  9.883651e+01 -5.452897e+01  1.510000e+00
     vertex  9.866517e+01 -5.461925e+01  1.510000e+00
   endloop
 endfacet
 facet normal  0.000000e+00  0.000000e+00  1.000000e+00
   outer loop
     vertex  9.921478e+01 -5.445467e+01  1.510000e+00
     vertex  9.902203e+01 -5.447342e+01  1.510000e+00
     vertex  9.883651e+01 -5.452897e+01  1.510000e+00
   endloop
 endfacet
 facet normal  0.000000e+00  0.000000e+00  1.000000e+00
   outer loop
     vertex  1.848421e+02 -1.219445e+02  1.510000e+00
     vertex  1.724559e+02 -1.387792e+02  1.510000e+00
     vertex  1.725405e+02 -1.388159e+02  1.510000e+00
   endloop
 endfacet
 facet normal  0.000000e+00  0.000000e+00  1.000000e+00
   outer loop
     vertex  1.848421e+02 -1.219445e+02  1.510000e+00
     vertex  1.723681e+02 -1.387505e+02  1.510000e+00
     vertex  1.724559e+02 -1.387792e+02  1.510000e+00
   endloop
 endfacet
 facet normal  0.000000e+00  0.000000e+00  1.000000e+00
   outer loop
     vertex  1.850061e+02 -1.221034e+02  1.510000e+00
     vertex  1.848421e+02 -1.219445e+02  1.510000e+00
     vertex  1.725405e+02 -1.388159e+02  1.510000e+00
   endloop
 endfacet
 facet normal  0.000000e+00  0.000000e+00  1.000000e+00
   outer loop
     vertex  1.847183e+02 -1.217524e+02  1.510000e+00
     vertex  1.723681e+02 -1.387505e+02  1.510000e+00
     vertex  1.848421e+02 -1.219445e+02  1.510000e+00
   endloop
 endfacet
 facet normal  0.000000e+00  0.000000e+00  1.000000e+00
   outer loop
     vertex  1.847183e+02 -1.217524e+02  1.510000e+00
     vertex  1.722781e+02 -1.387300e+02  1.510000e+00
     vertex  1.723681e+02 -1.387505e+02  1.510000e+00
   endloop
 endfacet
 facet normal  0.000000e+00  0.000000e+00  1.000000e+00
   outer loop
     vertex  1.852020e+02 -1.222210e+02  1.510000e+00
     vertex  1.900978e+02 -1.474057e+02  1.510000e+00
     vertex  1.914446e+02 -1.469278e+02  1.510000e+00
   endloop
 endfacet
 facet normal  0.000000e+00  0.000000e+00  1.000000e+00
   outer loop
     vertex  1.852020e+02 -1.222210e+02  1.510000e+00
     vertex  1.850061e+02 -1.221034e+02  1.510000e+00
     vertex  1.725405e+02 -1.388159e+02  1.510000e+00
   endloop
 endfacet
 facet normal  0.000000e+00  0.000000e+00  1.000000e+00
   outer loop
     vertex  1.852020e+02 -1.222210e+02  1.510000e+00
     vertex  1.725405e+02 -1.388159e+02  1.510000e+00
     vertex  1.900978e+02 -1.474057e+02  1.510000e+00
   endloop
 endfacet
 facet normal  0.000000e+00  0.000000e+00  1.000000e+00
   outer loop
     vertex  1.846414e+02 -1.215373e+02  1.510000e+00
     vertex  1.722781e+02 -1.387300e+02  1.510000e+00
     vertex  1.847183e+02 -1.217524e+02  1.510000e+00
   endloop
 endfacet
 facet normal  0.000000e+00  0.000000e+00  1.000000e+00
   outer loop
     vertex  1.846153e+02 -1.213104e+02  1.510000e+00
     vertex  1.722781e+02 -1.387300e+02  1.510000e+00
     vertex  1.846414e+02 -1.215373e+02  1.510000e+00
   endloop
 endfacet
 facet normal  0.000000e+00  0.000000e+00  1.000000e+00
   outer loop
     vertex  1.846153e+02 -1.213104e+02  1.510000e+00
     vertex  1.470473e+02 -1.246387e+02  1.510000e+00
     vertex  1.472066e+02 -1.248402e+02  1.510000e+00
   endloop
 endfacet
 facet normal  0.000000e+00  0.000000e+00  1.000000e+00
   outer loop
     vertex  1.846153e+02 -1.213104e+02  1.510000e+00
     vertex  1.468418e+02 -1.244845e+02  1.510000e+00
     vertex  1.470473e+02 -1.246387e+02  1.510000e+00
   endloop
 endfacet
 facet normal  0.000000e+00  0.000000e+00  1.000000e+00
   outer loop
     vertex  1.846153e+02 -1.213104e+02  1.510000e+00
     vertex  1.539622e+02 -1.354351e+02  1.510000e+00
     vertex  1.722781e+02 -1.387300e+02  1.510000e+00
   endloop
 endfacet
 facet normal  0.000000e+00  0.000000e+00  1.000000e+00
   outer loop
     vertex  1.846153e+02 -1.213104e+02  1.510000e+00
     vertex  1.472066e+02 -1.248402e+02  1.510000e+00
     vertex  1.539622e+02 -1.354351e+02  1.510000e+00
   endloop
 endfacet
 facet normal  0.000000e+00  0.000000e+00  1.000000e+00
   outer loop
     vertex  1.189153e+02 -5.445467e+01  1.510000e+00
     vertex  9.866517e+01 -5.461925e+01  1.510000e+00
     vertex  8.194118e+01 -6.549719e+01  1.510000e+00
   endloop
 endfacet
 facet normal  0.000000e+00  0.000000e+00  1.000000e+00
   outer loop
     vertex  1.189153e+02 -5.445467e+01  1.510000e+00
     vertex  8.194118e+01 -6.549719e+01  1.510000e+00
     vertex  1.034153e+02 -1.243547e+02  1.510000e+00
   endloop
 endfacet
 facet normal  0.000000e+00  0.000000e+00  1.000000e+00
   outer loop
     vertex  1.189153e+02 -5.445467e+01  1.510000e+00
     vertex  9.921478e+01 -5.445467e+01  1.510000e+00
     vertex  9.866517e+01 -5.461925e+01  1.510000e+00
   endloop
 endfacet
 facet normal  0.000000e+00  0.000000e+00  1.000000e+00
   outer loop
     vertex  1.191379e+02 -5.442959e+01  1.510000e+00
     vertex  1.034153e+02 -1.243547e+02  1.510000e+00
     vertex  1.463491e+02 -1.243547e+02  1.510000e+00
   endloop
 endfacet
 facet normal  0.000000e+00  0.000000e+00  1.000000e+00
   outer loop
     vertex  1.191379e+02 -5.442959e+01  1.510000e+00
     vertex  1.189153e+02 -5.445467e+01  1.510000e+00
     vertex  1.034153e+02 -1.243547e+02  1.510000e+00
   endloop
 endfacet
 facet normal  0.000000e+00  0.000000e+00  1.000000e+00
   outer loop
     vertex  1.993919e+02 -1.297690e+02  1.510000e+00
     vertex  1.852020e+02 -1.222210e+02  1.510000e+00
     vertex  1.914446e+02 -1.469278e+02  1.510000e+00
   endloop
 endfacet
 facet normal  0.000000e+00  0.000000e+00  1.000000e+00
   outer loop
     vertex  1.200144e+02 -5.022078e+01  1.510000e+00
     vertex  1.199404e+02 -5.043215e+01  1.510000e+00
     vertex  1.199153e+02 -5.065467e+01  1.510000e+00
   endloop
 endfacet
 facet normal  0.000000e+00  0.000000e+00  1.000000e+00
   outer loop
     vertex  1.988978e+02 -1.284382e+02  1.510000e+00
     vertex  1.852020e+02 -1.222210e+02  1.510000e+00
     vertex  1.993919e+02 -1.297690e+02  1.510000e+00
   endloop
 endfacet
 facet normal  0.000000e+00  0.000000e+00  1.000000e+00
   outer loop
     vertex  1.992533e+02 -1.287093e+02  1.510000e+00
     vertex  1.990909e+02 -1.285536e+02  1.510000e+00
     vertex  1.988978e+02 -1.284382e+02  1.510000e+00
   endloop
 endfacet
 facet normal  0.000000e+00  0.000000e+00  1.000000e+00
   outer loop
     vertex  1.992533e+02 -1.287093e+02  1.510000e+00
     vertex  1.994551e+02 -1.291084e+02  1.510000e+00
     vertex  1.993768e+02 -1.288974e+02  1.510000e+00
   endloop
 endfacet
 facet normal  0.000000e+00  0.000000e+00  1.000000e+00
   outer loop
     vertex  1.992533e+02 -1.287093e+02  1.510000e+00
     vertex  1.994843e+02 -1.293315e+02  1.510000e+00
     vertex  1.994551e+02 -1.291084e+02  1.510000e+00
   endloop
 endfacet
 facet normal  0.000000e+00  0.000000e+00  1.000000e+00
   outer loop
     vertex  1.992533e+02 -1.287093e+02  1.510000e+00
     vertex  1.994628e+02 -1.295555e+02  1.510000e+00
     vertex  1.994843e+02 -1.293315e+02  1.510000e+00
   endloop
 endfacet
 facet normal  0.000000e+00  0.000000e+00  1.000000e+00
   outer loop
     vertex  1.992533e+02 -1.287093e+02  1.510000e+00
     vertex  1.993919e+02 -1.297690e+02  1.510000e+00
     vertex  1.994628e+02 -1.295555e+02  1.510000e+00
   endloop
 endfacet
 facet normal  0.000000e+00  0.000000e+00  1.000000e+00
   outer loop
     vertex  1.992533e+02 -1.287093e+02  1.510000e+00
     vertex  1.988978e+02 -1.284382e+02  1.510000e+00
     vertex  1.993919e+02 -1.297690e+02  1.510000e+00
   endloop
 endfacet
 facet normal  0.000000e+00  0.000000e+00  1.000000e+00
   outer loop
     vertex  1.209153e+02 -4.965467e+01  1.510000e+00
     vertex  1.201335e+02 -5.003118e+01  1.510000e+00
     vertex  1.200144e+02 -5.022078e+01  1.510000e+00
   endloop
 endfacet
 facet normal  0.000000e+00  0.000000e+00  1.000000e+00
   outer loop
     vertex  1.209153e+02 -4.965467e+01  1.510000e+00
     vertex  1.202918e+02 -4.987283e+01  1.510000e+00
     vertex  1.201335e+02 -5.003118e+01  1.510000e+00
   endloop
 endfacet
 facet normal  0.000000e+00  0.000000e+00  1.000000e+00
   outer loop
     vertex  1.209153e+02 -4.965467e+01  1.510000e+00
     vertex  1.204814e+02 -4.975370e+01  1.510000e+00
     vertex  1.202918e+02 -4.987283e+01  1.510000e+00
   endloop
 endfacet
 facet normal  0.000000e+00  0.000000e+00  1.000000e+00
   outer loop
     vertex  1.209153e+02 -4.965467e+01  1.510000e+00
     vertex  1.206928e+02 -4.967974e+01  1.510000e+00
     vertex  1.204814e+02 -4.975370e+01  1.510000e+00
   endloop
 endfacet
 facet normal  0.000000e+00  0.000000e+00  1.000000e+00
   outer loop
     vertex  1.209153e+02 -4.965467e+01  1.510000e+00
     vertex  1.199153e+02 -5.065467e+01  1.510000e+00
     vertex  1.199153e+02 -5.345467e+01  1.510000e+00
   endloop
 endfacet
 facet normal  0.000000e+00  0.000000e+00  1.000000e+00
   outer loop
     vertex  1.209153e+02 -4.965467e+01  1.510000e+00
     vertex  1.200144e+02 -5.022078e+01  1.510000e+00
     vertex  1.199153e+02 -5.065467e+01  1.510000e+00
   endloop
 endfacet
 facet normal  0.000000e+00  0.000000e+00  1.000000e+00
   outer loop
     vertex  1.407918e+02 -5.423650e+01  1.510000e+00
     vertex  1.195388e+02 -5.423650e+01  1.510000e+00
     vertex  1.193492e+02 -5.435564e+01  1.510000e+00
   endloop
 endfacet
 facet normal  0.000000e+00  0.000000e+00  1.000000e+00
   outer loop
     vertex  1.407918e+02 -5.423650e+01  1.510000e+00
     vertex  1.196972e+02 -5.407816e+01  1.510000e+00
     vertex  1.195388e+02 -5.423650e+01  1.510000e+00
   endloop
 endfacet
 facet normal  0.000000e+00  0.000000e+00  1.000000e+00
   outer loop
     vertex  1.407918e+02 -5.423650e+01  1.510000e+00
     vertex  1.406335e+02 -5.407816e+01  1.510000e+00
     vertex  1.196972e+02 -5.407816e+01  1.510000e+00
   endloop
 endfacet
 facet normal  0.000000e+00  0.000000e+00  1.000000e+00
   outer loop
     vertex  1.405144e+02 -5.388855e+01  1.510000e+00
     vertex  1.198163e+02 -5.388855e+01  1.510000e+00
     vertex  1.196972e+02 -5.407816e+01  1.510000e+00
   endloop
 endfacet
 facet normal  0.000000e+00  0.000000e+00  1.000000e+00
   outer loop
     vertex  1.405144e+02 -5.388855e+01  1.510000e+00
     vertex  1.198903e+02 -5.367719e+01  1.510000e+00
     vertex  1.198163e+02 -5.388855e+01  1.510000e+00
   endloop
 endfacet
 facet normal  0.000000e+00  0.000000e+00  1.000000e+00
   outer loop
     vertex  1.405144e+02 -5.388855e+01  1.510000e+00
     vertex  1.196972e+02 -5.407816e+01  1.510000e+00
     vertex  1.406335e+02 -5.407816e+01  1.510000e+00
   endloop
 endfacet
 facet normal  0.000000e+00  0.000000e+00  1.000000e+00
   outer loop
     vertex  1.409814e+02 -5.435564e+01  1.510000e+00
     vertex  1.193492e+02 -5.435564e+01  1.510000e+00
     vertex  1.191379e+02 -5.442959e+01  1.510000e+00
   endloop
 endfacet
 facet normal  0.000000e+00  0.000000e+00  1.000000e+00
   outer loop
     vertex  1.409814e+02 -5.435564e+01  1.510000e+00
     vertex  1.407918e+02 -5.423650e+01  1.510000e+00
     vertex  1.193492e+02 -5.435564e+01  1.510000e+00
   endloop
 endfacet
 facet normal  0.000000e+00  0.000000e+00  1.000000e+00
   outer loop
     vertex  1.411928e+02 -5.442959e+01  1.510000e+00
     vertex  1.191379e+02 -5.442959e+01  1.510000e+00
     vertex  1.463491e+02 -1.243547e+02  1.510000e+00
   endloop
 endfacet
 facet normal  0.000000e+00  0.000000e+00  1.000000e+00
   outer loop
     vertex  1.411928e+02 -5.442959e+01  1.510000e+00
     vertex  1.409814e+02 -5.435564e+01  1.510000e+00
     vertex  1.191379e+02 -5.442959e+01  1.510000e+00
   endloop
 endfacet
 facet normal  0.000000e+00  0.000000e+00  1.000000e+00
   outer loop
     vertex  1.404404e+02 -5.367719e+01  1.510000e+00
     vertex  1.198903e+02 -5.367719e+01  1.510000e+00
     vertex  1.405144e+02 -5.388855e+01  1.510000e+00
   endloop
 endfacet
 facet normal  0.000000e+00  0.000000e+00  1.000000e+00
   outer loop
     vertex  1.404153e+02 -5.345467e+01  1.510000e+00
     vertex  1.198903e+02 -5.367719e+01  1.510000e+00
     vertex  1.404404e+02 -5.367719e+01  1.510000e+00
   endloop
 endfacet
 facet normal  0.000000e+00  0.000000e+00  1.000000e+00
   outer loop
     vertex  1.404153e+02 -5.345467e+01  1.510000e+00
     vertex  1.199153e+02 -5.345467e+01  1.510000e+00
     vertex  1.198903e+02 -5.367719e+01  1.510000e+00
   endloop
 endfacet
 facet normal  0.000000e+00  0.000000e+00  1.000000e+00
   outer loop
     vertex  1.404153e+02 -5.345467e+01  1.510000e+00
     vertex  1.209153e+02 -4.965467e+01  1.510000e+00
     vertex  1.199153e+02 -5.345467e+01  1.510000e+00
   endloop
 endfacet
 facet normal  0.000000e+00  0.000000e+00  1.000000e+00
   outer loop
     vertex  1.414153e+02 -5.445467e+01  1.510000e+00
     vertex  1.411928e+02 -5.442959e+01  1.510000e+00
     vertex  1.463491e+02 -1.243547e+02  1.510000e+00
   endloop
 endfacet
 facet normal  0.000000e+00  0.000000e+00  1.000000e+00
   outer loop
     vertex  1.394153e+02 -4.965467e+01  1.510000e+00
     vertex  1.209153e+02 -4.965467e+01  1.510000e+00
     vertex  1.404153e+02 -5.345467e+01  1.510000e+00
   endloop
 endfacet
 facet normal  0.000000e+00  0.000000e+00  1.000000e+00
   outer loop
     vertex  1.404153e+02 -5.065467e+01  1.510000e+00
     vertex  1.394153e+02 -4.965467e+01  1.510000e+00
     vertex  1.404153e+02 -5.345467e+01  1.510000e+00
   endloop
 endfacet
 facet normal  0.000000e+00  0.000000e+00  1.000000e+00
   outer loop
     vertex  1.400388e+02 -4.987283e+01  1.510000e+00
     vertex  1.394153e+02 -4.965467e+01  1.510000e+00
     vertex  1.404153e+02 -5.065467e+01  1.510000e+00
   endloop
 endfacet
 facet normal  0.000000e+00  0.000000e+00  1.000000e+00
   outer loop
     vertex  1.400388e+02 -4.987283e+01  1.510000e+00
     vertex  1.396379e+02 -4.967974e+01  1.510000e+00
     vertex  1.394153e+02 -4.965467e+01  1.510000e+00
   endloop
 endfacet
 facet normal  0.000000e+00  0.000000e+00  1.000000e+00
   outer loop
     vertex  1.400388e+02 -4.987283e+01  1.510000e+00
     vertex  1.398492e+02 -4.975370e+01  1.510000e+00
     vertex  1.396379e+02 -4.967974e+01  1.510000e+00
   endloop
 endfacet
 facet normal  0.000000e+00  0.000000e+00  1.000000e+00
   outer loop
     vertex  1.401972e+02 -5.003118e+01  1.510000e+00
     vertex  1.400388e+02 -4.987283e+01  1.510000e+00
     vertex  1.404153e+02 -5.065467e+01  1.510000e+00
   endloop
 endfacet
 facet normal  0.000000e+00  0.000000e+00  1.000000e+00
   outer loop
     vertex  1.401972e+02 -5.003118e+01  1.510000e+00
     vertex  1.403903e+02 -5.043215e+01  1.510000e+00
     vertex  1.403163e+02 -5.022078e+01  1.510000e+00
   endloop
 endfacet
 facet normal  0.000000e+00  0.000000e+00  1.000000e+00
   outer loop
     vertex  1.401972e+02 -5.003118e+01  1.510000e+00
     vertex  1.404153e+02 -5.065467e+01  1.510000e+00
     vertex  1.403903e+02 -5.043215e+01  1.510000e+00
   endloop
 endfacet
 facet normal  0.000000e+00  0.000000e+00  1.000000e+00
   outer loop
     vertex  1.597335e+02 -5.687816e+01  1.510000e+00
     vertex  1.414153e+02 -5.445467e+01  1.510000e+00
     vertex  1.598918e+02 -5.703650e+01  1.510000e+00
   endloop
 endfacet
 facet normal  0.000000e+00  0.000000e+00  1.000000e+00
   outer loop
     vertex  1.600814e+02 -5.715564e+01  1.510000e+00
     vertex  1.598918e+02 -5.703650e+01  1.510000e+00
     vertex  1.414153e+02 -5.445467e+01  1.510000e+00
   endloop
 endfacet
 facet normal  0.000000e+00  0.000000e+00  1.000000e+00
   outer loop
     vertex  1.600814e+02 -5.715564e+01  1.510000e+00
     vertex  1.414153e+02 -5.445467e+01  1.510000e+00
     vertex  1.463491e+02 -1.243547e+02  1.510000e+00
   endloop
 endfacet
 facet normal  0.000000e+00  0.000000e+00  1.000000e+00
   outer loop
     vertex  1.596144e+02 -5.668855e+01  1.510000e+00
     vertex  1.414153e+02 -5.445467e+01  1.510000e+00
     vertex  1.597335e+02 -5.687816e+01  1.510000e+00
   endloop
 endfacet
 facet normal  0.000000e+00  0.000000e+00  1.000000e+00
   outer loop
     vertex  1.602928e+02 -5.722959e+01  1.510000e+00
     vertex  1.463491e+02 -1.243547e+02  1.510000e+00
     vertex  1.466039e+02 -1.243877e+02  1.510000e+00
   endloop
 endfacet
 facet normal  0.000000e+00  0.000000e+00  1.000000e+00
   outer loop
     vertex  1.602928e+02 -5.722959e+01  1.510000e+00
     vertex  1.600814e+02 -5.715564e+01  1.510000e+00
     vertex  1.463491e+02 -1.243547e+02  1.510000e+00
   endloop
 endfacet
 facet normal  0.000000e+00  0.000000e+00  1.000000e+00
   outer loop
     vertex  1.605153e+02 -5.725467e+01  1.510000e+00
     vertex  1.468418e+02 -1.244845e+02  1.510000e+00
     vertex  1.846153e+02 -1.213104e+02  1.510000e+00
   endloop
 endfacet
 facet normal  0.000000e+00  0.000000e+00  1.000000e+00
   outer loop
     vertex  1.605153e+02 -5.725467e+01  1.510000e+00
     vertex  1.602928e+02 -5.722959e+01  1.510000e+00
     vertex  1.466039e+02 -1.243877e+02  1.510000e+00
   endloop
 endfacet
 facet normal  0.000000e+00  0.000000e+00  1.000000e+00
   outer loop
     vertex  1.605153e+02 -5.725467e+01  1.510000e+00
     vertex  1.466039e+02 -1.243877e+02  1.510000e+00
     vertex  1.468418e+02 -1.244845e+02  1.510000e+00
   endloop
 endfacet
 facet normal  0.000000e+00  0.000000e+00  1.000000e+00
   outer loop
     vertex  1.585153e+02 -5.445467e+01  1.510000e+00
     vertex  1.414153e+02 -5.445467e+01  1.510000e+00
     vertex  1.596144e+02 -5.668855e+01  1.510000e+00
   endloop
 endfacet
 facet normal  0.000000e+00  0.000000e+00  1.000000e+00
   outer loop
     vertex  1.585153e+02 -5.445467e+01  1.510000e+00
     vertex  1.595404e+02 -5.647719e+01  1.510000e+00
     vertex  1.595153e+02 -5.625467e+01  1.510000e+00
   endloop
 endfacet
 facet normal  0.000000e+00  0.000000e+00  1.000000e+00
   outer loop
     vertex  1.585153e+02 -5.445467e+01  1.510000e+00
     vertex  1.596144e+02 -5.668855e+01  1.510000e+00
     vertex  1.595404e+02 -5.647719e+01  1.510000e+00
   endloop
 endfacet
 facet normal  0.000000e+00  0.000000e+00  1.000000e+00
   outer loop
     vertex  1.595153e+02 -5.545467e+01  1.510000e+00
     vertex  1.585153e+02 -5.445467e+01  1.510000e+00
     vertex  1.595153e+02 -5.625467e+01  1.510000e+00
   endloop
 endfacet
 facet normal  0.000000e+00  0.000000e+00  1.000000e+00
   outer loop
     vertex  1.594163e+02 -5.502078e+01  1.510000e+00
     vertex  1.595153e+02 -5.545467e+01  1.510000e+00
     vertex  1.594903e+02 -5.523215e+01  1.510000e+00
   endloop
 endfacet
 facet normal  0.000000e+00  0.000000e+00  1.000000e+00
   outer loop
     vertex  1.589492e+02 -5.455370e+01  1.510000e+00
     vertex  1.587379e+02 -5.447974e+01  1.510000e+00
     vertex  1.585153e+02 -5.445467e+01  1.510000e+00
   endloop
 endfacet
 facet normal  0.000000e+00  0.000000e+00  1.000000e+00
   outer loop
     vertex  1.589492e+02 -5.455370e+01  1.510000e+00
     vertex  1.585153e+02 -5.445467e+01  1.510000e+00
     vertex  1.595153e+02 -5.545467e+01  1.510000e+00
   endloop
 endfacet
 facet normal  0.000000e+00  0.000000e+00  1.000000e+00
   outer loop
     vertex  1.591388e+02 -5.467283e+01  1.510000e+00
     vertex  1.594163e+02 -5.502078e+01  1.510000e+00
     vertex  1.592972e+02 -5.483118e+01  1.510000e+00
   endloop
 endfacet
 facet normal  0.000000e+00  0.000000e+00  1.000000e+00
   outer loop
     vertex  1.591388e+02 -5.467283e+01  1.510000e+00
     vertex  1.595153e+02 -5.545467e+01  1.510000e+00
     vertex  1.594163e+02 -5.502078e+01  1.510000e+00
   endloop
 endfacet
 facet normal  0.000000e+00  0.000000e+00  1.000000e+00
   outer loop
     vertex  1.591388e+02 -5.467283e+01  1.510000e+00
     vertex  1.589492e+02 -5.455370e+01  1.510000e+00
     vertex  1.595153e+02 -5.545467e+01  1.510000e+00
   endloop
 endfacet
 facet normal  0.000000e+00  0.000000e+00  1.000000e+00
   outer loop
     vertex  1.845847e+02 -6.308960e+01  1.510000e+00
     vertex  1.605153e+02 -5.725467e+01  1.510000e+00
     vertex  1.846153e+02 -1.213104e+02  1.510000e+00
   endloop
 endfacet
 facet normal  0.000000e+00  0.000000e+00  1.000000e+00
   outer loop
     vertex  1.787556e+02 -5.725467e+01  1.510000e+00
     vertex  1.605153e+02 -5.725467e+01  1.510000e+00
     vertex  1.845847e+02 -6.308960e+01  1.510000e+00
   endloop
 endfacet
 facet normal  0.000000e+00  0.000000e+00  1.000000e+00
   outer loop
     vertex  1.793116e+02 -5.742347e+01  1.510000e+00
     vertex  1.791386e+02 -5.733091e+01  1.510000e+00
     vertex  1.789509e+02 -5.727391e+01  1.510000e+00
   endloop
 endfacet
 facet normal  0.000000e+00  0.000000e+00  1.000000e+00
   outer loop
     vertex  1.842922e+02 -6.238349e+01  1.510000e+00
     vertex  1.787556e+02 -5.725467e+01  1.510000e+00
     vertex  1.845847e+02 -6.308960e+01  1.510000e+00
   endloop
 endfacet
 facet normal  0.000000e+00  0.000000e+00  1.000000e+00
   outer loop
     vertex  1.842922e+02 -6.238349e+01  1.510000e+00
     vertex  1.845506e+02 -6.283118e+01  1.510000e+00
     vertex  1.844508e+02 -6.259035e+01  1.510000e+00
   endloop
 endfacet
 facet normal  0.000000e+00  0.000000e+00  1.000000e+00
   outer loop
     vertex  1.842922e+02 -6.238349e+01  1.510000e+00
     vertex  1.845847e+02 -6.308960e+01  1.510000e+00
     vertex  1.845506e+02 -6.283118e+01  1.510000e+00
   endloop
 endfacet
 facet normal  0.000000e+00  0.000000e+00  1.000000e+00
   outer loop
     vertex  1.794632e+02 -5.754803e+01  1.510000e+00
     vertex  1.787556e+02 -5.725467e+01  1.510000e+00
     vertex  1.842922e+02 -6.238349e+01  1.510000e+00
   endloop
 endfacet
 facet normal  0.000000e+00  0.000000e+00  1.000000e+00
   outer loop
     vertex  1.794632e+02 -5.754803e+01  1.510000e+00
     vertex  1.793116e+02 -5.742347e+01  1.510000e+00
     vertex  1.789509e+02 -5.727391e+01  1.510000e+00
   endloop
 endfacet
 facet normal  0.000000e+00  0.000000e+00  1.000000e+00
   outer loop
     vertex  1.794632e+02 -5.754803e+01  1.510000e+00
     vertex  1.789509e+02 -5.727391e+01  1.510000e+00
     vertex  1.787556e+02 -5.725467e+01  1.510000e+00
   endloop
 endfacet
endsolid
